Vehicle Type,Make,Model,Year,Price,Milleage,District,published date,Vehicle URL
Car,Toyota,Roomy,2023,"Rs. 8,100,000",101000,Nugegoda,Yesterday,https://riyasewana.com/buy/toyota-roomy-sale-nugegoda-11403408
Car,Isuzu,Isuzu,2019,Negotiable,260000,Kadawatha,7h ago,https://riyasewana.com/buy/isuzu-isuzu-sale-kadawatha-11405467
Car,Bajaj,RE,2013,"Rs. 1,455,000",65000,Nugegoda,Mar 25,https://riyasewana.com/buy/bajaj-re-sale-nugegoda-11394040
Car,BMW,X5,2016,"Rs. 25,500,000",83000,Colombo,Yesterday,https://riyasewana.com/buy/bmw-x5-sale-colombo-11402598
Car,Honda,Dio,2016,Negotiable,123456,Negombo,Just now,https://riyasewana.com/buy/honda-dio-sale-negombo-11408534
Car,Toyota,Town Ace,1990,"Rs. 3,400,000",,Kandy,Just now,https://riyasewana.com/buy/toyota-town-ace-sale-kandy-11408533
Car,Suzuki,Alto,2015,"Rs. 3,550,000",118179,Kandy,Just now,https://riyasewana.com/buy/suzuki-alto-sale-kandy-11408531
Car,FAW,Dolphin 113,1994,"Rs. 6,600,000",1600000,Kurunegala,Just now,https://riyasewana.com/buy/faw-dolphin-113-sale-kurunegala-11408530
Car,Toyota,IST,2008,Negotiable,,Avissawella,Just now,https://riyasewana.com/buy/toyota-ist-sale-avissawella-11408529
Car,Audi,Q3 TFSI,2016,"Rs. 14,500,000",83500,Dehiwala-Mt,Just now,https://riyasewana.com/buy/audi-q3-tfsi-sale-dehiwala-mount-lavinia-11408528
Car,Suzuki,Alto,2015,"Rs. 3,550,000",118179,Kandy,Just now,https://riyasewana.com/buy/suzuki-alto-sale-kandy-11408518
Car,Toyota,Vitz,2007,"Rs. 5,390,000",143685,Mirigama,1m ago,https://riyasewana.com/buy/toyota-vitz-sale-mirigama-11408526
Car,Micro,REXTON W 20.,2016,"Rs. 10,500,000",105,Gampaha,2m ago,https://riyasewana.com/buy/micro-rexton-w-sale-gampaha-11408499
Car,Micro,REXTON W 20.,2015,"Rs. 10,500,000",105,Gampaha,2m ago,https://riyasewana.com/buy/micro-rexton-w-sale-gampaha-11408494
Car,Hero,ISmart,2017,"Rs. 225,000",45000,Pannipitiya,2m ago,https://riyasewana.com/buy/hero-ismart-sale-pannipitiya-11408524
Car,Mazda,Bongo,2003,"Rs. 5,000,000",150000,Wennappuwa,2m ago,https://riyasewana.com/buy/mazda-bongo-sale-wennappuwa-11408523
Car,Toyota,KR42 Noah Town Ace,2001,Negotiable,139000,Chilaw,2m ago,https://riyasewana.com/buy/toyota-kr42-noah-sale-chilaw-11408522
Car,Mitsubishi,Delica-L300,1984,"Rs. 2,590,000",,Kalutara,2m ago,https://riyasewana.com/buy/mitsubishi-delica-l300-sale-kalutara-11408521
Car,Toyota,CHR NGX-10 GT 75000km,2018,"Rs. 13,500,000",75000,Colombo,2m ago,https://riyasewana.com/buy/toyota-chr-ngx-10-sale-colombo-11408520
Car,Land-Rover,Discovery 1,1994,"Rs. 6,300,000",170000,Kegalle,2m ago,https://riyasewana.com/buy/land-rover-discovery-1-sale-kegalle-11408519
Car,Yamaha,FZ-S,2015,"Rs. 725,000",,Mirigama,2m ago,https://riyasewana.com/buy/yamaha-fz-s-sale-mirigama-11408382
Car,Micro,Panda,2016,"Rs. 3,250,000",50100,Colombo,3m ago,https://riyasewana.com/buy/micro-panda-sale-colombo-11408517
Car,Suzuki,Every Join,2024,"Rs. 8,250,000",270,Colombo,3m ago,https://riyasewana.com/buy/suzuki-every-join-sale-colombo-11408516
Car,Micro,TIVOLI,2016,"Rs. 8,300,000",44000,Kandy,4m ago,https://riyasewana.com/buy/micro-tivoli-sale-kandy-11408515
Car,Bajaj,2 Stroke,1998,"Rs. 425,000",,Panadura,4m ago,https://riyasewana.com/buy/bajaj-2-stroke-sale-panadura-11408514
Car,Honda,Civic Es8,2002,"Rs. 5,500,000",240000,Kandy,4m ago,https://riyasewana.com/buy/honda-civic-es8-sale-kandy-11408513
Car,Hero,Splendor,2008,"Rs. 175,000",110,Nittambuwa,4m ago,https://riyasewana.com/buy/hero-splendor-sale-nittambuwa-11408512
Car,Suzuki,Every PA Limited Safety Package,2025,"Rs. 7,125,000",2719,Harispattuwa,4m ago,https://riyasewana.com/buy/suzuki-every-pa-sale-harispattuwa-11408511
Car,Toyota,Premio G Superior With Electric Seats And Stop,2016,Negotiable,150000,Ja-Ela,5m ago,https://riyasewana.com/buy/toyota-premio-g-sale-ja-ela-11408508
Car,Bajaj,Discover 135,2008,Negotiable,1234,Kurunegala,6m ago,https://riyasewana.com/buy/bajaj-discover-135-sale-kurunegala-11408507
Car,Mahindra,Jeeto,2015,"Rs. 1,690,000",54895,Gampaha,6m ago,https://riyasewana.com/buy/mahindra-jeeto-sale-gampaha-11408504
Car,Bajaj,RE,2002,"Rs. 575,000",1,Kandana,7m ago,https://riyasewana.com/buy/bajaj-re-sale-kandana-11408503
Car,Toyota,Coaster,2006,"Rs. 13,950,000",220000,Kegalle,8m ago,https://riyasewana.com/buy/toyota-coaster-sale-kegalle-11408501
Car,Honda,FIT Aria,2006,"Rs. 4,800,000",168000,Kottawa,8m ago,https://riyasewana.com/buy/honda-fit-aria-sale-kottawa-11408500
Car,Tata,Safari,2002,"Rs. 1,950,000",100000,Puttalam,8m ago,https://riyasewana.com/buy/tata-safari-sale-puttalam-11408498
Car,Nissan,March K11,2003,"Rs. 3,250,000",169000,Kottawa,8m ago,https://riyasewana.com/buy/nissan-march-k11-sale-kottawa-11408497
Car,Tata,Ace Dimo Batta,2007,"Rs. 1,275,000",46500,Mahiyanganaya,9m ago,https://riyasewana.com/buy/tata-ace-dimo-sale-mahiyanganaya-11408496
Car,Chery,QQ 308,2011,"Rs. 1,950,000",56000,Ratnapura,9m ago,https://riyasewana.com/buy/chery-qq-308-sale-ratnapura-11408495
Car,Toyota,Corona AT170,1991,"Rs. 2,375,000",220000,Homagama,10m ago,https://riyasewana.com/buy/toyota-corona-at170-sale-homagama-11408493
Car,Bajaj,2 Stroke,2006,"Rs. 680,000",10000,Gampaha,10m ago,https://riyasewana.com/buy/bajaj-2-stroke-sale-gampaha-11408492
Car,Honda,Hornet,2008,"Rs. 1,490,000",60000,Horana,10m ago,https://riyasewana.com/buy/honda-hornet-sale-horana-11408491
Car,Suzuki,BURGMAN,2026,"Rs. 1,050,000",800,Mawanella,11m ago,https://riyasewana.com/buy/suzuki-burgman-sale-mawanella-11408490
Car,Suzuki,Maruti,1996,"Rs. 1,350,000",1111,Kalutara,11m ago,https://riyasewana.com/buy/suzuki-maruti-sale-kalutara-11408489
Car,BMW,520I,2003,"Rs. 11,000,000",125000,Malabe,11m ago,https://riyasewana.com/buy/bmw-520i-sale-malabe-11408488
Van,Nissan,Dayz Highway Star X Propilot Edition,2024,"Rs. 7,100,000",35000,Colombo,Mar 26,https://riyasewana.com/buy/nissan-dayz-highway-sale-colombo-11397680
Van,Mazda,3,2009,"Rs. 7,400,000",80000,Nawala,6h ago,https://riyasewana.com/buy/mazda-3-sale-nawala-11406094
Van,Honda,Super Cub,2006,"Rs. 315,000",2500,Colombo,Mar 25,https://riyasewana.com/buy/honda-super-cub-sale-colombo-11393392
Van,Yamaha,FZ-S,2016,"Rs. 730,000",44000,Chilaw,Mar 26,https://riyasewana.com/buy/yamaha-fz-s-sale-chilaw-11396027
Pickup,Nissan,X-Trail,2012,"Rs. 9,500,000",124000,Kaduwela,8h ago,https://riyasewana.com/buy/nissan-x-trail-sale-kaduwela-11404897
Pickup,Micro,Kinglong,2016,Negotiable,300000,Colombo,Mar 25,https://riyasewana.com/buy/micro-kinglong-sale-colombo-11394007
Pickup,Range-Rover,Voguebiography,2020,Negotiable,26000,Ja-Ela,Mar 20,https://riyasewana.com/buy/range-rover-voguebiography-sale-ja-ela-11366845
Pickup,Bajaj,Discover,2012,"Rs. 265,000",50000,Kiribathgoda,Yesterday,https://riyasewana.com/buy/bajaj-discover-sale-kiribathgoda-11400344
Pickup,Honda,Dio,2016,Negotiable,123456,Negombo,Just now,https://riyasewana.com/buy/honda-dio-sale-negombo-11408537
Pickup,Toyota,LH 103,1995,"Rs. 9,275,000",1,Kandy,Just now,https://riyasewana.com/buy/toyota-lh-103-sale-kandy-11408536
SUV,Toyota,Vitz,2015,"Rs. 6,900,000",157000,Kurunegala,Mar 26,https://riyasewana.com/buy/toyota-vitz-sale-kurunegala-11396590
SUV,Nissan,Dayz Highway Star G Pro Pilot,2025,"Rs. 8,650,000",1,Kadawatha,Mar 21,https://riyasewana.com/buy/nissan-dayz-highway-sale-kadawatha-11372759
SUV,Honda,Dio,2017,"Rs. 555,000",27000,Moneragala,Just now,https://riyasewana.com/buy/honda-dio-sale-moneragala-11408538
