Title,Price,Year,Fuel,Engine,Transmission,Posted,URL,Page,Source,Full_Text,Price_Numeric
BMW 520d 2013 Car,"Rs. 19,000,000",2013,,,,,https://riyasewana.com/buy/bmw-520d-sale-colombo-10869167,1,li,"BMW 520d 2013 Car Colombo Rs. 19,000,000 145500 (km) 2025-12-09",19000000
Bajaj Discover 2013 Motorbike,"Rs. 295,000",2013,,,,,https://riyasewana.com/buy/bajaj-discover-sale-kotte-10893506,1,li,"Bajaj Discover 2013 Motorbike Kotte Rs. 295,000 60000 (km) 2025-12-14",295000
Daihatsu Mira E.S L SA 3 2025 Car,"Rs. 7,150,000",2025,,,,,https://riyasewana.com/buy/daihatsu-mira-e-s-sale-nugegoda-10888727,1,li,"Daihatsu Mira E.S L SA 3 2025 Car Nugegoda Rs. 7,150,000 3000 (km) 2025-12-13",7150000
Toyota Premio 2007 Car,"Rs. 8,900,000",2007,,,,,https://riyasewana.com/buy/toyota-premio-sale-colombo-10851547,1,li,"Toyota Premio 2007 Car Colombo Rs. 8,900,000 215000 (km) 2025-12-06",8900000
Toyota Aqua 2012 Car,"Rs. 7,850,000",2012,,,,,https://riyasewana.com/buy/toyota-aqua-sale-colombo-10894730,1,li,"Toyota Aqua 2012 Car Colombo Rs. 7,850,000 130000 (km) 2025-12-14",7850000
Bajaj RE 2015 Three Wheel,"Rs. 1,450,000",2015,,,,,https://riyasewana.com/buy/bajaj-re-sale-bandaragama-10894729,1,li,"Bajaj RE 2015 Three Wheel Bandaragama Rs. 1,450,000 80000 (km) 2025-12-14",1450000
Yadea Yadiya 2024 Motorbike,"Rs. 275,000",2024,,,,,https://riyasewana.com/buy/yadea-yadiya-sale-kegalle-10894728,1,li,"Yadea Yadiya 2024 Motorbike Kegalle Rs. 275,000 2025-12-14",275000
Toyota Vios 2008 Car,"Rs. 6,800,000",2008,,,,,https://riyasewana.com/buy/toyota-vios-sale-kandy-10894727,1,li,"Toyota Vios 2008 Car Kandy Rs. 6,800,000 150000 (km) 2025-12-14",6800000
Yamaha V90 1997 Motorbike,"Rs. 118,000",1997,,,,,https://riyasewana.com/buy/yamaha-v90-sale-kandy-10894726,1,li,"Yamaha V90 1997 Motorbike Kandy Rs. 118,000 2025-12-14",118000
Suzuki Wagon R Stingray 2014 Car,"Rs. 5,625,000",2014,,,,,https://riyasewana.com/buy/suzuki-wagon-r-sale-panadura-10894725,1,li,"Suzuki Wagon R Stingray 2014 Car Panadura Rs. 5,625,000 130000 (km) 2025-12-14",5625000
Suzuki ALTO 2015 Car,"Rs. 3,590,000",2015,,,,,https://riyasewana.com/buy/suzuki-alto-sale-galle-10894724,1,li,"Suzuki ALTO 2015 Car Galle Rs. 3,590,000 110000 (km) 2025-12-14",3590000
Yamaha Ray Zr 2025 Motorbike,"Rs. 689,900",2025,,,,,https://riyasewana.com/buy/yamaha-ray-zr-sale-trincomalee-10894723,1,li,"Yamaha Ray Zr 2025 Motorbike Trincomalee Rs. 689,900 2025-12-14",689900
Toyota Aqua X Urban 2015 Car,,2015,,,,,https://riyasewana.com/buy/toyota-aqua-x-sale-jaffna-10894721,1,li,Toyota Aqua X Urban 2015 Car Jaffna Negotiable 98000 (km) 2025-12-14,0
Nissan Fb 14 1996 Car,"Rs. 2,925,000",1996,,,,,https://riyasewana.com/buy/nissan-fb-14-sale-matugama-10894720,1,li,"Nissan Fb 14 1996 Car Matugama Rs. 2,925,000 2025-12-14",2925000
Honda Grazia 2018 Motorbike,"Rs. 535,000",2018,,,,,https://riyasewana.com/buy/honda-grazia-sale-tangalle-10894719,1,li,"Honda Grazia 2018 Motorbike Tangalle Rs. 535,000 35500 (km) 2025-12-14",535000
Toyota Axio G Grade 2008 Car,,2008,,,,,https://riyasewana.com/buy/toyota-axio-g-sale-nugegoda-10894718,1,li,Toyota Axio G Grade 2008 Car Nugegoda Negotiable 153000 (km) 2025-12-14,0
Toyota Hiace 109 1993 Van,"Rs. 7,325,000",1993,,,,,https://riyasewana.com/buy/toyota-hiace-109-sale-mawanella-10894717,1,li,"Toyota Hiace 109 1993 Van Mawanella Rs. 7,325,000 2025-12-14",7325000
Yamaha Tw 225 2014 Motorbike,"Rs. 885,000",2014,,,,,https://riyasewana.com/buy/yamaha-tw-225-sale-badulla-10894716,1,li,"Yamaha Tw 225 2014 Motorbike Badulla Rs. 885,000 29000 (km) 2025-12-14",885000
Suzuki Hustler 2025 Car,"Rs. 7,950,000",2025,,,,,https://riyasewana.com/buy/suzuki-hustler-sale-kandy-10894715,1,li,"Suzuki Hustler 2025 Car Kandy Rs. 7,950,000 450 (km) 2025-12-14",7950000
Toyota Belta 1300 CC 2008 Car,"Rs. 6,500,000",2008,,1300 CC,,,https://riyasewana.com/buy/toyota-belta-1300-sale-kottawa-10894714,1,li,"Toyota Belta 1300 CC 2008 Car Kottawa Rs. 6,500,000 148000 (km) 2025-12-14",6500000
Toyota Premio 2019 Car,"Rs. 17,800,000",2019,,,,,https://riyasewana.com/buy/toyota-premio-sale-nugegoda-10894713,1,li,"Toyota Premio 2019 Car Nugegoda Rs. 17,800,000 54000 (km) 2025-12-14",17800000
Toyota Hiace 109 1993 Van,"Rs. 7,325,000",1993,,,,,https://riyasewana.com/buy/toyota-hiace-109-sale-mawanella-10894711,1,li,"Toyota Hiace 109 1993 Van Mawanella Rs. 7,325,000 2025-12-14",7325000
Honda Vezel Z Orange Package 2015 Car,"Rs. 9,875,000",2015,,,,,https://riyasewana.com/buy/honda-vezel-z-sale-nugegoda-10894710,1,li,"Honda Vezel Z Orange Package 2015 Car Nugegoda Rs. 9,875,000 135000 (km) 2025-12-14",9875000
Toyota Hiace 109 1993 Van,"Rs. 7,325,000",1993,,,,,https://riyasewana.com/buy/toyota-hiace-109-sale-mawanella-10894709,1,li,"Toyota Hiace 109 1993 Van Mawanella Rs. 7,325,000 2025-12-14",7325000
Honda 48cc 2020 Motorbike,"Rs. 165,000",2020,,48cc,,,https://riyasewana.com/buy/honda-48cc-sale-kandy-10894708,1,li,"Honda 48cc 2020 Motorbike Kandy Rs. 165,000 140 (km) 2025-12-14",165000
Suzuki Burgman 2019 Motorbike,"Rs. 475,000",2019,,,,,https://riyasewana.com/buy/suzuki-burgman-sale-mirigama-10894706,1,li,"Suzuki Burgman 2019 Motorbike Mirigama Rs. 475,000 2025-12-14",475000
Honda Gp1 Moon Roof 2013 Car,,2013,,,,,https://riyasewana.com/buy/honda-gp1-moon-sale-galle-10894705,1,li,Honda Gp1 Moon Roof 2013 Car Galle Negotiable 144000 (km) 2025-12-14,0
Honda Grace Ex 2015 Car,"Rs. 8,775,000",2015,,,,,https://riyasewana.com/buy/honda-grace-ex-sale-kandy-10894703,1,li,"Honda Grace Ex 2015 Car Kandy Rs. 8,775,000 160 (km) 2025-12-14",8775000
Toyota Premio G Superior 2011 Car,"Rs. 9,975,000",2011,,,,,https://riyasewana.com/buy/toyota-premio-g-sale-nugegoda-10894702,1,li,"Toyota Premio G Superior 2011 Car Nugegoda Rs. 9,975,000 166500 (km) 2025-12-14",9975000
Toyota Townace CR26 1985 Van,"Rs. 2,450,000",1985,,,,,https://riyasewana.com/buy/toyota-townace-cr26-sale-divulapitiya-10894700,1,li,"Toyota Townace CR26 1985 Van Divulapitiya Rs. 2,450,000 1111 (km) 2025-12-14",2450000
Toyota Aqua 2014 Car,,2014,,,,,https://riyasewana.com/buy/toyota-aqua-sale-gampaha-10894699,1,li,Toyota Aqua 2014 Car Gampaha Negotiable 49000 (km) 2025-12-14,0
Suzuki ALTO 2015 Car,"Rs. 3,600,000",2015,,,,,https://riyasewana.com/buy/suzuki-alto-sale-galle-10894698,1,li,"Suzuki ALTO 2015 Car Galle Rs. 3,600,000 133000 (km) 2025-12-14",3600000
Bajaj RE 2006 Three Wheel,"Rs. 820,000",2006,,,,,https://riyasewana.com/buy/bajaj-re-sale-matale-10894697,1,li,"Bajaj RE 2006 Three Wheel Matale Rs. 820,000 2025-12-14",820000
Nissan N16 Super Saloon N17 2011 Car,"Rs. 4,800,000",2011,,,,,https://riyasewana.com/buy/nissan-n16-super-sale-homagama-10894696,1,li,"Nissan N16 Super Saloon N17 2011 Car Homagama Rs. 4,800,000 240000 (km) 2025-12-14",4800000
Suzuki Wagon R Stingray 2018 Car,"Rs. 6,900,000",2018,,,,,https://riyasewana.com/buy/suzuki-wagon-r-sale-kurunegala-10894695,1,li,"Suzuki Wagon R Stingray 2018 Car Kurunegala Rs. 6,900,000 39493 (km) 2025-12-14",6900000
Bajaj RE 2020 Three Wheel,"Rs. 1,685,000",2020,,,,,https://riyasewana.com/buy/bajaj-re-sale-gampaha-10894694,1,li,"Bajaj RE 2020 Three Wheel Gampaha Rs. 1,685,000 600000 (km) 2025-12-14",1685000
Hero Pleasure 2010 Motorbike,"Rs. 220,000",2010,,,,,https://riyasewana.com/buy/hero-pleasure-sale-kandy-10894692,1,li,"Hero Pleasure 2010 Motorbike Kandy Rs. 220,000 32154 (km) 2025-12-14",220000
Daihatsu Mira X Grade 2023 Car,"Rs. 6,650,000",2023,,,,,https://riyasewana.com/buy/daihatsu-mira-x-sale-kadawatha-10894691,1,li,"Daihatsu Mira X Grade 2023 Car Kadawatha Rs. 6,650,000 5000 (km) 2025-12-14",6650000
Toyota Noah Kr42 2002 Van,"Rs. 735,000",2002,,,,,https://riyasewana.com/buy/toyota-noah-kr42-sale-wennappuwa-10894690,1,li,"Toyota Noah Kr42 2002 Van Wennappuwa Rs. 735,000 3455 (km) 2025-12-14",735000
Volvo S40 2003 Car,"Rs. 4,880,000",2003,,,,,https://riyasewana.com/buy/volvo-s40-sale-kandy-10894689,1,li,"Volvo S40 2003 Car Kandy Rs. 4,880,000 167532 (km) 2025-12-14",4880000
Toyota Prius 2012 Car,,2012,,,,,https://riyasewana.com/buy/toyota-prius-sale-ja-ela-10894688,1,li,Toyota Prius 2012 Car Ja-Ela Negotiable 203000 (km) 2025-12-14,0
Toyota Belta 2011 Car,,2011,,,,,https://riyasewana.com/buy/toyota-belta-sale-gampaha-10894687,1,li,Toyota Belta 2011 Car Gampaha Negotiable 129500 (km) 2025-12-14,0
Nissan March 2003 Car,"Rs. 3,195,000",2003,,,,,https://riyasewana.com/buy/nissan-march-sale-matara-10894686,1,li,"Nissan March 2003 Car Matara Rs. 3,195,000 122000 (km) 2025-12-14",3195000
Bajaj 135 2010 Motorbike,"Rs. 340,000",2010,,,,,https://riyasewana.com/buy/bajaj-135-sale-kurunegala-10894685,1,li,"Bajaj 135 2010 Motorbike Kurunegala Rs. 340,000 12345 (km) 2025-12-14",340000
Suzuki Spacia Custom XS TURBO 2025 Car,,2025,,,,,https://riyasewana.com/buy/suzuki-spacia-custom-sale-kandy-10864008,2,li,Suzuki Spacia Custom XS TURBO 2025 Car Kandy Negotiable 350 (km) 2025-12-08,0
Daihatsu Mira Es Limited G Grade 2024 Car,,2024,,,,,https://riyasewana.com/buy/daihatsu-mira-es-sale-panadura-10894131,2,li,Daihatsu Mira Es Limited G Grade 2024 Car Panadura Negotiable 13500 (km) 2025-12-14,0
Daihatsu Mira X Limited LED Version 2023 Car,"Rs. 6,650,000",2023,,,,,https://riyasewana.com/buy/daihatsu-mira-x-sale-colombo-10891086,2,li,"Daihatsu Mira X Limited LED Version 2023 Car Colombo Rs. 6,650,000 10000 (km) 2025-12-14",6650000
Toyota Premio G Superior 2010 Car,,2010,,,,,https://riyasewana.com/buy/toyota-premio-g-sale-colombo-10891733,2,li,Toyota Premio G Superior 2010 Car Colombo Negotiable 160 (km) 2025-12-14,0
Toyota ROOMY CUSTOM G 2025 Car,"Rs. 11,600,000",2025,,,,,https://riyasewana.com/buy/toyota-roomy-custom-sale-kandy-10894626,2,li,"Toyota ROOMY CUSTOM G 2025 Car Kandy Rs. 11,600,000 2025-12-14",11600000
Suzuki Swift 2004 Car,"Rs. 4,500,000",2004,,,,,https://riyasewana.com/buy/suzuki-swift-sale-gampaha-10894625,2,li,"Suzuki Swift 2004 Car Gampaha Rs. 4,500,000 214000 (km) 2025-12-14",4500000
Toyota Vios 2003 Car,"Rs. 5,450,000",2003,,,,,https://riyasewana.com/buy/toyota-vios-sale-negombo-10894623,2,li,"Toyota Vios 2003 Car Negombo Rs. 5,450,000 183600 (km) 2025-12-14",5450000
Toyota Allion 240 2002 Car,"Rs. 6,325,000",2002,,,,,https://riyasewana.com/buy/toyota-allion-240-sale-chilaw-10894622,2,li,"Toyota Allion 240 2002 Car Chilaw Rs. 6,325,000 186500 (km) 2025-12-14",6325000
Suzuki Liana 2003 Car,"Rs. 3,200,000",2003,,,,,https://riyasewana.com/buy/suzuki-liana-sale-malabe-10894620,2,li,"Suzuki Liana 2003 Car Malabe Rs. 3,200,000 210000 (km) 2025-12-14",3200000
Suzuki Wagon R CUSTOM ZT TURBO 2024 Car,"Rs. 9,350,000",2024,,,,,https://riyasewana.com/buy/suzuki-wagon-r-sale-kandy-10894616,2,li,"Suzuki Wagon R CUSTOM ZT TURBO 2024 Car Kandy Rs. 9,350,000 1750 (km) 2025-12-14",9350000
Toyota Vitz Safety 2020 Car,,2020,,,,,https://riyasewana.com/buy/toyota-vitz-safety-sale-avissawella-10894613,2,li,Toyota Vitz Safety 2020 Car Avissawella Negotiable 92000 (km) 2025-12-14,0
Nissan March Ak11 2007 Car,"Rs. 4,400,000",2007,,,,,https://riyasewana.com/buy/nissan-march-ak11-sale-kadawatha-10894610,2,li,"Nissan March Ak11 2007 Car Kadawatha Rs. 4,400,000 108567 (km) 2025-12-14",4400000
Daihatsu Mira 2023 Car,"Rs. 6,100,000",2023,,,,,https://riyasewana.com/buy/daihatsu-mira-sale-kandy-10894608,2,li,"Daihatsu Mira 2023 Car Kandy Rs. 6,100,000 27000 (km) 2025-12-14",6100000
Suzuki Alto 2011 Car,"Rs. 3,200,000",2011,,,,,https://riyasewana.com/buy/suzuki-alto-sale-colombo-10894607,2,li,"Suzuki Alto 2011 Car Colombo Rs. 3,200,000 104900 (km) 2025-12-14",3200000
Kia Picanto Full Spec 2016 Car,"Rs. 5,390,000",2016,,,,,https://riyasewana.com/buy/kia-picanto-full-sale-colombo-10894605,2,li,"Kia Picanto Full Spec 2016 Car Colombo Rs. 5,390,000 57000 (km) 2025-12-14",5390000
Suzuki Alto 2014 Car,"Rs. 3,725,000",2014,,,,,https://riyasewana.com/buy/suzuki-alto-sale-kandy-10894602,2,li,"Suzuki Alto 2014 Car Kandy Rs. 3,725,000 72750 (km) 2025-12-14",3725000
Nissan FB15 2001 Car,"Rs. 3,975,000",2001,,,,,https://riyasewana.com/buy/nissan-fb15-sale-matale-10894599,2,li,"Nissan FB15 2001 Car Matale Rs. 3,975,000 186789 (km) 2025-12-14",3975000
Volkswagen Beetal 1958 Car,"Rs. 190,000",1958,,,,,https://riyasewana.com/buy/volkswagen-beetal-sale-bandaragama-10894590,2,li,"Volkswagen Beetal 1958 Car Bandaragama Rs. 190,000 2025-12-14",190000
Suzuki Celerio 2015 Car,"Rs. 4,790,000",2015,,,,,https://riyasewana.com/buy/suzuki-celerio-sale-nugegoda-10894582,2,li,"Suzuki Celerio 2015 Car Nugegoda Rs. 4,790,000 110000 (km) 2025-12-14",4790000
Suzuki Alto 800 LXI 2015 Car,"Rs. 3,650,000",2015,,800 L,,,https://riyasewana.com/buy/suzuki-alto-800-sale-matara-10894581,2,li,"Suzuki Alto 800 LXI 2015 Car Matara Rs. 3,650,000 115000 (km) 2025-12-14",3650000
Suzuki Alto Lxi 2015 Car,"Rs. 3,590,000",2015,,,,,https://riyasewana.com/buy/suzuki-alto-lxi-sale-galle-10894577,2,li,"Suzuki Alto Lxi 2015 Car Galle Rs. 3,590,000 112000 (km) 2025-12-14",3590000
Toyota AE100 SE LIMITED 1996 Car,,1996,,,,,https://riyasewana.com/buy/toyota-ae100-se-sale-homagama-10894573,2,li,Toyota AE100 SE LIMITED 1996 Car Homagama Negotiable 250000 (km) 2025-12-14,0
Toyota Aqua 2012 Car,"Rs. 7,250,000",2012,,,,,https://riyasewana.com/buy/toyota-aqua-sale-ratnapura-10894570,2,li,"Toyota Aqua 2012 Car Ratnapura Rs. 7,250,000 200000 (km) 2025-12-14",7250000
Suzuki WAGON R STINGRAY 2014 Car,"Rs. 5,690,000",2014,,,,,https://riyasewana.com/buy/suzuki-wagon-r-sale-kandy-10894565,2,li,"Suzuki WAGON R STINGRAY 2014 Car Kandy Rs. 5,690,000 1401500 (km) 2025-12-14",5690000
Suzuki Swift 2010 Car,"Rs. 6,390,000",2010,,,,,https://riyasewana.com/buy/suzuki-swift-sale-chilaw-10894564,2,li,"Suzuki Swift 2010 Car Chilaw Rs. 6,390,000 125000 (km) 2025-12-14",6390000
Suzuki Alto Lxi 2012 Car,"Rs. 3,025,000",2012,,,,,https://riyasewana.com/buy/suzuki-alto-lxi-sale-galle-10894563,2,li,"Suzuki Alto Lxi 2012 Car Galle Rs. 3,025,000 76500 (km) 2025-12-14",3025000
Toyota Allion 2007 Car,"Rs. 8,500,000",2007,,,,,https://riyasewana.com/buy/toyota-allion-sale-bentota-10894562,2,li,"Toyota Allion 2007 Car Bentota Rs. 8,500,000 114000 (km) 2025-12-14",8500000
Suzuki Wagon R 2017 Car,"Rs. 5,800,000",2017,,,,,https://riyasewana.com/buy/suzuki-wagon-r-sale-marawila-10894560,2,li,"Suzuki Wagon R 2017 Car Marawila Rs. 5,800,000 80000 (km) 2025-12-14",5800000
Nissan Trad Sunny HB12 1985 Car,"Rs. 1,750,000",1985,,,,,https://riyasewana.com/buy/nissan-trad-sunny-sale-mawanella-10894556,2,li,"Nissan Trad Sunny HB12 1985 Car Mawanella Rs. 1,750,000 200000 (km) 2025-12-14",1750000
Nissan Bluebird 1988 Car,"Rs. 450,000",1988,,,,,https://riyasewana.com/buy/nissan-bluebird-sale-tangalle-10894548,2,li,"Nissan Bluebird 1988 Car Tangalle Rs. 450,000 245800 (km) 2025-12-14",450000
Suzuki Wagon R Stingray Safety Hybrid 2018 Car,"Rs. 7,995,000",2018,Hybrid,,,,https://riyasewana.com/buy/suzuki-wagon-r-sale-horana-10894547,2,li,"Suzuki Wagon R Stingray Safety Hybrid 2018 Car Horana Rs. 7,995,000 24000 (km) 2025-12-14",7995000
Toyota Prius 2012 Car,"Rs. 8,900,000",2012,,,,,https://riyasewana.com/buy/toyota-prius-sale-moneragala-10894544,2,li,"Toyota Prius 2012 Car Moneragala Rs. 8,900,000 180000 (km) 2025-12-14",8900000
Toyota Vitz 3rd Edition 2019 Car,"Rs. 8,950,000",2019,,,,,https://riyasewana.com/buy/toyota-vitz-3rd-sale-kelaniya-10894538,2,li,"Toyota Vitz 3rd Edition 2019 Car Kelaniya Rs. 8,950,000 66000 (km) 2025-12-14",8950000
Suzuki Maruti 2008 Car,"Rs. 2,150,000",2008,,,,,https://riyasewana.com/buy/suzuki-maruti-sale-matara-10894537,2,li,"Suzuki Maruti 2008 Car Matara Rs. 2,150,000 65000 (km) 2025-12-14",2150000
Toyota Corolla 110 1997 Car,,1997,,,,,https://riyasewana.com/buy/toyota-corolla-110-sale-kuliyapitiya-10894533,2,li,Toyota Corolla 110 1997 Car Kuliyapitiya Negotiable 120000 (km) 2025-12-14,0
Suzuki ALTO JAPAN 2023 Car,"Rs. 685,000",2023,,,,,https://riyasewana.com/buy/suzuki-alto-japan-sale-horana-10894531,2,li,"Suzuki ALTO JAPAN 2023 Car Horana Rs. 685,000 9580 (km) 2025-12-14",685000
Audi A3 Sportback S Line 2023 Car,"Rs. 19,225,000",2023,,,,,https://riyasewana.com/buy/audi-a3-sportback-sale-colombo-10894524,2,li,"Audi A3 Sportback S Line 2023 Car Colombo Rs. 19,225,000 13500 (km) 2025-12-14",19225000
Toyota Aqua GS Sport 2014 Car,"Rs. 8,575,000",2014,,,,,https://riyasewana.com/buy/toyota-aqua-gs-sale-avissawella-10894523,2,li,"Toyota Aqua GS Sport 2014 Car Avissawella Rs. 8,575,000 65000 (km) 2025-12-14",8575000
Daihatsu MIRA X LIMITED 2024 Car,,2024,,,,,https://riyasewana.com/buy/daihatsu-mira-x-sale-horana-10894519,2,li,Daihatsu MIRA X LIMITED 2024 Car Horana Negotiable 2025-12-14,0
Daihatsu MIRA G GRADE 2024 Car,"Rs. 7,050,000",2024,,,,,https://riyasewana.com/buy/daihatsu-mira-g-sale-nugegoda-10894514,2,li,"Daihatsu MIRA G GRADE 2024 Car Nugegoda Rs. 7,050,000 2025-12-14",7050000
Toyota Corolla Ke55 1978 Car,"Rs. 455,000",1978,,,,,https://riyasewana.com/buy/toyota-corolla-ke55-sale-gampaha-10894513,2,li,"Toyota Corolla Ke55 1978 Car Gampaha Rs. 455,000 52412 (km) 2025-12-14",455000
Datsun B211 1987 Car,"Rs. 1,275,000",1987,,,,,https://riyasewana.com/buy/datsun-b211-sale-panadura-10894507,2,li,"Datsun B211 1987 Car Panadura Rs. 1,275,000 2025-12-14",1275000
Nissan FB13 1992 Car,"Rs. 2,150,000",1992,,,,,https://riyasewana.com/buy/nissan-fb13-sale-bandaragama-10894506,2,li,"Nissan FB13 1992 Car Bandaragama Rs. 2,150,000 2025-12-14",2150000
Toyota Passo Moda 2016 Car,"Rs. 6,950,000",2016,,,,,https://riyasewana.com/buy/toyota-passo-moda-sale-matara-10894505,2,li,"Toyota Passo Moda 2016 Car Matara Rs. 6,950,000 55000 (km) 2025-12-14",6950000
Toyota Axio 2016 Car,,2016,,,,,https://riyasewana.com/buy/toyota-axio-sale-kandy-10888530,3,li,Toyota Axio 2016 Car Kandy Negotiable 165342 (km) 2025-12-13,0
Toyota PASSO 2009 Car,"Rs. 5,250,000",2009,,,,,https://riyasewana.com/buy/toyota-passo-sale-dompe-10871427,3,li,"Toyota PASSO 2009 Car Dompe Rs. 5,250,000 116500 (km) 2025-12-10",5250000
Nissan Dayz Highway Star X Hybrid 2024 Car,"Rs. 8,350,000",2024,Hybrid,,,,https://riyasewana.com/buy/nissan-dayz-highway-sale-colombo-10891093,3,li,"Nissan Dayz Highway Star X Hybrid 2024 Car Colombo Rs. 8,350,000 4000 (km) 2025-12-14",8350000
Toyota PRIUS 4th Generation W50 2016 Car,"Rs. 14,200,000",2016,,,,,https://riyasewana.com/buy/toyota-prius-4th-sale-kandana-10882922,3,li,"Toyota PRIUS 4th Generation W50 2016 Car Kandana Rs. 14,200,000 122000 (km) 2025-12-12",14200000
Toyota Premio NZT260 G SUPERIOR 2019 Car,"Rs. 17,500,000",2019,,,,,https://riyasewana.com/buy/toyota-premio-nzt260-sale-battaramulla-10894503,3,li,"Toyota Premio NZT260 G SUPERIOR 2019 Car Battaramulla Rs. 17,500,000 53500 (km) 2025-12-14",17500000
Toyota Prius 2011 Car,"Rs. 8,750,000",2011,,,,,https://riyasewana.com/buy/toyota-prius-sale-piliyandala-10894500,3,li,"Toyota Prius 2011 Car Piliyandala Rs. 8,750,000 198000 (km) 2025-12-14",8750000
Nissan FB14 1994 Car,"Rs. 2,790,000",1994,,,,,https://riyasewana.com/buy/nissan-fb14-sale-matara-10894498,3,li,"Nissan FB14 1994 Car Matara Rs. 2,790,000 170000 (km) 2025-12-14",2790000
Honda Fit Gp1 Navi Premium 2012 Car,"Rs. 6,450,000",2012,,,,,https://riyasewana.com/buy/honda-fit-gp1-sale-kesbewa-10894495,3,li,"Honda Fit Gp1 Navi Premium 2012 Car Kesbewa Rs. 6,450,000 169000 (km) 2025-12-14",6450000
Toyota Vitz 2019 Car,"Rs. 8,975,000",2019,,,,,https://riyasewana.com/buy/toyota-vitz-sale-kegalle-10894488,3,li,"Toyota Vitz 2019 Car Kegalle Rs. 8,975,000 39900 (km) 2025-12-14",8975000
Volkswagen Polo R-Line 2023 Car,"Rs. 12,950,000",2023,,,,,https://riyasewana.com/buy/volkswagen-polo-r-line-sale-colombo-10894478,3,li,"Volkswagen Polo R-Line 2023 Car Colombo Rs. 12,950,000 20000 (km) 2025-12-14",12950000
Honda Grace Ex 2015 Car,,2015,,,,,https://riyasewana.com/buy/honda-grace-ex-sale-kandy-10894477,3,li,Honda Grace Ex 2015 Car Kandy Negotiable 123000 (km) 2025-12-14,0
Toyota Premio G Superior 2019 Car,"Rs. 17,600,000",2019,,,,,https://riyasewana.com/buy/toyota-premio-g-sale-negombo-10894472,3,li,"Toyota Premio G Superior 2019 Car Negombo Rs. 17,600,000 48000 (km) 2025-12-14",17600000
Perodua Viva Elite 2011 Car,"Rs. 4,250,000",2011,,,,,https://riyasewana.com/buy/perodua-viva-elite-sale-galle-10894471,3,li,"Perodua Viva Elite 2011 Car Galle Rs. 4,250,000 112000 (km) 2025-12-14",4250000
Suzuki Alto 2015 Car,"Rs. 3,790,000",2015,,,,,https://riyasewana.com/buy/suzuki-alto-sale-hanwella-10894470,3,li,"Suzuki Alto 2015 Car Hanwella Rs. 3,790,000 101000 (km) 2025-12-14",3790000
Toyota Vitz 2008 Car,,2008,,,,,https://riyasewana.com/buy/toyota-vitz-sale-colombo-10894466,3,li,Toyota Vitz 2008 Car Colombo Negotiable 1 (km) 2025-12-14,0
Toyota Allion 260 2013 Car,"Rs. 10,800,000",2013,,,,,https://riyasewana.com/buy/toyota-allion-260-sale-ragama-10894463,3,li,"Toyota Allion 260 2013 Car Ragama Rs. 10,800,000 180000 (km) 2025-12-14",10800000
Nissan FB13 Doctor Sunny 1993 Car,"Rs. 2,075,000",1993,,,,,https://riyasewana.com/buy/nissan-fb13-doctor-sale-chilaw-10894455,3,li,"Nissan FB13 Doctor Sunny 1993 Car Chilaw Rs. 2,075,000 1234 (km) 2025-12-14",2075000
Suzuki Wagon R Stingray 2014 Car,"Rs. 5,690,000",2014,,,,,https://riyasewana.com/buy/suzuki-wagon-r-sale-panadura-10894454,3,li,"Suzuki Wagon R Stingray 2014 Car Panadura Rs. 5,690,000 100000 (km) 2025-12-14",5690000
Volkswagen Passat B5.5 2001 Car,,2001,,,,,https://riyasewana.com/buy/volkswagen-passat-b5-5-sale-kegalle-10894445,3,li,Volkswagen Passat B5.5 2001 Car Kegalle Negotiable 160000 (km) 2025-12-14,0
Suzuki Maruti Esteem 1998 Car,"Rs. 1,850,000",1998,,,,,https://riyasewana.com/buy/suzuki-maruti-esteem-sale-kaduwela-10894439,3,li,"Suzuki Maruti Esteem 1998 Car Kaduwela Rs. 1,850,000 100000 (km) 2025-12-14",1850000
Toyota ALLION 240 2006 Car,,2006,,,,,https://riyasewana.com/buy/toyota-allion-240-sale-bandarawela-10894438,3,li,Toyota ALLION 240 2006 Car Bandarawela Negotiable 165000 (km) 2025-12-14,0
Suzuki Alto Japan 2008 Car,"Rs. 4,000,000",2008,,,,,https://riyasewana.com/buy/suzuki-alto-japan-sale-matugama-10894437,3,li,"Suzuki Alto Japan 2008 Car Matugama Rs. 4,000,000 132000 (km) 2025-12-14",4000000
Suzuki 0773781398 2018 Car,"Rs. 7,050,000",2018,,,,,https://riyasewana.com/buy/suzuki-0773781398-sale-mirigama-10894436,3,li,"Suzuki 0773781398 2018 Car Mirigama Rs. 7,050,000 68000 (km) 2025-12-14",7050000
Suzuki Alto Japan 2016 Car,"Rs. 5,325,000",2016,,,,,https://riyasewana.com/buy/suzuki-alto-japan-sale-colombo-10894434,3,li,"Suzuki Alto Japan 2016 Car Colombo Rs. 5,325,000 87000 (km) 2025-12-14",5325000
Toyota 110 1997 Car,"Rs. 2,950,000",1997,,,,,https://riyasewana.com/buy/toyota-110-sale-bandaragama-10894433,3,li,"Toyota 110 1997 Car Bandaragama Rs. 2,950,000 123456 (km) 2025-12-14",2950000
Nissan FB12 1990 Car,"Rs. 2,050,000",1990,,,,,https://riyasewana.com/buy/nissan-fb12-sale-kurunegala-10894431,3,li,"Nissan FB12 1990 Car Kurunegala Rs. 2,050,000 1250000 (km) 2025-12-14",2050000
Toyota Dx Wagon Ke72 1986 Car,,1986,,,,,https://riyasewana.com/buy/toyota-dx-wagon-sale-mirigama-10894430,3,li,Toyota Dx Wagon Ke72 1986 Car Mirigama Negotiable 1234 (km) 2025-12-14,0
Nissan Wingroad Y12 2007 Car,"Rs. 4,865,000",2007,,,,,https://riyasewana.com/buy/nissan-wingroad-y12-sale-negombo-10894428,3,li,"Nissan Wingroad Y12 2007 Car Negombo Rs. 4,865,000 198000 (km) 2025-12-14",4865000
Toyota Corolla 121 2003 Car,"Rs. 5,500,000",2003,,,,,https://riyasewana.com/buy/toyota-corolla-121-sale-kandy-10894425,3,li,"Toyota Corolla 121 2003 Car Kandy Rs. 5,500,000 300000 (km) 2025-12-14",5500000
Toyota Corona AT170 1993 Car,"Rs. 1,890,000",1993,,,,,https://riyasewana.com/buy/toyota-corona-at170-sale-avissawella-10894420,3,li,"Toyota Corona AT170 1993 Car Avissawella Rs. 1,890,000 200000 (km) 2025-12-14",1890000
Micro Panda 1.0 2015 Car,,2015,,,,,https://riyasewana.com/buy/micro-panda-1-0-sale-minuwangoda-10894419,3,li,Micro Panda 1.0 2015 Car Minuwangoda Negotiable 75000 (km) 2025-12-14,0
Nissan Trad Sunny HB12 1989 Car,"Rs. 1,575,000",1989,,,,,https://riyasewana.com/buy/nissan-trad-sunny-sale-nittambuwa-10894416,3,li,"Nissan Trad Sunny HB12 1989 Car Nittambuwa Rs. 1,575,000 2025-12-14",1575000
Honda Fit Gp1 2013 Car,,2013,,,,,https://riyasewana.com/buy/honda-fit-gp1-sale-tangalle-10894413,3,li,Honda Fit Gp1 2013 Car Tangalle Negotiable 122000 (km) 2025-12-14,0
Toyota Vitz 2018 Car,"Rs. 8,250,000",2018,,,,,https://riyasewana.com/buy/toyota-vitz-sale-battaramulla-10894400,3,li,"Toyota Vitz 2018 Car Battaramulla Rs. 8,250,000 30500 (km) 2025-12-14",8250000
Nissan AD Wagon Y10 1997 Car,"Rs. 2,750,000",1997,,,,,https://riyasewana.com/buy/nissan-ad-wagon-sale-horana-10894397,3,li,"Nissan AD Wagon Y10 1997 Car Horana Rs. 2,750,000 140000 (km) 2025-12-14",2750000
Mazda Familia 323 BG3P 1991 Car,,1991,,,,,https://riyasewana.com/buy/mazda-familia-323-sale-colombo-10894392,3,li,Mazda Familia 323 BG3P 1991 Car Colombo Negotiable 1038000 (km) 2025-12-14,0
Honda FIT 2014 Car,"Rs. 8,200,000",2014,,,,,https://riyasewana.com/buy/honda-fit-sale-malabe-10894390,3,li,"Honda FIT 2014 Car Malabe Rs. 8,200,000 84000 (km) 2025-12-14",8200000
Suzuki Ertiga 07 Seater 2015 Car,"Rs. 5,575,000",2015,,,,,https://riyasewana.com/buy/suzuki-ertiga-07-sale-malabe-10894386,3,li,"Suzuki Ertiga 07 Seater 2015 Car Malabe Rs. 5,575,000 150000 (km) 2025-12-14",5575000
Kia Picanto 2016 Car,"Rs. 5,575,000",2016,,,,,https://riyasewana.com/buy/kia-picanto-sale-colombo-10894382,3,li,"Kia Picanto 2016 Car Colombo Rs. 5,575,000 58761 (km) 2025-12-14",5575000
Nissan Super Saloon 1985 Car,"Rs. 1,495,000",1985,,,,,https://riyasewana.com/buy/nissan-super-saloon-sale-panadura-10894380,3,li,"Nissan Super Saloon 1985 Car Panadura Rs. 1,495,000 123 (km) 2025-12-14",1495000
Mitsubishi Lancer Box 1983 Car,"Rs. 820,000",1983,,,,,https://riyasewana.com/buy/mitsubishi-lancer-box-sale-ampara-10894374,3,li,"Mitsubishi Lancer Box 1983 Car Ampara Rs. 820,000 2025-12-14",820000
Toyota VITZ KSP90 2008 Car,"Rs. 5,640,000",2008,,,,,https://riyasewana.com/buy/toyota-vitz-ksp90-sale-kandy-10894366,3,li,"Toyota VITZ KSP90 2008 Car Kandy Rs. 5,640,000 114000 (km) 2025-12-14",5640000
Suzuki WAGON R STINGRAY 2019 Car,"Rs. 7,250,000",2019,,,,,https://riyasewana.com/buy/suzuki-wagon-r-sale-kalmunai-10894364,3,li,"Suzuki WAGON R STINGRAY 2019 Car Kalmunai Rs. 7,250,000 51000 (km) 2025-12-14",7250000
Mitsubishi Galant VR4 V6 1997 Car,,1997,,,,,https://riyasewana.com/buy/mitsubishi-galant-vr4-sale-kottawa-10894362,3,li,Mitsubishi Galant VR4 V6 1997 Car Kottawa Negotiable 175000 (km) 2025-12-14,0
Suzuki Wagon R Custom ZX Upgrade 2025 Car,"Rs. 8,975,000",2025,,,,,https://riyasewana.com/buy/suzuki-wagon-r-sale-wattala-10854021,4,li,"Suzuki Wagon R Custom ZX Upgrade 2025 Car Wattala Rs. 8,975,000 293 (km) 2025-12-06",8975000
Suzuki WAGON R FX SAFETY 2024 Car,"Rs. 7,125,000",2024,,,,,https://riyasewana.com/buy/suzuki-wagon-r-sale-veyangoda-10873062,4,li,"Suzuki WAGON R FX SAFETY 2024 Car Veyangoda Rs. 7,125,000 13400 (km) 2025-12-10",7125000
Daihatsu Mira X Limited LED Version 2023 Car,"Rs. 6,650,000",2023,,,,,https://riyasewana.com/buy/daihatsu-mira-x-sale-colombo-10891086,4,li,"Daihatsu Mira X Limited LED Version 2023 Car Colombo Rs. 6,650,000 10000 (km) 2025-12-14",6650000
Toyota Axio X Grade 2007 Car,"Rs. 7,260,000",2007,,,,,https://riyasewana.com/buy/toyota-axio-x-sale-colombo-10850129,4,li,"Toyota Axio X Grade 2007 Car Colombo Rs. 7,260,000 184000 (km) 2025-12-05",7260000
Micro BAIC D 20 2017 Car,"Rs. 5,350,000",2017,,,,,https://riyasewana.com/buy/micro-baic-d-sale-welimada-10894360,4,li,"Micro BAIC D 20 2017 Car Welimada Rs. 5,350,000 80000 (km) 2025-12-14",5350000
Suzuki A-Star Zxi 2012 Car,"Rs. 4,150,000",2012,,,,,https://riyasewana.com/buy/suzuki-a-star-zxi-sale-ratnapura-10894358,4,li,"Suzuki A-Star Zxi 2012 Car Ratnapura Rs. 4,150,000 2025-12-14",4150000
Toyota Vitz 2008 Car,"Rs. 5,700,000",2008,,,,,https://riyasewana.com/buy/toyota-vitz-sale-kurunegala-10894355,4,li,"Toyota Vitz 2008 Car Kurunegala Rs. 5,700,000 135000 (km) 2025-12-14",5700000
Nissan FB15New Shell 2003 Car,"Rs. 4,675,000",2003,,,,,https://riyasewana.com/buy/nissan-fb15new-shell-sale-kandy-10894352,4,li,"Nissan FB15New Shell 2003 Car Kandy Rs. 4,675,000 230000 (km) 2025-12-14",4675000
Toyota VITZ KSP90 2008 Car,"Rs. 5,650,000",2008,,,,,https://riyasewana.com/buy/toyota-vitz-ksp90-sale-kadawatha-10894349,4,li,"Toyota VITZ KSP90 2008 Car Kadawatha Rs. 5,650,000 154312 (km) 2025-12-14",5650000
Suzuki Alto Japan 2015 Car,,2015,,,,,https://riyasewana.com/buy/suzuki-alto-japan-sale-polonnaruwa-10894345,4,li,Suzuki Alto Japan 2015 Car Polonnaruwa Negotiable 105000 (km) 2025-12-14,0
Suzuki Swift 2011 Car,"Rs. 6,200,000",2011,,,,,https://riyasewana.com/buy/suzuki-swift-sale-moneragala-10894341,4,li,"Suzuki Swift 2011 Car Moneragala Rs. 6,200,000 144000 (km) 2025-12-14",6200000
Toyota Prius S Touring My Coordinatio 2014 Car,"Rs. 11,340,000",2014,,,,,https://riyasewana.com/buy/toyota-prius-s-sale-malabe-10894337,4,li,"Toyota Prius S Touring My Coordinatio 2014 Car Malabe Rs. 11,340,000 197500 (km) 2025-12-14",11340000
Nissan FB15 Ex Saloon 2003 Car,,2003,,,,,https://riyasewana.com/buy/nissan-fb15-ex-sale-anuradapura-10894335,4,li,Nissan FB15 Ex Saloon 2003 Car Anuradapura Negotiable 249610 (km) 2025-12-14,0
Suzuki Wagon R Fx 2018 Car,"Rs. 5,995,000",2018,,,,,https://riyasewana.com/buy/suzuki-wagon-r-sale-kadawatha-10894333,4,li,"Suzuki Wagon R Fx 2018 Car Kadawatha Rs. 5,995,000 80000 (km) 2025-12-14",5995000
Suzuki WAGON R STINGRAY J STYLE 2015 Car,"Rs. 6,150,000",2015,,,,,https://riyasewana.com/buy/suzuki-wagon-r-sale-kadawatha-10894332,4,li,"Suzuki WAGON R STINGRAY J STYLE 2015 Car Kadawatha Rs. 6,150,000 87000 (km) 2025-12-14",6150000
Daihatsu ROCKY 2024 Car,"Rs. 11,950,000",2024,,,,,https://riyasewana.com/buy/daihatsu-rocky-sale-malabe-10894331,4,li,"Daihatsu ROCKY 2024 Car Malabe Rs. 11,950,000 6950 (km) 2025-12-14",11950000
Toyota Allion 260 2008 Car,"Rs. 8,950,000",2008,,,,,https://riyasewana.com/buy/toyota-allion-260-sale-veyangoda-10894330,4,li,"Toyota Allion 260 2008 Car Veyangoda Rs. 8,950,000 175000 (km) 2025-12-14",8950000
Toyota VITZ 2008 Car,"Rs. 6,090,000",2008,,,,,https://riyasewana.com/buy/toyota-vitz-sale-malabe-10894328,4,li,"Toyota VITZ 2008 Car Malabe Rs. 6,090,000 107450 (km) 2025-12-14",6090000
Suzuki Alto 2015 Car,"Rs. 4,000,000",2015,,,,,https://riyasewana.com/buy/suzuki-alto-sale-galle-10894323,4,li,"Suzuki Alto 2015 Car Galle Rs. 4,000,000 80000 (km) 2025-12-14",4000000
Renault KWID 2016 Car,"Rs. 3,590,000",2016,,,,,https://riyasewana.com/buy/renault-kwid-sale-malabe-10894319,4,li,"Renault KWID 2016 Car Malabe Rs. 3,590,000 71490 (km) 2025-12-14",3590000
Suzuki SWIFT 2004 Car,"Rs. 4,250,000",2004,,,,,https://riyasewana.com/buy/suzuki-swift-sale-kurunegala-10894316,4,li,"Suzuki SWIFT 2004 Car Kurunegala Rs. 4,250,000 135000 (km) 2025-12-14",4250000
Perodua VIVA ELITE 2012 Car,"Rs. 4,200,000",2012,,,,,https://riyasewana.com/buy/perodua-viva-elite-sale-boralesgamuwa-10894313,4,li,"Perodua VIVA ELITE 2012 Car Boralesgamuwa Rs. 4,200,000 184000 (km) 2025-12-14",4200000
Suzuki Wagon R 2017 Car,"Rs. 5,975,000",2017,,,,,https://riyasewana.com/buy/suzuki-wagon-r-sale-koggala-10894311,4,li,"Suzuki Wagon R 2017 Car Koggala Rs. 5,975,000 74000 (km) 2025-12-14",5975000
Micro Panda LC 1.0 2012 Car,"Rs. 2,590,000",2012,,,,,https://riyasewana.com/buy/micro-panda-lc-sale-malabe-10894309,4,li,"Micro Panda LC 1.0 2012 Car Malabe Rs. 2,590,000 97450 (km) 2025-12-14",2590000
Daewoo Matiz 2002 Car,"Rs. 1,690,000",2002,,,,,https://riyasewana.com/buy/daewoo-matiz-sale-malabe-10894306,4,li,"Daewoo Matiz 2002 Car Malabe Rs. 1,690,000 1340000 (km) 2025-12-14",1690000
Suzuki Swift 2008 Car,"Rs. 5,800,000",2008,,,,,https://riyasewana.com/buy/suzuki-swift-sale-dehiwala-mount-lavinia-10894299,4,li,"Suzuki Swift 2008 Car Dehiwala-Mount-Lavinia Rs. 5,800,000 117000 (km) 2025-12-14",5800000
Suzuki Wagon R 2014 Car,"Rs. 5,485,000",2014,,,,,https://riyasewana.com/buy/suzuki-wagon-r-sale-moratuwa-10894297,4,li,"Suzuki Wagon R 2014 Car Moratuwa Rs. 5,485,000 74935 (km) 2025-12-14",5485000
Suzuki Wagon R 2017 Car,"Rs. 6,250,000",2017,,,,,https://riyasewana.com/buy/suzuki-wagon-r-sale-embilipitiya-10894293,4,li,"Suzuki Wagon R 2017 Car Embilipitiya Rs. 6,250,000 91000 (km) 2025-12-14",6250000
Toyota PASSO 2020 Car,"Rs. 6,550,000",2020,,,,,https://riyasewana.com/buy/toyota-passo-sale-moneragala-10894287,4,li,"Toyota PASSO 2020 Car Moneragala Rs. 6,550,000 78000 (km) 2025-12-14",6550000
Micro Panda 2014 Car,,2014,,,,,https://riyasewana.com/buy/micro-panda-sale-colombo-10894286,4,li,Micro Panda 2014 Car Colombo Negotiable 97382 (km) 2025-12-14,0
Toyota Vitz 2008 Car,,2008,,,,,https://riyasewana.com/buy/toyota-vitz-sale-colombo-10894285,4,li,Toyota Vitz 2008 Car Colombo Negotiable 2025-12-14,0
Toyota COROLLA AE110 1996 Car,"Rs. 3,390,000",1996,,,,,https://riyasewana.com/buy/toyota-corolla-ae110-sale-malabe-10894282,4,li,"Toyota COROLLA AE110 1996 Car Malabe Rs. 3,390,000 187450 (km) 2025-12-14",3390000
Toyota Corsa Tercel 1997 Car,,1997,,,,,https://riyasewana.com/buy/toyota-corsa-tercel-sale-kandy-10894277,4,li,Toyota Corsa Tercel 1997 Car Kandy Negotiable 2025-12-14,0
Micro X25 2018 Car,"Rs. 2,200,000",2018,,,,,https://riyasewana.com/buy/micro-x25-sale-gampaha-10894270,4,li,"Micro X25 2018 Car Gampaha Rs. 2,200,000 81230 (km) 2025-12-14",2200000
Toyota Yaris X Grade 2023 Car,"Rs. 9,090,000",2023,,,,,https://riyasewana.com/buy/toyota-yaris-x-sale-piliyandala-10894269,4,li,"Toyota Yaris X Grade 2023 Car Piliyandala Rs. 9,090,000 7100 (km) 2025-12-14",9090000
Suzuki Alto 2015 Car,"Rs. 3,745,000",2015,,,,,https://riyasewana.com/buy/suzuki-alto-sale-horana-10894267,4,li,"Suzuki Alto 2015 Car Horana Rs. 3,745,000 117000 (km) 2025-12-14",3745000
Daihatsu MIRA SAFETY 2023 Car,"Rs. 6,600,000",2023,,,,,https://riyasewana.com/buy/daihatsu-mira-safety-sale-boralesgamuwa-10894257,4,li,"Daihatsu MIRA SAFETY 2023 Car Boralesgamuwa Rs. 6,600,000 9000 (km) 2025-12-14",6600000
Honda Grace EX 2014 Car,"Rs. 9,250,000",2014,,,,,https://riyasewana.com/buy/honda-grace-ex-sale-kandy-10894253,4,li,"Honda Grace EX 2014 Car Kandy Rs. 9,250,000 100000 (km) 2025-12-14",9250000
Chevrolet Beat 2011 Car,"Rs. 3,100,000",2011,,,,,https://riyasewana.com/buy/chevrolet-beat-sale-ja-ela-10894249,4,li,"Chevrolet Beat 2011 Car Ja-Ela Rs. 3,100,000 96000 (km) 2025-12-14",3100000
Honda INSIGHT ZE2 2011 Car,"Rs. 7,550,000",2011,,,,,https://riyasewana.com/buy/honda-insight-ze2-sale-matara-10894243,4,li,"Honda INSIGHT ZE2 2011 Car Matara Rs. 7,550,000 142000 (km) 2025-12-14",7550000
Datsun Redi-GO 2017 Car,"Rs. 3,490,000",2017,,,,,https://riyasewana.com/buy/datsun-redi-go-sale-malabe-10894233,4,li,"Datsun Redi-GO 2017 Car Malabe Rs. 3,490,000 87490 (km) 2025-12-14",3490000
Hyundai Matrix 2002 Car,"Rs. 2,875,000",2002,,,,,https://riyasewana.com/buy/hyundai-matrix-sale-colombo-10894232,4,li,"Hyundai Matrix 2002 Car Colombo Rs. 2,875,000 89000 (km) 2025-12-14",2875000
Daihatsu Daihatsu 1992 Car,,1992,,,,,https://riyasewana.com/buy/daihatsu-daihatsu-sale-balangoda-10894231,4,li,Daihatsu Daihatsu 1992 Car Balangoda Negotiable 2025-12-14,0
Toyota Axio G Grade 2010 Car,"Rs. 7,250,000",2010,,,,,https://riyasewana.com/buy/toyota-axio-g-sale-kandy-10894228,4,li,"Toyota Axio G Grade 2010 Car Kandy Rs. 7,250,000 280000 (km) 2025-12-14",7250000
Toyota YARIS X GRADE 2024 Car,"Rs. 9,625,000",2024,,,,,https://riyasewana.com/buy/toyota-yaris-x-sale-kaduwela-10876740,5,li,"Toyota YARIS X GRADE 2024 Car Kaduwela Rs. 9,625,000 3500 (km) 2025-12-11",9625000
Suzuki WAGON R CUSTOM Z 2025 Car,"Rs. 7,750,000",2025,,,,,https://riyasewana.com/buy/suzuki-wagon-r-sale-colombo-10866144,5,li,"Suzuki WAGON R CUSTOM Z 2025 Car Colombo Rs. 7,750,000 2025-12-09",7750000
Toyota PRIUS 4th Generation W50 2016 Car,"Rs. 14,200,000",2016,,,,,https://riyasewana.com/buy/toyota-prius-4th-sale-kandana-10882922,5,li,"Toyota PRIUS 4th Generation W50 2016 Car Kandana Rs. 14,200,000 122000 (km) 2025-12-12",14200000
Suzuki Wagon R Fx Safety 2023 Car,"Rs. 7,150,000",2023,,,,,https://riyasewana.com/buy/suzuki-wagon-r-sale-colombo-10891075,5,li,"Suzuki Wagon R Fx Safety 2023 Car Colombo Rs. 7,150,000 9500 (km) 2025-12-14",7150000
Suzuki Alto 2019 Car,"Rs. 4,390,000",2019,,,,,https://riyasewana.com/buy/suzuki-alto-sale-nugegoda-10894224,5,li,"Suzuki Alto 2019 Car Nugegoda Rs. 4,390,000 61926 (km) 2025-12-14",4390000
Volvo 740 GLE 1989 Car,,1989,,,,,https://riyasewana.com/buy/volvo-740-gle-sale-malabe-10894222,5,li,Volvo 740 GLE 1989 Car Malabe Negotiable 120000 (km) 2025-12-14,0
Toyota Corona AT 150 1987 Car,"Rs. 1,250,000",1987,,,,,https://riyasewana.com/buy/toyota-corona-at-sale-katunayake-10894216,5,li,"Toyota Corona AT 150 1987 Car Katunayake Rs. 1,250,000 2025-12-14",1250000
Nissan March K11 2001 Car,,2001,,,,,https://riyasewana.com/buy/nissan-march-k11-sale-wattala-10894214,5,li,Nissan March K11 2001 Car Wattala Negotiable 22222 (km) 2025-12-14,0
BMW 320i 2011 Car,,2011,,,,,https://riyasewana.com/buy/bmw-320i-sale-colombo-10894211,5,li,BMW 320i 2011 Car Colombo Negotiable 97000 (km) 2025-12-14,0
Kia Picanto 2016 Car,"Rs. 5,790,000",2016,,,,,https://riyasewana.com/buy/kia-picanto-sale-malabe-10894210,5,li,"Kia Picanto 2016 Car Malabe Rs. 5,790,000 77000 (km) 2025-12-14",5790000
Suzuki Alto 2004 Car,,2004,,,,,https://riyasewana.com/buy/suzuki-alto-sale-kandy-10894207,5,li,Suzuki Alto 2004 Car Kandy Negotiable 2025-12-14,0
Suzuki Spacia 2024 Car,"Rs. 8,350,000",2024,,,,,https://riyasewana.com/buy/suzuki-spacia-sale-colombo-10894201,5,li,"Suzuki Spacia 2024 Car Colombo Rs. 8,350,000 202000 (km) 2025-12-14",8350000
Suzuki Wagon R Custome Z 2023 Car,"Rs. 8,375,000",2023,,,,,https://riyasewana.com/buy/suzuki-wagon-r-sale-galle-10894198,5,li,"Suzuki Wagon R Custome Z 2023 Car Galle Rs. 8,375,000 37000 (km) 2025-12-14",8375000
Suzuki Alto 2015 Car,"Rs. 3,950,000",2015,,,,,https://riyasewana.com/buy/suzuki-alto-sale-tangalle-10894196,5,li,"Suzuki Alto 2015 Car Tangalle Rs. 3,950,000 29000 (km) 2025-12-14",3950000
Toyota Vitz 2009 Car,"Rs. 6,190,000",2009,,,,,https://riyasewana.com/buy/toyota-vitz-sale-malabe-10894193,5,li,"Toyota Vitz 2009 Car Malabe Rs. 6,190,000 130000 (km) 2025-12-14",6190000
Suzuki Baleno 2002 Car,"Rs. 2,500,000",2002,,,,,https://riyasewana.com/buy/suzuki-baleno-sale-colombo-10894191,5,li,"Suzuki Baleno 2002 Car Colombo Rs. 2,500,000 1 (km) 2025-12-14",2500000
Daihatsu MIRA ES SAFETY 2023 Car,"Rs. 6,390,000",2023,,,,,https://riyasewana.com/buy/daihatsu-mira-es-sale-galle-10894186,5,li,"Daihatsu MIRA ES SAFETY 2023 Car Galle Rs. 6,390,000 10000 (km) 2025-12-14",6390000
Toyota Vitz 2008 Car,"Rs. 5,490,000",2008,,,,,https://riyasewana.com/buy/toyota-vitz-sale-kotte-10894184,5,li,"Toyota Vitz 2008 Car Kotte Rs. 5,490,000 175000 (km) 2025-12-14",5490000
Mazda Axela 2014 Car,"Rs. 9,275,000",2014,,,,,https://riyasewana.com/buy/mazda-axela-sale-colombo-10894180,5,li,"Mazda Axela 2014 Car Colombo Rs. 9,275,000 12000 (km) 2025-12-14",9275000
Perodua VIVA ELITE 2011 Car,"Rs. 4,790,000",2011,,,,,https://riyasewana.com/buy/perodua-viva-elite-sale-malabe-10894178,5,li,"Perodua VIVA ELITE 2011 Car Malabe Rs. 4,790,000 136000 (km) 2025-12-14",4790000
BMW 523i Stage 1 M5 Kitted 2010 Car,"Rs. 16,900,000",2010,,,,,https://riyasewana.com/buy/bmw-523i-stage-sale-colombo-10894172,5,li,"BMW 523i Stage 1 M5 Kitted 2010 Car Colombo Rs. 16,900,000 100000 (km) 2025-12-14",16900000
Nissan N16 Super Saloon 2000 Car,,2000,,,,,https://riyasewana.com/buy/nissan-n16-super-sale-kandy-10894168,5,li,Nissan N16 Super Saloon 2000 Car Kandy Negotiable 206000 (km) 2025-12-14,0
Nissan Wingroad WFY11 2003 Car,"Rs. 4,850,000",2003,,,,,https://riyasewana.com/buy/nissan-wingroad-wfy11-sale-gampaha-10894162,5,li,"Nissan Wingroad WFY11 2003 Car Gampaha Rs. 4,850,000 190000 (km) 2025-12-14",4850000
Nissan Sb14 1997 Car,"Rs. 2,925,000",1997,,,,,https://riyasewana.com/buy/nissan-sb14-sale-nuwara-eliya-10894159,5,li,"Nissan Sb14 1997 Car Nuwara-Eliya Rs. 2,925,000 170000 (km) 2025-12-14",2925000
Toyota PREMIO G SUPERIOR 2010 Car,"Rs. 10,390,000",2010,,,,,https://riyasewana.com/buy/toyota-premio-g-sale-nugegoda-10894158,5,li,"Toyota PREMIO G SUPERIOR 2010 Car Nugegoda Rs. 10,390,000 168000 (km) 2025-12-14",10390000
Toyota Corolla Wagon 1996 Car,"Rs. 2,850,000",1996,,,,,https://riyasewana.com/buy/toyota-corolla-wagon-sale-gampaha-10894150,5,li,"Toyota Corolla Wagon 1996 Car Gampaha Rs. 2,850,000 210000 (km) 2025-12-14",2850000
BMW 320D 2011 Car,"Rs. 11,800,000",2011,,,,,https://riyasewana.com/buy/bmw-320d-sale-kalutara-10894146,5,li,"BMW 320D 2011 Car Kalutara Rs. 11,800,000 155000 (km) 2025-12-14",11800000
Honda Insight 2009 Car,"Rs. 6,850,000",2009,,,,,https://riyasewana.com/buy/honda-insight-sale-ja-ela-10894145,5,li,"Honda Insight 2009 Car Ja-Ela Rs. 6,850,000 178000 (km) 2025-12-14",6850000
Suzuki WAGON R STINGRAY 2018 Car,"Rs. 7,490,000",2018,,,,,https://riyasewana.com/buy/suzuki-wagon-r-sale-nugegoda-10894144,5,li,"Suzuki WAGON R STINGRAY 2018 Car Nugegoda Rs. 7,490,000 104000 (km) 2025-12-14",7490000
Honda Fit GP4 2015 Car,,2015,,,,,https://riyasewana.com/buy/honda-fit-gp4-sale-kandy-10894142,5,li,Honda Fit GP4 2015 Car Kandy Negotiable 100000 (km) 2025-12-14,0
Nissan FB15 Super Saloon 2003 Car,"Rs. 5,200,000",2003,,,,,https://riyasewana.com/buy/nissan-fb15-super-sale-ampara-10894140,5,li,"Nissan FB15 Super Saloon 2003 Car Ampara Rs. 5,200,000 90000 (km) 2025-12-14",5200000
Toyota Soluna 2004 Car,"Rs. 3,350,000",2004,,,,,https://riyasewana.com/buy/toyota-soluna-sale-warakapola-10894139,5,li,"Toyota Soluna 2004 Car Warakapola Rs. 3,350,000 1 (km) 2025-12-14",3350000
Suzuki Baleno 2016 Car,"Rs. 7,250,000",2016,,,,,https://riyasewana.com/buy/suzuki-baleno-sale-colombo-10894138,5,li,"Suzuki Baleno 2016 Car Colombo Rs. 7,250,000 83998 (km) 2025-12-14",7250000
Mazda Luce 1970 Car,,1970,,,,,https://riyasewana.com/buy/mazda-luce-sale-kandy-10894137,5,li,Mazda Luce 1970 Car Kandy Negotiable 2025-12-14,0
Toyota ROOMY SAFETY DUAL POWER 2023 Car,"Rs. 9,300,000",2023,,,,,https://riyasewana.com/buy/toyota-roomy-safety-sale-boralesgamuwa-10894134,5,li,"Toyota ROOMY SAFETY DUAL POWER 2023 Car Boralesgamuwa Rs. 9,300,000 14000 (km) 2025-12-14",9300000
Daihatsu Mira Es Limited G Grade 2024 Car,,2024,,,,,https://riyasewana.com/buy/daihatsu-mira-es-sale-panadura-10894131,5,li,Daihatsu Mira Es Limited G Grade 2024 Car Panadura Negotiable 13500 (km) 2025-12-14,0
Suzuki Celerio VXI 2016 Car,"Rs. 5,475,000",2016,,,,,https://riyasewana.com/buy/suzuki-celerio-vxi-sale-colombo-10894130,5,li,"Suzuki Celerio VXI 2016 Car Colombo Rs. 5,475,000 142000 (km) 2025-12-14",5475000
Nissan FB14 1995 Car,,1995,,,,,https://riyasewana.com/buy/nissan-fb14-sale-kadawatha-10894126,5,li,Nissan FB14 1995 Car Kadawatha Negotiable 258000 (km) 2025-12-14,0
Toyota Corona EST 150 1983 Car,"Rs. 1,590,000",1983,,,,,https://riyasewana.com/buy/toyota-corona-est-sale-nugegoda-10894125,5,li,"Toyota Corona EST 150 1983 Car Nugegoda Rs. 1,590,000 276000 (km) 2025-12-14",1590000
Suzuki Alto 2011 Car,"Rs. 2,995,000",2011,,,,,https://riyasewana.com/buy/suzuki-alto-sale-kurunegala-10894121,5,li,"Suzuki Alto 2011 Car Kurunegala Rs. 2,995,000 174526 (km) 2025-12-14",2995000
Honda CIVIC 1986 Car,"Rs. 1,275,000",1986,,,,,https://riyasewana.com/buy/honda-civic-sale-matara-10894118,5,li,"Honda CIVIC 1986 Car Matara Rs. 1,275,000 1111 (km) 2025-12-14",1275000
Mitsubishi EK WAGON 2016 Car,"Rs. 5,790,000",2016,,,,,https://riyasewana.com/buy/mitsubishi-ek-wagon-sale-malabe-10894113,5,li,"Mitsubishi EK WAGON 2016 Car Malabe Rs. 5,790,000 104000 (km) 2025-12-14",5790000
Hyundai Accent 2000 Car,"Rs. 2,390,000",2000,,,,,https://riyasewana.com/buy/hyundai-accent-sale-padukka-10894106,5,li,"Hyundai Accent 2000 Car Padukka Rs. 2,390,000 157000 (km) 2025-12-14",2390000
Mazda FAMILIA 1986 Car,"Rs. 895,000",1986,,,,,https://riyasewana.com/buy/mazda-familia-sale-matara-10894101,5,li,"Mazda FAMILIA 1986 Car Matara Rs. 895,000 111 (km) 2025-12-14",895000
Nissan Dayz Highway Star X Hybrid 2024 Car,"Rs. 8,350,000",2024,Hybrid,,,,https://riyasewana.com/buy/nissan-dayz-highway-sale-colombo-10891093,6,li,"Nissan Dayz Highway Star X Hybrid 2024 Car Colombo Rs. 8,350,000 4000 (km) 2025-12-14",8350000
Suzuki Wagon R Custom ZT 4-Way 2024 Car,"Rs. 9,250,000",2024,,,,,https://riyasewana.com/buy/suzuki-wagon-r-sale-nittambuwa-10890693,6,li,"Suzuki Wagon R Custom ZT 4-Way 2024 Car Nittambuwa Rs. 9,250,000 3400 (km) 2025-12-14",9250000
Toyota Premio G Superior 2010 Car,,2010,,,,,https://riyasewana.com/buy/toyota-premio-g-sale-colombo-10891733,6,li,Toyota Premio G Superior 2010 Car Colombo Negotiable 160 (km) 2025-12-14,0
Toyota Axio G Grade 2015 Car,"Rs. 10,900,000",2015,,,,,https://riyasewana.com/buy/toyota-axio-g-sale-ambalangoda-10892979,6,li,"Toyota Axio G Grade 2015 Car Ambalangoda Rs. 10,900,000 180000 (km) 2025-12-14",10900000
Nissan Dayz 2018 Car,"Rs. 5,555,000",2018,,,,,https://riyasewana.com/buy/nissan-dayz-sale-bandaragama-10894097,6,li,"Nissan Dayz 2018 Car Bandaragama Rs. 5,555,000 86 (km) 2025-12-14",5555000
Toyota Vitz Safety Edition 2017 Car,"Rs. 7,390,000",2017,,,,,https://riyasewana.com/buy/toyota-vitz-safety-sale-wattala-10894095,6,li,"Toyota Vitz Safety Edition 2017 Car Wattala Rs. 7,390,000 95000 (km) 2025-12-14",7390000
Nissan FB15 2002 Car,"Rs. 4,750,000",2002,,,,,https://riyasewana.com/buy/nissan-fb15-sale-kandy-10894092,6,li,"Nissan FB15 2002 Car Kandy Rs. 4,750,000 158600 (km) 2025-12-14",4750000
Hyundai Accent 2001 Car,"Rs. 2,320,000",2001,,,,,https://riyasewana.com/buy/hyundai-accent-sale-kelaniya-10894091,6,li,"Hyundai Accent 2001 Car Kelaniya Rs. 2,320,000 160000 (km) 2025-12-14",2320000
Proton WIRA 2000 Car,"Rs. 2,575,000",2000,,,,,https://riyasewana.com/buy/proton-wira-sale-homagama-10894089,6,li,"Proton WIRA 2000 Car Homagama Rs. 2,575,000 179111 (km) 2025-12-14",2575000
Mazda Demio 2001 Car,,2001,,,,,https://riyasewana.com/buy/mazda-demio-sale-matara-10894087,6,li,Mazda Demio 2001 Car Matara Negotiable 1111 (km) 2025-12-14,0
Suzuki Maruti 2011 Car,"Rs. 2,300,000",2011,,,,,https://riyasewana.com/buy/suzuki-maruti-sale-negombo-10894086,6,li,"Suzuki Maruti 2011 Car Negombo Rs. 2,300,000 52000 (km) 2025-12-14",2300000
Micro Panda 2012 Car,"Rs. 2,500,000",2012,,,,,https://riyasewana.com/buy/micro-panda-sale-anuradapura-10893260,6,li,"Micro Panda 2012 Car Anuradapura Rs. 2,500,000 108639 (km) 2025-12-14",2500000
Tata NANO LX 2011 Car,"Rs. 1,590,000",2011,,,,,https://riyasewana.com/buy/tata-nano-lx-sale-malabe-10894083,6,li,"Tata NANO LX 2011 Car Malabe Rs. 1,590,000 161250 (km) 2025-12-14",1590000
Hyundai ACCENT 2001 Car,"Rs. 2,320,000",2001,,,,,https://riyasewana.com/buy/hyundai-accent-sale-kelaniya-10894081,6,li,"Hyundai ACCENT 2001 Car Kelaniya Rs. 2,320,000 160000 (km) 2025-12-14",2320000
Toyota COROLLA 1988 Car,"Rs. 1,695,000",1988,,,,,https://riyasewana.com/buy/toyota-corolla-sale-homagama-10894078,6,li,"Toyota COROLLA 1988 Car Homagama Rs. 1,695,000 208727 (km) 2025-12-14",1695000
Alfa-Romeo Giulia 156 1998 Car,"Rs. 3,600,000",1998,,,,,https://riyasewana.com/buy/alfa-romeo-giulia-156-sale-dehiwala-mount-lavinia-10894077,6,li,"Alfa-Romeo Giulia 156 1998 Car Dehiwala-Mount-Lavinia Rs. 3,600,000 1400000 (km) 2025-12-14",3600000
Suzuki Alto 2015 Car,"Rs. 3,850,000",2015,,,,,https://riyasewana.com/buy/suzuki-alto-sale-kegalle-10894075,6,li,"Suzuki Alto 2015 Car Kegalle Rs. 3,850,000 86000 (km) 2025-12-14",3850000
Nissan NOTE 2010 Car,"Rs. 5,250,000",2010,,,,,https://riyasewana.com/buy/nissan-note-sale-panadura-10894062,6,li,"Nissan NOTE 2010 Car Panadura Rs. 5,250,000 143000 (km) 2025-12-14",5250000
Nissan Bluebird 1999 Car,"Rs. 3,475,000",1999,,,,,https://riyasewana.com/buy/nissan-bluebird-sale-homagama-10894061,6,li,"Nissan Bluebird 1999 Car Homagama Rs. 3,475,000 262863 (km) 2025-12-14",3475000
Toyota Aqua 2014 Car,,2014,,,,,https://riyasewana.com/buy/toyota-aqua-sale-ragama-10894057,6,li,Toyota Aqua 2014 Car Ragama Negotiable 1010000 (km) 2025-12-14,0
Toyota PREMIO 240 2002 Car,"Rs. 7,500,000",2002,,,,,https://riyasewana.com/buy/toyota-premio-240-sale-ragama-10894055,6,li,"Toyota PREMIO 240 2002 Car Ragama Rs. 7,500,000 154000 (km) 2025-12-14",7500000
Toyota Axio G Grade 2015 Car,"Rs. 9,975,000",2015,,,,,https://riyasewana.com/buy/toyota-axio-g-sale-ambalangoda-10894052,6,li,"Toyota Axio G Grade 2015 Car Ambalangoda Rs. 9,975,000 11000 (km) 2025-12-14",9975000
Suzuki Zen 2000 Car,"Rs. 1,550,000",2000,,,,,https://riyasewana.com/buy/suzuki-zen-sale-nugegoda-10894051,6,li,"Suzuki Zen 2000 Car Nugegoda Rs. 1,550,000 180000 (km) 2025-12-14",1550000
Honda Grace Ex GM4 2016 Car,"Rs. 9,550,000",2016,,,,,https://riyasewana.com/buy/honda-grace-ex-sale-dehiwala-mount-lavinia-10894048,6,li,"Honda Grace Ex GM4 2016 Car Dehiwala-Mount-Lavinia Rs. 9,550,000 150000 (km) 2025-12-14",9550000
Toyota COROLLA DX 1984 Car,"Rs. 1,875,000",1984,,,,,https://riyasewana.com/buy/toyota-corolla-dx-sale-homagama-10894046,6,li,"Toyota COROLLA DX 1984 Car Homagama Rs. 1,875,000 210123 (km) 2025-12-14",1875000
Toyota VITZ KSP90 2015 Car,"Rs. 7,285,000",2015,,,,,https://riyasewana.com/buy/toyota-vitz-ksp90-sale-ja-ela-10894045,6,li,"Toyota VITZ KSP90 2015 Car Ja-Ela Rs. 7,285,000 29750 (km) 2025-12-14",7285000
Toyota Aqua 2013 Car,"Rs. 6,650,000",2013,,,,,https://riyasewana.com/buy/toyota-aqua-sale-katunayake-10894043,6,li,"Toyota Aqua 2013 Car Katunayake Rs. 6,650,000 130000 (km) 2025-12-14",6650000
Suzuki Alto Lxi 2013 Car,"Rs. 3,390,000",2013,,,,,https://riyasewana.com/buy/suzuki-alto-lxi-sale-galle-10894040,6,li,"Suzuki Alto Lxi 2013 Car Galle Rs. 3,390,000 98250 (km) 2025-12-14",3390000
Toyota PREMIO G SUPERIOR 2017 Car,"Rs. 15,000,000",2017,,,,,https://riyasewana.com/buy/toyota-premio-g-sale-kandy-10894035,6,li,"Toyota PREMIO G SUPERIOR 2017 Car Kandy Rs. 15,000,000 115000 (km) 2025-12-14",15000000
Honda Insight 2010 Car,"Rs. 6,950,000",2010,,,,,https://riyasewana.com/buy/honda-insight-sale-galle-10894030,6,li,"Honda Insight 2010 Car Galle Rs. 6,950,000 200000 (km) 2025-12-14",6950000
Suzuki Alto Japan 2003 Car,"Rs. 3,500,000",2003,,,,,https://riyasewana.com/buy/suzuki-alto-japan-sale-panadura-10894026,6,li,"Suzuki Alto Japan 2003 Car Panadura Rs. 3,500,000 140000 (km) 2025-12-14",3500000
Mazda Mister 90 1995 Car,"Rs. 1,600,000",1995,,,,,https://riyasewana.com/buy/mazda-mister-90-sale-batticaloa-10894021,6,li,"Mazda Mister 90 1995 Car Batticaloa Rs. 1,600,000 114101 (km) 2025-12-14",1600000
Toyota CORONA 1991 Car,"Rs. 2,055,000",1991,,,,,https://riyasewana.com/buy/toyota-corona-sale-homagama-10894020,6,li,"Toyota CORONA 1991 Car Homagama Rs. 2,055,000 236333 (km) 2025-12-14",2055000
Suzuki Alto 2016 Car,"Rs. 3,575,000",2016,,,,,https://riyasewana.com/buy/suzuki-alto-sale-colombo-10894018,6,li,"Suzuki Alto 2016 Car Colombo Rs. 3,575,000 144000 (km) 2025-12-14",3575000
Suzuki Maruti 800 2006 Car,"Rs. 1,990,000",2006,,,,,https://riyasewana.com/buy/suzuki-maruti-800-sale-gampaha-10894013,6,li,"Suzuki Maruti 800 2006 Car Gampaha Rs. 1,990,000 89000 (km) 2025-12-14",1990000
Suzuki Alto K10 Outomatic Vxi 2016 Car,"Rs. 4,290,000",2016,,,,,https://riyasewana.com/buy/suzuki-alto-k10-sale-galle-10894012,6,li,"Suzuki Alto K10 Outomatic Vxi 2016 Car Galle Rs. 4,290,000 120000 (km) 2025-12-14",4290000
Toyota Premio 2017 Car,"Rs. 15,000,000",2017,,,,,https://riyasewana.com/buy/toyota-premio-sale-kandy-10894010,6,li,"Toyota Premio 2017 Car Kandy Rs. 15,000,000 84000 (km) 2025-12-14",15000000
Toyota Carina AT 170 My Road 1992 Car,,1992,,,,,https://riyasewana.com/buy/toyota-carina-at-sale-wattala-10894009,6,li,Toyota Carina AT 170 My Road 1992 Car Wattala Negotiable 187000 (km) 2025-12-14,0
Daihatsu Mira Pixis X Limited 2023 Car,"Rs. 6,490,000",2023,,,,,https://riyasewana.com/buy/daihatsu-mira-pixis-sale-ragama-10894008,6,li,"Daihatsu Mira Pixis X Limited 2023 Car Ragama Rs. 6,490,000 3500 (km) 2025-12-14",6490000
Toyota Corolla Elephant Back 1997 Car,"Rs. 3,150,000",1997,,,,,https://riyasewana.com/buy/toyota-corolla-elephant-sale-ratnapura-10894004,6,li,"Toyota Corolla Elephant Back 1997 Car Ratnapura Rs. 3,150,000 170499 (km) 2025-12-14",3150000
Tata NANO 2016 Car,"Rs. 2,285,000",2016,,,,,https://riyasewana.com/buy/tata-nano-sale-homagama-10894000,6,li,"Tata NANO 2016 Car Homagama Rs. 2,285,000 154598 (km) 2025-12-14",2285000
Toyota AQUA 2012 Car,"Rs. 7,375,000",2012,,,,,https://riyasewana.com/buy/toyota-aqua-sale-homagama-10893999,6,li,"Toyota AQUA 2012 Car Homagama Rs. 7,375,000 279000 (km) 2025-12-14",7375000
Suzuki Alto Sports 2015 Car,"Rs. 3,755,000",2015,,,,,https://riyasewana.com/buy/suzuki-alto-sports-sale-gampaha-10893996,6,li,"Suzuki Alto Sports 2015 Car Gampaha Rs. 3,755,000 2025-12-14",3755000
Suzuki WAGON R FZ 2014 Car,"Rs. 5,690,000",2014,,,,,https://riyasewana.com/buy/suzuki-wagon-r-sale-malabe-10893988,6,li,"Suzuki WAGON R FZ 2014 Car Malabe Rs. 5,690,000 84000 (km) 2025-12-14",5690000
Honda FIT GP5 2014 Car,"Rs. 8,200,000",2014,,,,,https://riyasewana.com/buy/honda-fit-gp5-sale-boralesgamuwa-10872901,7,li,"Honda FIT GP5 2014 Car Boralesgamuwa Rs. 8,200,000 58200 (km) 2025-12-10",8200000
Honda Civic FD3 2008 Car,"Rs. 6,790,000",2008,,,,,https://riyasewana.com/buy/honda-civic-fd3-sale-kottawa-10882217,7,li,"Honda Civic FD3 2008 Car Kottawa Rs. 6,790,000 301000 (km) 2025-12-12",6790000
Daihatsu Mira L SA3 Import 2024 Car,"Rs. 5,950,000",2024,,,,,https://riyasewana.com/buy/daihatsu-mira-l-sale-colombo-10890732,7,li,"Daihatsu Mira L SA3 Import 2024 Car Colombo Rs. 5,950,000 5000 (km) 2025-12-14",5950000
Toyota Axio 2015 Car,"Rs. 10,600,000",2015,,,,,https://riyasewana.com/buy/toyota-axio-sale-malabe-10886276,7,li,"Toyota Axio 2015 Car Malabe Rs. 10,600,000 127000 (km) 2025-12-13",10600000
Toyota Corolla Dx Wagon 1985 Car,"Rs. 1,050,000",1985,,,,,https://riyasewana.com/buy/toyota-corolla-dx-sale-kurunegala-10893986,7,li,"Toyota Corolla Dx Wagon 1985 Car Kurunegala Rs. 1,050,000 214523 (km) 2025-12-14",1050000
Zotye Z100 2016 Car,"Rs. 2,975,000",2016,,,,,https://riyasewana.com/buy/zotye-z100-sale-kalutara-10893982,7,li,"Zotye Z100 2016 Car Kalutara Rs. 2,975,000 91000 (km) 2025-12-14",2975000
Honda Freed 2012 Car,"Rs. 3,000,000",2012,,,,,https://riyasewana.com/buy/honda-freed-sale-kalutara-10893976,7,li,"Honda Freed 2012 Car Kalutara Rs. 3,000,000 197000 (km) 2025-12-14",3000000
Suzuki ALTO 2015 Car,"Rs. 3,975,000",2015,,,,,https://riyasewana.com/buy/suzuki-alto-sale-homagama-10893975,7,li,"Suzuki ALTO 2015 Car Homagama Rs. 3,975,000 225000 (km) 2025-12-14",3975000
Nissan March 1997 Car,"Rs. 2,645,000",1997,,,,,https://riyasewana.com/buy/nissan-march-sale-panadura-10893973,7,li,"Nissan March 1997 Car Panadura Rs. 2,645,000 2025-12-14",2645000
Suzuki Swift Rs Turbo 2017 Car,"Rs. 8,475,000",2017,,,,,https://riyasewana.com/buy/suzuki-swift-rs-sale-maharagama-10893972,7,li,"Suzuki Swift Rs Turbo 2017 Car Maharagama Rs. 8,475,000 85000 (km) 2025-12-14",8475000
Honda Civic ES8 2001 Car,"Rs. 5,390,000",2001,,,,,https://riyasewana.com/buy/honda-civic-es8-sale-piliyandala-10893971,7,li,"Honda Civic ES8 2001 Car Piliyandala Rs. 5,390,000 172000 (km) 2025-12-14",5390000
Suzuki Wagon R Fz Safety 2015 Car,"Rs. 5,575,000",2015,,,,,https://riyasewana.com/buy/suzuki-wagon-r-sale-kaduwela-10893968,7,li,"Suzuki Wagon R Fz Safety 2015 Car Kaduwela Rs. 5,575,000 95700 (km) 2025-12-14",5575000
Zotye Z100 2016 Car,"Rs. 3,195,000",2016,,,,,https://riyasewana.com/buy/zotye-z100-sale-panadura-10893966,7,li,"Zotye Z100 2016 Car Panadura Rs. 3,195,000 2025-12-14",3195000
Toyota Aqua S Grade 2012 Car,"Rs. 7,150,000",2012,,,,,https://riyasewana.com/buy/toyota-aqua-s-sale-matara-10893964,7,li,"Toyota Aqua S Grade 2012 Car Matara Rs. 7,150,000 170000 (km) 2025-12-14",7150000
Suzuki MARUTI ZEN 2006 Car,,2006,,,,,https://riyasewana.com/buy/suzuki-maruti-zen-sale-homagama-10893962,7,li,Suzuki MARUTI ZEN 2006 Car Homagama Negotiable 135704 (km) 2025-12-14,0
Suzuki WAGON R FX 2017 Car,"Rs. 6,250,000",2017,,,,,https://riyasewana.com/buy/suzuki-wagon-r-sale-malabe-10893960,7,li,"Suzuki WAGON R FX 2017 Car Malabe Rs. 6,250,000 132000 (km) 2025-12-14",6250000
Toyota Aqua X Urban 2015 Car,"Rs. 8,650,000",2015,,,,,https://riyasewana.com/buy/toyota-aqua-x-sale-kurunegala-10893953,7,li,"Toyota Aqua X Urban 2015 Car Kurunegala Rs. 8,650,000 150000 (km) 2025-12-14",8650000
Nissan Y Y10 1997 Car,"Rs. 2,390,000",1997,,,,,https://riyasewana.com/buy/nissan-y-y10-sale-negombo-10893951,7,li,"Nissan Y Y10 1997 Car Negombo Rs. 2,390,000 200000 (km) 2025-12-14",2390000
Suzuki Alto 2011 Car,"Rs. 3,100,000",2011,,,,,https://riyasewana.com/buy/suzuki-alto-sale-galle-10893949,7,li,"Suzuki Alto 2011 Car Galle Rs. 3,100,000 2025-12-14",3100000
Mitsubishi LANCER CK2A 1999 Car,"Rs. 5,175,000",1999,,,,,https://riyasewana.com/buy/mitsubishi-lancer-ck2a-sale-homagama-10893948,7,li,"Mitsubishi LANCER CK2A 1999 Car Homagama Rs. 5,175,000 176000 (km) 2025-12-14",5175000
Datsun Redi-GO 2016 Car,"Rs. 3,295,000",2016,,,,,https://riyasewana.com/buy/datsun-redi-go-sale-panadura-10893945,7,li,"Datsun Redi-GO 2016 Car Panadura Rs. 3,295,000 2025-12-14",3295000
Suzuki Alto 2007 Car,"Rs. 2,625,000",2007,,,,,https://riyasewana.com/buy/suzuki-alto-sale-kandy-10893944,7,li,"Suzuki Alto 2007 Car Kandy Rs. 2,625,000 152000 (km) 2025-12-14",2625000
Suzuki WAGON R 2017 Car,"Rs. 7,085,000",2017,,,,,https://riyasewana.com/buy/suzuki-wagon-r-sale-homagama-10893937,7,li,"Suzuki WAGON R 2017 Car Homagama Rs. 7,085,000 158000 (km) 2025-12-14",7085000
Toyota Allion 240 2006 Car,"Rs. 7,500,000",2006,,,,,https://riyasewana.com/buy/toyota-allion-240-sale-negombo-10893933,7,li,"Toyota Allion 240 2006 Car Negombo Rs. 7,500,000 195000 (km) 2025-12-14",7500000
Daihatsu Taft 2023 Car,"Rs. 8,650,000",2023,,,,,https://riyasewana.com/buy/daihatsu-taft-sale-colombo-10893932,7,li,"Daihatsu Taft 2023 Car Colombo Rs. 8,650,000 30000 (km) 2025-12-14",8650000
Suzuki Wagon R Stingray 2015 Car,"Rs. 6,000,000",2015,,,,,https://riyasewana.com/buy/suzuki-wagon-r-sale-colombo-10893931,7,li,"Suzuki Wagon R Stingray 2015 Car Colombo Rs. 6,000,000 125000 (km) 2025-12-14",6000000
Honda CIVIC 2010 Car,"Rs. 7,475,000",2010,,,,,https://riyasewana.com/buy/honda-civic-sale-homagama-10893930,7,li,"Honda CIVIC 2010 Car Homagama Rs. 7,475,000 187000 (km) 2025-12-14",7475000
Toyota Prius 2009 Car,"Rs. 8,995,000",2009,,,,,https://riyasewana.com/buy/toyota-prius-sale-panadura-10893929,7,li,"Toyota Prius 2009 Car Panadura Rs. 8,995,000 2025-12-14",8995000
Toyota Corolla AE80 1987 Car,"Rs. 1,250,000",1987,,,,,https://riyasewana.com/buy/toyota-corolla-ae80-sale-malabe-10893928,7,li,"Toyota Corolla AE80 1987 Car Malabe Rs. 1,250,000 1 (km) 2025-12-14",1250000
Toyota Corolla 121 2000 Car,"Rs. 6,200,000",2000,,,,,https://riyasewana.com/buy/toyota-corolla-121-sale-kurunegala-10893927,7,li,"Toyota Corolla 121 2000 Car Kurunegala Rs. 6,200,000 1234 (km) 2025-12-14",6200000
Toyota Roomy Custom GT Turbo 2023 Car,"Rs. 10,950,000",2023,,,,,https://riyasewana.com/buy/toyota-roomy-custom-sale-colombo-10893926,7,li,"Toyota Roomy Custom GT Turbo 2023 Car Colombo Rs. 10,950,000 10000 (km) 2025-12-14",10950000
Toyota Aqua Urban S 2015 Car,,2015,,,,,https://riyasewana.com/buy/toyota-aqua-urban-sale-gampaha-10893925,7,li,Toyota Aqua Urban S 2015 Car Gampaha Negotiable 122 (km) 2025-12-14,0
Suzuki Swift 2004 Car,"Rs. 4,300,000",2004,,,,,https://riyasewana.com/buy/suzuki-swift-sale-minuwangoda-10893919,7,li,"Suzuki Swift 2004 Car Minuwangoda Rs. 4,300,000 154000 (km) 2025-12-14",4300000
Suzuki Wagon R Fz Safety 2015 Car,"Rs. 5,580,000",2015,,,,,https://riyasewana.com/buy/suzuki-wagon-r-sale-kurunegala-10893916,7,li,"Suzuki Wagon R Fz Safety 2015 Car Kurunegala Rs. 5,580,000 90000 (km) 2025-12-14",5580000
Micro Panda 2017 Car,"Rs. 3,895,000",2017,,,,,https://riyasewana.com/buy/micro-panda-sale-panadura-10893914,7,li,"Micro Panda 2017 Car Panadura Rs. 3,895,000 2025-12-14",3895000
Nissan SunnyFB13 1997 Car,"Rs. 2,500,000",1997,,,,,https://riyasewana.com/buy/nissan-sunnyfb13-sale-kadawatha-10893913,7,li,"Nissan SunnyFB13 1997 Car Kadawatha Rs. 2,500,000 2025-12-14",2500000
Suzuki Alto K10 2015 Car,"Rs. 4,500,000",2015,,,,,https://riyasewana.com/buy/suzuki-alto-k10-sale-anuradapura-10893911,7,li,"Suzuki Alto K10 2015 Car Anuradapura Rs. 4,500,000 97000 (km) 2025-12-14",4500000
Toyota Aqua 2012 Car,"Rs. 7,175,000",2012,,,,,https://riyasewana.com/buy/toyota-aqua-sale-galle-10893907,7,li,"Toyota Aqua 2012 Car Galle Rs. 7,175,000 192000 (km) 2025-12-14",7175000
Toyota Yaris 2008 Car,"Rs. 6,500,000",2008,,,,,https://riyasewana.com/buy/toyota-yaris-sale-colombo-10893906,7,li,"Toyota Yaris 2008 Car Colombo Rs. 6,500,000 143000 (km) 2025-12-14",6500000
Suzuki Wagon R Fz Premium 2018 Car,"Rs. 6,790,000",2018,,,,,https://riyasewana.com/buy/suzuki-wagon-r-sale-anuradapura-10893904,7,li,"Suzuki Wagon R Fz Premium 2018 Car Anuradapura Rs. 6,790,000 76500 (km) 2025-12-14",6790000
Suzuki Maruti 2006 Car,"Rs. 1,790,000",2006,,,,,https://riyasewana.com/buy/suzuki-maruti-sale-galle-10893902,7,li,"Suzuki Maruti 2006 Car Galle Rs. 1,790,000 80000 (km) 2025-12-14",1790000
Toyota Vitz 2007 Car,"Rs. 5,300,000",2007,,,,,https://riyasewana.com/buy/toyota-vitz-sale-battaramulla-10893900,7,li,"Toyota Vitz 2007 Car Battaramulla Rs. 5,300,000 160000 (km) 2025-12-14",5300000
Toyota Prius 2016 Car,"Rs. 13,995,000",2016,,,,,https://riyasewana.com/buy/toyota-prius-sale-nugegoda-10893895,7,li,"Toyota Prius 2016 Car Nugegoda Rs. 13,995,000 120000 (km) 2025-12-14",13995000
Audi A6 2013 Car,"Rs. 13,800,000",2013,,,,,https://riyasewana.com/buy/audi-a6-sale-colombo-10893890,7,li,"Audi A6 2013 Car Colombo Rs. 13,800,000 61000 (km) 2025-12-14",13800000
BMW 520d 2013 Car,"Rs. 19,000,000",2013,,,,,https://riyasewana.com/buy/bmw-520d-sale-colombo-10869167,8,li,"BMW 520d 2013 Car Colombo Rs. 19,000,000 145500 (km) 2025-12-09",19000000
Suzuki Baleno 2019 Car,"Rs. 8,000,000",2019,,,,,https://riyasewana.com/buy/suzuki-baleno-sale-kottawa-10862762,8,li,"Suzuki Baleno 2019 Car Kottawa Rs. 8,000,000 58000 (km) 2025-12-08",8000000
Suzuki Wagon R Stingray 2025 Car,"Rs. 9,250,000",2025,,,,,https://riyasewana.com/buy/suzuki-wagon-r-sale-kurunegala-10846970,8,li,"Suzuki Wagon R Stingray 2025 Car Kurunegala Rs. 9,250,000 2025-12-04",9250000
Nissan N16 2005 Car,"Rs. 4,150,000",2005,,,,,https://riyasewana.com/buy/nissan-n16-sale-gampaha-10890894,8,li,"Nissan N16 2005 Car Gampaha Rs. 4,150,000 125874 (km) 2025-12-14",4150000
BMW GT M Sport 2015 Car,"Rs. 25,600,000",2015,,,,,https://riyasewana.com/buy/bmw-gt-m-sale-nawala-10893889,8,li,"BMW GT M Sport 2015 Car Nawala Rs. 25,600,000 57000 (km) 2025-12-14",25600000
Micro Panda 2014 Car,"Rs. 2,895,000",2014,,,,,https://riyasewana.com/buy/micro-panda-sale-panadura-10893884,8,li,"Micro Panda 2014 Car Panadura Rs. 2,895,000 2025-12-14",2895000
Toyota Aqua S Limiterd 2012 Car,"Rs. 7,500,000",2012,,,,,https://riyasewana.com/buy/toyota-aqua-s-sale-tangalle-10893883,8,li,"Toyota Aqua S Limiterd 2012 Car Tangalle Rs. 7,500,000 141200 (km) 2025-12-14",7500000
Toyota AQUA X URBAN 2015 Car,"Rs. 7,950,000",2015,,,,,https://riyasewana.com/buy/toyota-aqua-x-sale-ragama-10893880,8,li,"Toyota AQUA X URBAN 2015 Car Ragama Rs. 7,950,000 117000 (km) 2025-12-14",7950000
Suzuki Spacia Custom Xs Safety Turbo 2018 Car,"Rs. 7,725,000",2018,,,,,https://riyasewana.com/buy/suzuki-spacia-custom-sale-kurunegala-10893877,8,li,"Suzuki Spacia Custom Xs Safety Turbo 2018 Car Kurunegala Rs. 7,725,000 82000 (km) 2025-12-14",7725000
Toyota Roomy 2025 Car,"Rs. 111,000,000",2025,,,,,https://riyasewana.com/buy/toyota-roomy-sale-kurunegala-10893875,8,li,"Toyota Roomy 2025 Car Kurunegala Rs. 111,000,000 2025-12-14",111000000
Suzuki Wagon R FX Safety 2024 Car,"Rs. 7,085,000",2024,,,,,https://riyasewana.com/buy/suzuki-wagon-r-sale-kesbewa-10893869,8,li,"Suzuki Wagon R FX Safety 2024 Car Kesbewa Rs. 7,085,000 17000 (km) 2025-12-14",7085000
Toyota AXIO 2008 Car,"Rs. 7,190,000",2008,,,,,https://riyasewana.com/buy/toyota-axio-sale-kottawa-10893866,8,li,"Toyota AXIO 2008 Car Kottawa Rs. 7,190,000 160000 (km) 2025-12-14",7190000
Hyundai Eon 2016 Car,"Rs. 3,675,000",2016,,,,,https://riyasewana.com/buy/hyundai-eon-sale-panadura-10893862,8,li,"Hyundai Eon 2016 Car Panadura Rs. 3,675,000 114000 (km) 2025-12-14",3675000
Suzuki Wagon R Stingray 2017 Car,"Rs. 6,670,000",2017,,,,,https://riyasewana.com/buy/suzuki-wagon-r-sale-malabe-10893861,8,li,"Suzuki Wagon R Stingray 2017 Car Malabe Rs. 6,670,000 61500 (km) 2025-12-14",6670000
Toyota SGL 1993 Car,"Rs. 1,585,000",1993,,,,,https://riyasewana.com/buy/toyota-sgl-sale-wennappuwa-10893858,8,li,"Toyota SGL 1993 Car Wennappuwa Rs. 1,585,000 11111 (km) 2025-12-14",1585000
Honda FIT GP1 2011 Car,,2011,,,,,https://riyasewana.com/buy/honda-fit-gp1-sale-ja-ela-10893855,8,li,Honda FIT GP1 2011 Car Ja-Ela Negotiable 173000 (km) 2025-12-14,0
Toyota Axio Limited 2009 Car,,2009,,,,,https://riyasewana.com/buy/toyota-axio-limited-sale-katunayake-10893846,8,li,Toyota Axio Limited 2009 Car Katunayake Negotiable 138231 (km) 2025-12-14,0
Nissan FB14 1995 Car,"Rs. 3,375,000",1995,,,,,https://riyasewana.com/buy/nissan-fb14-sale-nittambuwa-10893845,8,li,"Nissan FB14 1995 Car Nittambuwa Rs. 3,375,000 200000 (km) 2025-12-14",3375000
Toyota Vitz Edition 2 2018 Car,"Rs. 8,350,000",2018,,,,,https://riyasewana.com/buy/toyota-vitz-edition-sale-kotikawatta-10893843,8,li,"Toyota Vitz Edition 2 2018 Car Kotikawatta Rs. 8,350,000 69200 (km) 2025-12-14",8350000
Toyota Vitz Ksp90 2007 Car,"Rs. 5,380,000",2007,,,,,https://riyasewana.com/buy/toyota-vitz-ksp90-sale-chilaw-10893839,8,li,"Toyota Vitz Ksp90 2007 Car Chilaw Rs. 5,380,000 200345 (km) 2025-12-14",5380000
Honda N Box 2016 Car,,2016,,,,,https://riyasewana.com/buy/honda-n-box-sale-kandy-10893836,8,li,Honda N Box 2016 Car Kandy Negotiable 72000 (km) 2025-12-14,0
Toyota AXIO 2007 Car,"Rs. 7,175,000",2007,,,,,https://riyasewana.com/buy/toyota-axio-sale-colombo-10893829,8,li,"Toyota AXIO 2007 Car Colombo Rs. 7,175,000 177000 (km) 2025-12-14",7175000
Perodua Kenari 2007 Car,"Rs. 2,950,000",2007,,,,,https://riyasewana.com/buy/perodua-kenari-sale-embilipitiya-10893825,8,li,"Perodua Kenari 2007 Car Embilipitiya Rs. 2,950,000 200000 (km) 2025-12-14",2950000
Suzuki Swift Kei 2006 Car,"Rs. 3,775,000",2006,,,,,https://riyasewana.com/buy/suzuki-swift-kei-sale-kandy-10893823,8,li,"Suzuki Swift Kei 2006 Car Kandy Rs. 3,775,000 123456 (km) 2025-12-14",3775000
Toyota Starlet 1998 Car,,1998,,,,,https://riyasewana.com/buy/toyota-starlet-sale-chilaw-10893814,8,li,Toyota Starlet 1998 Car Chilaw Negotiable 2025-12-14,0
Kia Picanto 2016 Car,,2016,,,,,https://riyasewana.com/buy/kia-picanto-sale-kotte-10893808,8,li,Kia Picanto 2016 Car Kotte Negotiable 640000 (km) 2025-12-14,0
MG MG4 I SMART 2024 Car,"Rs. 13,000,000",2024,,,,,https://riyasewana.com/buy/mg-mg4-i-sale-gampaha-10893806,8,li,"MG MG4 I SMART 2024 Car Gampaha Rs. 13,000,000 12900 (km) 2025-12-14",13000000
Suzuki Alto 2015 Car,,2015,,,,,https://riyasewana.com/buy/suzuki-alto-sale-homagama-10893802,8,li,Suzuki Alto 2015 Car Homagama Negotiable 92000 (km) 2025-12-14,0
Audi A6 2013 Car,"Rs. 14,200,000",2013,,,,,https://riyasewana.com/buy/audi-a6-sale-colombo-10893795,8,li,"Audi A6 2013 Car Colombo Rs. 14,200,000 149715 (km) 2025-12-14",14200000
Nissan March K11 1998 Car,"Rs. 2,885,000",1998,,,,,https://riyasewana.com/buy/nissan-march-k11-sale-kegalle-10893794,8,li,"Nissan March K11 1998 Car Kegalle Rs. 2,885,000 2025-12-14",2885000
Nissan B12 1986 Car,"Rs. 1,550,000",1986,,,,,https://riyasewana.com/buy/nissan-b12-sale-anuradapura-10893786,8,li,"Nissan B12 1986 Car Anuradapura Rs. 1,550,000 2025-12-14",1550000
Suzuki Wagon R Fz Safety 2018 Car,"Rs. 6,900,000",2018,,,,,https://riyasewana.com/buy/suzuki-wagon-r-sale-ampara-10893783,8,li,"Suzuki Wagon R Fz Safety 2018 Car Ampara Rs. 6,900,000 102000 (km) 2025-12-14",6900000
Suzuki Spacia 2017 Car,"Rs. 7,200,000",2017,,,,,https://riyasewana.com/buy/suzuki-spacia-sale-gampaha-10893779,8,li,"Suzuki Spacia 2017 Car Gampaha Rs. 7,200,000 89000 (km) 2025-12-14",7200000
Peugeot 305 1987 Car,"Rs. 790,000",1987,,,,,https://riyasewana.com/buy/peugeot-305-sale-colombo-10893777,8,li,"Peugeot 305 1987 Car Colombo Rs. 790,000 2025-12-14",790000
Toyota Aqua 2012 Car,"Rs. 6,700,000",2012,,,,,https://riyasewana.com/buy/toyota-aqua-sale-galle-10893775,8,li,"Toyota Aqua 2012 Car Galle Rs. 6,700,000 137000 (km) 2025-12-14",6700000
Suzuki Baleno TURBO G 2017 Car,"Rs. 7,785,000",2017,,,,,https://riyasewana.com/buy/suzuki-baleno-turbo-sale-kiribathgoda-10893774,8,li,"Suzuki Baleno TURBO G 2017 Car Kiribathgoda Rs. 7,785,000 54560 (km) 2025-12-14",7785000
Toyota Vitz 2017 Car,"Rs. 7,250,000",2017,,,,,https://riyasewana.com/buy/toyota-vitz-sale-bandaragama-10893766,8,li,"Toyota Vitz 2017 Car Bandaragama Rs. 7,250,000 76000 (km) 2025-12-14",7250000
BMW 520d 2016 Car,"Rs. 30,500,000",2016,,,,,https://riyasewana.com/buy/bmw-520d-sale-matara-10893763,8,li,"BMW 520d 2016 Car Matara Rs. 30,500,000 95000 (km) 2025-12-14",30500000
Toyota Prius S 2010 Car,"Rs. 9,200,000",2010,,,,,https://riyasewana.com/buy/toyota-prius-s-sale-badulla-10893760,8,li,"Toyota Prius S 2010 Car Badulla Rs. 9,200,000 158000 (km) 2025-12-14",9200000
Suzuki Swift 2004 Car,,2004,,,,,https://riyasewana.com/buy/suzuki-swift-sale-kandy-10893746,8,li,Suzuki Swift 2004 Car Kandy Negotiable 124000 (km) 2025-12-14,0
Tata Indica 2005 Car,"Rs. 2,000,000",2005,,,,,https://riyasewana.com/buy/tata-indica-sale-colombo-10893745,8,li,"Tata Indica 2005 Car Colombo Rs. 2,000,000 300000 (km) 2025-12-14",2000000
Nissan March K11 2003 Car,"Rs. 3,250,000",2003,,,,,https://riyasewana.com/buy/nissan-march-k11-sale-kottawa-10893742,8,li,"Nissan March K11 2003 Car Kottawa Rs. 3,250,000 155000 (km) 2025-12-14",3250000
Suzuki Swift 2007 Car,"Rs. 5,375,000",2007,,,,,https://riyasewana.com/buy/suzuki-swift-sale-wennappuwa-10893740,8,li,"Suzuki Swift 2007 Car Wennappuwa Rs. 5,375,000 128000 (km) 2025-12-14",5375000
Suzuki Wagon R FX Safety 2024 Car,"Rs. 7,250,000",2024,,,,,https://riyasewana.com/buy/suzuki-wagon-r-sale-matara-10893738,8,li,"Suzuki Wagon R FX Safety 2024 Car Matara Rs. 7,250,000 7000 (km) 2025-12-14",7250000
Suzuki Wagon R FX S Hybrid 2024 Car,"Rs. 8,150,000",2024,Hybrid,,,,https://riyasewana.com/buy/suzuki-wagon-r-sale-colombo-10871041,9,li,"Suzuki Wagon R FX S Hybrid 2024 Car Colombo Rs. 8,150,000 3000 (km) 2025-12-10",8150000
Suzuki Alto 2024 Car,"Rs. 7,090,000",2024,,,,,https://riyasewana.com/buy/suzuki-alto-sale-gampaha-10885927,9,li,"Suzuki Alto 2024 Car Gampaha Rs. 7,090,000 8600 (km) 2025-12-13",7090000
BMW 318i 2018 Car,,2018,,,,,https://riyasewana.com/buy/bmw-318i-sale-ja-ela-10879111,9,li,BMW 318i 2018 Car Ja-Ela Negotiable 34000 (km) 2025-12-11,0
Suzuki Wagon R FX Hybride 2024 Car,"Rs. 8,100,000",2024,Hybrid,,,,https://riyasewana.com/buy/suzuki-wagon-r-sale-kadawatha-10853898,9,li,"Suzuki Wagon R FX Hybride 2024 Car Kadawatha Rs. 8,100,000 1650 (km) 2025-12-06",8100000
Suzuki Celerio X 2018 Car,"Rs. 5,675,000",2018,,,,,https://riyasewana.com/buy/suzuki-celerio-x-sale-kadawatha-10893729,9,li,"Suzuki Celerio X 2018 Car Kadawatha Rs. 5,675,000 92000 (km) 2025-12-14",5675000
Honda Grace Ex2 2015 Car,"Rs. 9,550,000",2015,,,,,https://riyasewana.com/buy/honda-grace-ex2-sale-anuradapura-10893727,9,li,"Honda Grace Ex2 2015 Car Anuradapura Rs. 9,550,000 174500 (km) 2025-12-14",9550000
Suzuki Alto Japan 2015 Car,,2015,,,,,https://riyasewana.com/buy/suzuki-alto-japan-sale-battaramulla-10893723,9,li,Suzuki Alto Japan 2015 Car Battaramulla Negotiable 56785 (km) 2025-12-14,0
Suzuki Alto LXI 2006 Car,"Rs. 2,850,000",2006,,,,,https://riyasewana.com/buy/suzuki-alto-lxi-sale-avissawella-10893721,9,li,"Suzuki Alto LXI 2006 Car Avissawella Rs. 2,850,000 137000 (km) 2025-12-14",2850000
Toyota Premio 2017 Car,"Rs. 14,550,000",2017,,,,,https://riyasewana.com/buy/toyota-premio-sale-galle-10893719,9,li,"Toyota Premio 2017 Car Galle Rs. 14,550,000 85000 (km) 2025-12-14",14550000
Mitsubishi Mitsubishi 1985 Car,"Rs. 700,000",1985,,,,,https://riyasewana.com/buy/mitsubishi-mitsubishi-sale-moneragala-10893718,9,li,"Mitsubishi Mitsubishi 1985 Car Moneragala Rs. 700,000 2025-12-14",700000
Suzuki Wagon R FX Hybrid 2024 Car,"Rs. 7,975,000",2024,Hybrid,,,,https://riyasewana.com/buy/suzuki-wagon-r-sale-mirigama-10893712,9,li,"Suzuki Wagon R FX Hybrid 2024 Car Mirigama Rs. 7,975,000 1980 (km) 2025-12-14",7975000
Toyota Axio WXB 2018 Car,"Rs. 12,350,000",2018,,,,,https://riyasewana.com/buy/toyota-axio-wxb-sale-galle-10893706,9,li,"Toyota Axio WXB 2018 Car Galle Rs. 12,350,000 90000 (km) 2025-12-14",12350000
Toyota Prius 4th Generation 2016 Car,"Rs. 13,500,000",2016,,,,,https://riyasewana.com/buy/toyota-prius-4th-sale-marawila-10893703,9,li,"Toyota Prius 4th Generation 2016 Car Marawila Rs. 13,500,000 175000 (km) 2025-12-14",13500000
Suzuki Wagon R Stingray 2018 Car,"Rs. 6,945,000",2018,,,,,https://riyasewana.com/buy/suzuki-wagon-r-sale-colombo-10893700,9,li,"Suzuki Wagon R Stingray 2018 Car Colombo Rs. 6,945,000 120000 (km) 2025-12-14",6945000
Suzuki Alto Sport 2010 Car,"Rs. 3,050,000",2010,,,,,https://riyasewana.com/buy/suzuki-alto-sport-sale-dompe-10893699,9,li,"Suzuki Alto Sport 2010 Car Dompe Rs. 3,050,000 138450 (km) 2025-12-14",3050000
Toyota Ke72 Dx Wagon 1986 Car,"Rs. 1,650,000",1986,,,,,https://riyasewana.com/buy/toyota-ke72-dx-sale-ratnapura-10893697,9,li,"Toyota Ke72 Dx Wagon 1986 Car Ratnapura Rs. 1,650,000 200000 (km) 2025-12-14",1650000
Suzuki Swift 2003 Car,"Rs. 3,985,000",2003,,,,,https://riyasewana.com/buy/suzuki-swift-sale-gampaha-10893694,9,li,"Suzuki Swift 2003 Car Gampaha Rs. 3,985,000 147000 (km) 2025-12-14",3985000
Toyota Premio G Superior 2013 Car,"Rs. 11,650,000",2013,,,,,https://riyasewana.com/buy/toyota-premio-g-sale-kandy-10893693,9,li,"Toyota Premio G Superior 2013 Car Kandy Rs. 11,650,000 130000 (km) 2025-12-14",11650000
Suzuki Wagon R Premium 2017 Car,"Rs. 6,275,000",2017,,,,,https://riyasewana.com/buy/suzuki-wagon-r-sale-homagama-10893692,9,li,"Suzuki Wagon R Premium 2017 Car Homagama Rs. 6,275,000 85500 (km) 2025-12-14",6275000
Suzuki ALTO 2012 Car,,2012,,,,,https://riyasewana.com/buy/suzuki-alto-sale-polonnaruwa-10893690,9,li,Suzuki ALTO 2012 Car Polonnaruwa Negotiable 2025-12-14,0
Micro Panda Lc 2012 Car,,2012,,,,,https://riyasewana.com/buy/micro-panda-lc-sale-kegalle-10889652,9,li,Micro Panda Lc 2012 Car Kegalle Negotiable 120000 (km) 2025-12-14,0
Suzuki Alto 2015 Car,"Rs. 3,580,000",2015,,,,,https://riyasewana.com/buy/suzuki-alto-sale-kesbewa-10893689,9,li,"Suzuki Alto 2015 Car Kesbewa Rs. 3,580,000 120000 (km) 2025-12-14",3580000
Toyota Passo 2009 Car,"Rs. 4,775,000",2009,,,,,https://riyasewana.com/buy/toyota-passo-sale-colombo-10893688,9,li,"Toyota Passo 2009 Car Colombo Rs. 4,775,000 120000 (km) 2025-12-14",4775000
Suzuki Alto L Import 2024 Car,,2024,,,,,https://riyasewana.com/buy/suzuki-alto-l-sale-homagama-10893684,9,li,Suzuki Alto L Import 2024 Car Homagama Negotiable 5000 (km) 2025-12-14,0
Suzuki Alto 800 2016 Car,"Rs. 3,750,000",2016,,,,,https://riyasewana.com/buy/suzuki-alto-800-sale-bandaragama-10893683,9,li,"Suzuki Alto 800 2016 Car Bandaragama Rs. 3,750,000 106000 (km) 2025-12-14",3750000
Suzuki Alto 800 LXI 2015 Car,"Rs. 3,600,000",2015,,800 L,,,https://riyasewana.com/buy/suzuki-alto-800-sale-polgahawela-10893678,9,li,"Suzuki Alto 800 LXI 2015 Car Polgahawela Rs. 3,600,000 61000 (km) 2025-12-14",3600000
Toyota Prius 3rd Gen 2011 Car,"Rs. 9,600,000",2011,,,,,https://riyasewana.com/buy/toyota-prius-3rd-sale-homagama-10893677,9,li,"Toyota Prius 3rd Gen 2011 Car Homagama Rs. 9,600,000 100000 (km) 2025-12-14",9600000
Toyota Prius 2013 Car,,2013,,,,,https://riyasewana.com/buy/toyota-prius-sale-gampaha-10893671,9,li,Toyota Prius 2013 Car Gampaha Negotiable 164000 (km) 2025-12-14,0
Toyota Prius 4th Generation W51 2016 Car,,2016,,,,,https://riyasewana.com/buy/toyota-prius-4th-sale-matara-10893670,9,li,Toyota Prius 4th Generation W51 2016 Car Matara Negotiable 130000 (km) 2025-12-14,0
Toyota Allion 2015 Car,,2015,,,,,https://riyasewana.com/buy/toyota-allion-sale-kandy-10893669,9,li,Toyota Allion 2015 Car Kandy Negotiable 73000 (km) 2025-12-14,0
Toyota Vitz Edition 3 2019 Car,"Rs. 8,750,000",2019,,,,,https://riyasewana.com/buy/toyota-vitz-edition-sale-divulapitiya-10893666,9,li,"Toyota Vitz Edition 3 2019 Car Divulapitiya Rs. 8,750,000 88000 (km) 2025-12-14",8750000
Honda FIT GP5 2014 Car,"Rs. 8,300,000",2014,,,,,https://riyasewana.com/buy/honda-fit-gp5-sale-kadawatha-10893665,9,li,"Honda FIT GP5 2014 Car Kadawatha Rs. 8,300,000 129500 (km) 2025-12-14",8300000
Toyota Vitz 2008 Car,"Rs. 5,625,000",2008,,,,,https://riyasewana.com/buy/toyota-vitz-sale-moratuwa-10893662,9,li,"Toyota Vitz 2008 Car Moratuwa Rs. 5,625,000 130000 (km) 2025-12-14",5625000
Suzuki Alto Japan 2017 Car,"Rs. 5,350,000",2017,,,,,https://riyasewana.com/buy/suzuki-alto-japan-sale-maharagama-10893647,9,li,"Suzuki Alto Japan 2017 Car Maharagama Rs. 5,350,000 60500 (km) 2025-12-14",5350000
Suzuki ALTO 2006 Car,,2006,,,,,https://riyasewana.com/buy/suzuki-alto-sale-polonnaruwa-10893644,9,li,Suzuki ALTO 2006 Car Polonnaruwa Negotiable 2025-12-14,0
Toyota Corolla 1998 Car,"Rs. 5,300,000",1998,,,,,https://riyasewana.com/buy/toyota-corolla-sale-beruwala-10893641,9,li,"Toyota Corolla 1998 Car Beruwala Rs. 5,300,000 150000 (km) 2025-12-14",5300000
Micro Panda Cross 2014 Car,"Rs. 3,390,000",2014,,,,,https://riyasewana.com/buy/micro-panda-cross-sale-kelaniya-10893631,9,li,"Micro Panda Cross 2014 Car Kelaniya Rs. 3,390,000 131500 (km) 2025-12-14",3390000
Toyota NZE121 Japan 2004 Car,"Rs. 6,250,000",2004,,,,,https://riyasewana.com/buy/toyota-nze121-japan-sale-kadawatha-10893624,9,li,"Toyota NZE121 Japan 2004 Car Kadawatha Rs. 6,250,000 180000 (km) 2025-12-14",6250000
Nissan FB15 Super Saloon ECO 1999 Car,"Rs. 3,700,000",1999,,,,,https://riyasewana.com/buy/nissan-fb15-super-sale-polonnaruwa-10893623,9,li,"Nissan FB15 Super Saloon ECO 1999 Car Polonnaruwa Rs. 3,700,000 338000 (km) 2025-12-14",3700000
Honda GP1 Fit Shes 2012 Car,"Rs. 6,790,000",2012,,,,,https://riyasewana.com/buy/honda-gp1-fit-sale-matara-10893621,9,li,"Honda GP1 Fit Shes 2012 Car Matara Rs. 6,790,000 125000 (km) 2025-12-14",6790000
Toyota Dx Wagon Ke74 1987 Car,"Rs. 1,525,000",1987,,,,,https://riyasewana.com/buy/toyota-dx-wagon-sale-kegalle-10893616,9,li,"Toyota Dx Wagon Ke74 1987 Car Kegalle Rs. 1,525,000 2025-12-14",1525000
Chevrolet Cruze Gm Limited 2003 Car,"Rs. 4,075,000",2003,,,,,https://riyasewana.com/buy/chevrolet-cruze-gm-sale-piliyandala-10893611,9,li,"Chevrolet Cruze Gm Limited 2003 Car Piliyandala Rs. 4,075,000 139000 (km) 2025-12-14",4075000
Toyota Prius S 2013 Car,,2013,,,,,https://riyasewana.com/buy/toyota-prius-s-sale-matara-10893609,9,li,Toyota Prius S 2013 Car Matara Negotiable 153000 (km) 2025-12-14,0
Toyota Premio G Superior 2008 Car,,2008,,,,,https://riyasewana.com/buy/toyota-premio-g-sale-galle-10893608,9,li,Toyota Premio G Superior 2008 Car Galle Negotiable 165000 (km) 2025-12-14,0
Suzuki Wagon R FX S Hybrid 2024 Car,"Rs. 8,150,000",2024,Hybrid,,,,https://riyasewana.com/buy/suzuki-wagon-r-sale-colombo-10871041,10,li,"Suzuki Wagon R FX S Hybrid 2024 Car Colombo Rs. 8,150,000 3000 (km) 2025-12-10",8150000
Honda FIT GP5 2014 Car,"Rs. 7,700,000",2014,,,,,https://riyasewana.com/buy/honda-fit-gp5-sale-chilaw-10889548,10,li,"Honda FIT GP5 2014 Car Chilaw Rs. 7,700,000 192292 (km) 2025-12-13",7700000
Suzuki Baleno 2016 Car,"Rs. 7,250,000",2016,,,,,https://riyasewana.com/buy/suzuki-baleno-sale-piliyandala-10885365,10,li,"Suzuki Baleno 2016 Car Piliyandala Rs. 7,250,000 122000 (km) 2025-12-13",7250000
Micro Panda 2012 Car,"Rs. 2,675,000",2012,,,,,https://riyasewana.com/buy/micro-panda-sale-maharagama-10889028,10,li,"Micro Panda 2012 Car Maharagama Rs. 2,675,000 72000 (km) 2025-12-13",2675000
Daihatsu Move X Limited 2023 Car,"Rs. 7,190,000",2023,,,,,https://riyasewana.com/buy/daihatsu-move-x-sale-kadawatha-10893604,10,li,"Daihatsu Move X Limited 2023 Car Kadawatha Rs. 7,190,000 4100 (km) 2025-12-14",7190000
BMW 520D 5 Series 2013 Car,,2013,,,,,https://riyasewana.com/buy/bmw-520d-5-sale-gampaha-10893597,10,li,BMW 520D 5 Series 2013 Car Gampaha Negotiable 171 (km) 2025-12-14,0
Suzuki Swift Rs Turbo 2017 Car,,2017,,,,,https://riyasewana.com/buy/suzuki-swift-rs-sale-gampaha-10893595,10,li,Suzuki Swift Rs Turbo 2017 Car Gampaha Negotiable 99000 (km) 2025-12-14,0
Toyota Corolla 1997 Car,"Rs. 5,200,000",1997,,,,,https://riyasewana.com/buy/toyota-corolla-sale-beruwala-10893593,10,li,"Toyota Corolla 1997 Car Beruwala Rs. 5,200,000 150000 (km) 2025-12-14",5200000
Honda Civic ES8 2005 Car,"Rs. 6,075,000",2005,,,,,https://riyasewana.com/buy/honda-civic-es8-sale-piliyandala-10893592,10,li,"Honda Civic ES8 2005 Car Piliyandala Rs. 6,075,000 195000 (km) 2025-12-14",6075000
Suzuki Wagon R FX Safety 2024 Car,"Rs. 7,450,000",2024,,,,,https://riyasewana.com/buy/suzuki-wagon-r-sale-colombo-10893590,10,li,"Suzuki Wagon R FX Safety 2024 Car Colombo Rs. 7,450,000 4500 (km) 2025-12-14",7450000
Honda City 2025 Car,"Rs. 13,000,000",2025,,,,,https://riyasewana.com/buy/honda-city-sale-colombo-10893588,10,li,"Honda City 2025 Car Colombo Rs. 13,000,000 11000 (km) 2025-12-14",13000000
Mitsubishi Lancer CK1 1999 Car,"Rs. 3,900,000",1999,,,,,https://riyasewana.com/buy/mitsubishi-lancer-ck1-sale-homagama-10893586,10,li,"Mitsubishi Lancer CK1 1999 Car Homagama Rs. 3,900,000 1 (km) 2025-12-14",3900000
Toyota Axio 2015 Car,"Rs. 9,900,000",2015,,,,,https://riyasewana.com/buy/toyota-axio-sale-embilipitiya-10893581,10,li,"Toyota Axio 2015 Car Embilipitiya Rs. 9,900,000 152000 (km) 2025-12-14",9900000
Suzuki ALTO 2015 Car,,2015,,,,,https://riyasewana.com/buy/suzuki-alto-sale-polonnaruwa-10893575,10,li,Suzuki ALTO 2015 Car Polonnaruwa Negotiable 148000 (km) 2025-12-14,0
Suzuki Maruti 2006 Car,,2006,,,,,https://riyasewana.com/buy/suzuki-maruti-sale-piliyandala-10893573,10,li,Suzuki Maruti 2006 Car Piliyandala Negotiable 80000 (km) 2025-12-14,0
Suzuki Swift ZC71 2007 Car,"Rs. 5,050,000",2007,,,,,https://riyasewana.com/buy/suzuki-swift-zc71-sale-colombo-10893572,10,li,"Suzuki Swift ZC71 2007 Car Colombo Rs. 5,050,000 125000 (km) 2025-12-14",5050000
Toyota Corona Premio CT210 1996 Car,"Rs. 3,975,000",1996,,,,,https://riyasewana.com/buy/toyota-corona-premio-sale-aluthgama-10893571,10,li,"Toyota Corona Premio CT210 1996 Car Aluthgama Rs. 3,975,000 2 (km) 2025-12-14",3975000
Suzuki Wagon R Stingray 2014 Car,"Rs. 5,550,000",2014,,,,,https://riyasewana.com/buy/suzuki-wagon-r-sale-piliyandala-10893567,10,li,"Suzuki Wagon R Stingray 2014 Car Piliyandala Rs. 5,550,000 94000 (km) 2025-12-14",5550000
Chery QQ 2007 Car,"Rs. 1,775,000",2007,,,,,https://riyasewana.com/buy/chery-qq-sale-matale-10893563,10,li,"Chery QQ 2007 Car Matale Rs. 1,775,000 38000 (km) 2025-12-14",1775000
Toyota Corolla 110 2000 Car,"Rs. 3,690,000",2000,,,,,https://riyasewana.com/buy/toyota-corolla-110-sale-matale-10893553,10,li,"Toyota Corolla 110 2000 Car Matale Rs. 3,690,000 33333 (km) 2025-12-14",3690000
Nissan March AK12 2002 Car,"Rs. 3,750,000",2002,,,,,https://riyasewana.com/buy/nissan-march-ak12-sale-colombo-10893552,10,li,"Nissan March AK12 2002 Car Colombo Rs. 3,750,000 131000 (km) 2025-12-14",3750000
Suzuki Maruti 2011 Car,,2011,,,,,https://riyasewana.com/buy/suzuki-maruti-sale-mirigama-10893550,10,li,Suzuki Maruti 2011 Car Mirigama Negotiable 96000 (km) 2025-12-14,0
Toyota VITZ 2ND EDITION SAFETY 2018 Car,"Rs. 8,375,000",2018,,,,,https://riyasewana.com/buy/toyota-vitz-2nd-sale-katunayake-10893547,10,li,"Toyota VITZ 2ND EDITION SAFETY 2018 Car Katunayake Rs. 8,375,000 79500 (km) 2025-12-14",8375000
Suzuki Alto Japan 2015 Car,,2015,,,,,https://riyasewana.com/buy/suzuki-alto-japan-sale-pannipitiya-10893546,10,li,Suzuki Alto Japan 2015 Car Pannipitiya Negotiable 150000 (km) 2025-12-14,0
Micro Panda 2014 Car,"Rs. 2,995,000",2014,,,,,https://riyasewana.com/buy/micro-panda-sale-gampaha-10893539,10,li,"Micro Panda 2014 Car Gampaha Rs. 2,995,000 45000 (km) 2025-12-14",2995000
Daihatsu TAFT G GRADE 2023 Car,"Rs. 8,225,000",2023,,,,,https://riyasewana.com/buy/daihatsu-taft-g-sale-horana-10893538,10,li,"Daihatsu TAFT G GRADE 2023 Car Horana Rs. 8,225,000 14580 (km) 2025-12-14",8225000
Micro Panda 2015 Car,"Rs. 3,070,000",2015,,,,,https://riyasewana.com/buy/micro-panda-sale-galle-10893537,10,li,"Micro Panda 2015 Car Galle Rs. 3,070,000 78000 (km) 2025-12-14",3070000
BMW E39 520i 1998 Car,"Rs. 6,300,000",1998,,,,,https://riyasewana.com/buy/bmw-e39-520i-sale-malabe-10893531,10,li,"BMW E39 520i 1998 Car Malabe Rs. 6,300,000 48000 (km) 2025-12-14",6300000
Nissan Trad Sunny HB12 1987 Car,"Rs. 1,700,000",1987,,,,,https://riyasewana.com/buy/nissan-trad-sunny-sale-kurunegala-10893524,10,li,"Nissan Trad Sunny HB12 1987 Car Kurunegala Rs. 1,700,000 220000 (km) 2025-12-14",1700000
Suzuki Swift Centre Antenna 2004 Car,"Rs. 3,975,000",2004,,,,,https://riyasewana.com/buy/suzuki-swift-centre-sale-battaramulla-10893515,10,li,"Suzuki Swift Centre Antenna 2004 Car Battaramulla Rs. 3,975,000 182000 (km) 2025-12-14",3975000
Honda CIVIC ES1 2004 Car,"Rs. 5,500,000",2004,,,,,https://riyasewana.com/buy/honda-civic-es1-sale-homagama-10893514,10,li,"Honda CIVIC ES1 2004 Car Homagama Rs. 5,500,000 250000 (km) 2025-12-14",5500000
Toyota Vitz 2016 Car,"Rs. 6,800,000",2016,,,,,https://riyasewana.com/buy/toyota-vitz-sale-kiribathgoda-10893510,10,li,"Toyota Vitz 2016 Car Kiribathgoda Rs. 6,800,000 121000 (km) 2025-12-14",6800000
Suzuki Wagon R Hybrid 2024 Car,"Rs. 7,450,000",2024,Hybrid,,,,https://riyasewana.com/buy/suzuki-wagon-r-sale-ragama-10893504,10,li,"Suzuki Wagon R Hybrid 2024 Car Ragama Rs. 7,450,000 3000 (km) 2025-12-14",7450000
Toyota Vitz Safety Edition 2017 Car,"Rs. 7,450,000",2017,,,,,https://riyasewana.com/buy/toyota-vitz-safety-sale-colombo-10893503,10,li,"Toyota Vitz Safety Edition 2017 Car Colombo Rs. 7,450,000 99000 (km) 2025-12-14",7450000
Suzuki Alto 2015 Car,"Rs. 3,925,000",2015,,,,,https://riyasewana.com/buy/suzuki-alto-sale-matugama-10893493,10,li,"Suzuki Alto 2015 Car Matugama Rs. 3,925,000 87652 (km) 2025-12-14",3925000
Hyundai Accent 2001 Car,"Rs. 875,000",2001,,,,,https://riyasewana.com/buy/hyundai-accent-sale-homagama-10893489,10,li,"Hyundai Accent 2001 Car Homagama Rs. 875,000 2025-12-14",875000
Nissan FB15 Super Saloon 2000 Car,"Rs. 4,350,000",2000,,,,,https://riyasewana.com/buy/nissan-fb15-super-sale-pannala-10893488,10,li,"Nissan FB15 Super Saloon 2000 Car Pannala Rs. 4,350,000 170000 (km) 2025-12-14",4350000
Daihatsu Mira X Limited 2025 Car,"Rs. 7,050,000",2025,,,,,https://riyasewana.com/buy/daihatsu-mira-x-sale-kadawatha-10893480,10,li,"Daihatsu Mira X Limited 2025 Car Kadawatha Rs. 7,050,000 2000 (km) 2025-12-14",7050000
Tata Indica 2004 Car,"Rs. 1,800,000",2004,,,,,https://riyasewana.com/buy/tata-indica-sale-malabe-10893478,10,li,"Tata Indica 2004 Car Malabe Rs. 1,800,000 1150000 (km) 2025-12-14",1800000
Toyota Roomy Custom GT 2023 Car,"Rs. 11,490,000",2023,,,,,https://riyasewana.com/buy/toyota-roomy-custom-sale-colombo-10893477,10,li,"Toyota Roomy Custom GT 2023 Car Colombo Rs. 11,490,000 22000 (km) 2025-12-14",11490000
Suzuki Alto K10 2015 Car,"Rs. 4,190,000",2015,,,,,https://riyasewana.com/buy/suzuki-alto-k10-sale-ratnapura-10893475,10,li,"Suzuki Alto K10 2015 Car Ratnapura Rs. 4,190,000 117350 (km) 2025-12-14",4190000
Peugeot 406 2003 Car,"Rs. 2,975,000",2003,,,,,https://riyasewana.com/buy/peugeot-406-sale-homagama-10893473,10,li,"Peugeot 406 2003 Car Homagama Rs. 2,975,000 1234 (km) 2025-12-14",2975000
Suzuki Maruti 800 2011 Car,"Rs. 2,350,000",2011,,,,,https://riyasewana.com/buy/suzuki-maruti-800-sale-piliyandala-10893469,10,li,"Suzuki Maruti 800 2011 Car Piliyandala Rs. 2,350,000 117000 (km) 2025-12-14",2350000
Nissan March K11 1997 Car,"Rs. 550,000",1997,,,,,https://riyasewana.com/buy/nissan-march-k11-sale-dehiwala-mount-lavinia-10893468,10,li,"Nissan March K11 1997 Car Dehiwala-Mount-Lavinia Rs. 550,000 89000 (km) 2025-12-14",550000
