Text,Price,Year,Page
"Displaying 1 - 40 of 71315 Search Results
1
2
3
4
5
6
7
8
9
10
11
12
13
14
15
16
17
18
19
20
...1783
Next
Honda Vezel 2025 SUV
Colombo
Rs. 20,200,000
","Rs. 20,200,000",2025,1
"Displaying 1 - 40 of 71315 Search Results
1
2
3
4
5
6
7
8
9
10
11
12
13
14
15
16
17
18
19
20
...1783
Next
Honda Vezel 2025 SUV
Colombo
Rs. 20,200,000
","Rs. 20,200,000",2025,1
"Honda Vezel 2025 SUV
Colombo
Rs. 20,200,000
100 (km)
2025-12-08","Rs. 20,200,000",2025,1
"Toyota Aqua G Grade 2014 Car
Colombo
Rs. 7,500,000
102000 (km)
2025-12-08","Rs. 7,500,000",2014,1
"Honda Fit Gp1 Navi Premium 2012 Car
Kesbewa
Rs. 6,450,000
169000 (km)
2025-12-14","Rs. 6,450,000",2012,1
"Toyota Aqua 2013 Car
Colombo
Rs. 7,600,000
104000 (km)
2025-12-14","Rs. 7,600,000",2013,1
"Other Snow Fox 2016 Bus
Homagama
Rs. 16,800,000
198000 (km)
2025-12-14","Rs. 16,800,000",2016,1
"Toyota VITZ 1.3 PUSH 2011 Car
Ratnapura
Rs. 5,975,000
91375 (km)
2025-12-14","Rs. 5,975,000",2011,1
"Bajaj Platina 100 Es 2016 Motorbike
Avissawella
Rs. 350,000
110000 (km)
2025-12-14","Rs. 350,000",2016,1
"Piaggio Ape 2011 Three Wheel
Embilipitiya
Rs. 1,125,000
1111 (km)
2025-12-14","Rs. 1,125,000",2011,1
"Honda Today 2024 Motorbike
Galle
Rs. 290,000
20000 (km)
2025-12-14","Rs. 290,000",2024,1
"Suzuki Wagon R FX Hybrid Safety 2023 Car
Anuradapura
Rs. 7,550,000
7400 (km)
2025-12-14","Rs. 7,550,000",2023,1
"Yamaha Ray Zr 2017 Motorbike
Moratuwa
Rs. 470,000
45000 (km)
2025-12-14","Rs. 470,000",2017,1
"Bajaj 4 Stroke 2013 Three Wheel
Kandy
Rs. 1,220,000
67500 (km)
2025-12-14","Rs. 1,220,000",2013,1
"Home / All Ads / Car
Displaying 40 - 80 of 24201 Search Results
Previous
1
2
3
4
5
6
7
8
9
10
11
12
13
14
15
16
17
18
19
20
...606
Next
Suzuki Wagon R","Rs. 8,850,000",2024,2
"Home / All Ads / Car
Displaying 40 - 80 of 24201 Search Results
Previous
1
2
3
4
5
6
7
8
9
10
11
12
13
14
15
16
17
18
19
20
...606
Next
Suzuki Wagon R","Rs. 8,850,000",2024,2
"Suzuki Wagon R Custom ZX 2024 Car
Nittambuwa
Rs. 8,850,000
8000 (km)
2025-12-06","Rs. 8,850,000",2024,2
"Suzuki WAGON R CUSTOM Z 2025 Car
Colombo
Rs. 7,750,000
2025-12-09","Rs. 7,750,000",2025,2
"Mitsubishi Colt 1986 Car
Mawanella
Rs. 1,050,000
2025-12-09","Rs. 1,050,000",1986,2
"Nissan March 2003 Car
Matara
Rs. 3,195,000
122000 (km)
2025-12-14","Rs. 3,195,000",2003,2
"Honda Grace Ex 2016 Car
Maharagama
Rs. 9,675,000
108000 (km)
2025-12-14","Rs. 9,675,000",2016,2
"Toyota Soluna 2001 Car
Ambalangoda
Rs. 3,350,000
210000 (km)
2025-12-14","Rs. 3,350,000",2001,2
"Toyota Vitz KSP130 Safety Edition 2015 Car
Kandy
Rs. 7,550,000
81500 (km)
2025-12-14","Rs. 7,550,000",2015,2
"Suzuki Alto 2016 Car
Kandy
Rs. 3,985,000
109000 (km)
2025-12-14","Rs. 3,985,000",2016,2
"Mitsubishi Lancer 1979 Car
Badulla
Rs. 365,000
265000 (km)
2025-12-14","Rs. 365,000",1979,2
"Mitsubishi Lancer EX 2013 Car
Panadura
Rs. 9,700,000
194960 (km)
2025-12-14","Rs. 9,700,000",2013,2
"Suzuki Alto 2016 Car
Ja-Ela
Rs. 3,700,000
3 (km)
2025-12-14","Rs. 3,700,000",2016,2
"Toyota Carina 1998 Car
Kegalle
Rs. 5,150,000
273000 (km)
2025-12-14","Rs. 5,150,000",1998,2
"Micro Panda 2015 Car
Matara
Rs. 3,175,000
29000 (km)
2025-12-14","Rs. 3,175,000",2015,2
"Toyota Allion 240 2006 Car
Galle
Rs. 6,900,000
2025-12-14","Rs. 6,900,000",2006,2
"Suzuki Alto 2015 Car
Matugama
Rs. 3,750,000
130000 (km)
2025-12-14","Rs. 3,750,000",2015,2
