Title,Price,Year,Fuel,Engine,Transmission,Posted,URL,Page,Price_Numeric
BMW 520d 2013 Car,"Rs. 19,000,000",2013,,,,,https://riyasewana.com/buy/bmw-520d-sale-colombo-10869167,1,19000000
Bajaj Discover 2013 Motorbike,"Rs. 295,000",2013,,,,,https://riyasewana.com/buy/bajaj-discover-sale-kotte-10893506,1,295000
Daihatsu Mira E.S L SA 3 2025 Car,"Rs. 7,150,000",2025,,,,,https://riyasewana.com/buy/daihatsu-mira-e-s-sale-nugegoda-10888727,1,7150000
Toyota Premio 2007 Car,"Rs. 8,900,000",2007,,,,,https://riyasewana.com/buy/toyota-premio-sale-colombo-10851547,1,8900000
Toyota Aqua 2012 Car,"Rs. 7,850,000",2012,,,,,https://riyasewana.com/buy/toyota-aqua-sale-colombo-10894730,1,7850000
Bajaj RE 2015 Three Wheel,"Rs. 1,450,000",2015,,,,,https://riyasewana.com/buy/bajaj-re-sale-bandaragama-10894729,1,1450000
Yadea Yadiya 2024 Motorbike,"Rs. 275,000",2024,,,,,https://riyasewana.com/buy/yadea-yadiya-sale-kegalle-10894728,1,275000
Toyota Vios 2008 Car,"Rs. 6,800,000",2008,,,,,https://riyasewana.com/buy/toyota-vios-sale-kandy-10894727,1,6800000
Yamaha V90 1997 Motorbike,"Rs. 118,000",1997,,,,,https://riyasewana.com/buy/yamaha-v90-sale-kandy-10894726,1,118000
Suzuki Wagon R Stingray 2014 Car,"Rs. 5,625,000",2014,,,,,https://riyasewana.com/buy/suzuki-wagon-r-sale-panadura-10894725,1,5625000
Suzuki ALTO 2015 Car,"Rs. 3,590,000",2015,,,,,https://riyasewana.com/buy/suzuki-alto-sale-galle-10894724,1,3590000
Yamaha Ray Zr 2025 Motorbike,"Rs. 689,900",2025,,,,,https://riyasewana.com/buy/yamaha-ray-zr-sale-trincomalee-10894723,1,689900
Toyota Aqua X Urban 2015 Car,,2015,,,,,https://riyasewana.com/buy/toyota-aqua-x-sale-jaffna-10894721,1,0
Nissan Fb 14 1996 Car,"Rs. 2,925,000",1996,,,,,https://riyasewana.com/buy/nissan-fb-14-sale-matugama-10894720,1,2925000
Honda Grazia 2018 Motorbike,"Rs. 535,000",2018,,,,,https://riyasewana.com/buy/honda-grazia-sale-tangalle-10894719,1,535000
Toyota Axio G Grade 2008 Car,,2008,,,,,https://riyasewana.com/buy/toyota-axio-g-sale-nugegoda-10894718,1,0
Toyota Hiace 109 1993 Van,"Rs. 7,325,000",1993,,,,,https://riyasewana.com/buy/toyota-hiace-109-sale-mawanella-10894717,1,7325000
Yamaha Tw 225 2014 Motorbike,"Rs. 885,000",2014,,,,,https://riyasewana.com/buy/yamaha-tw-225-sale-badulla-10894716,1,885000
Suzuki Hustler 2025 Car,"Rs. 7,950,000",2025,,,,,https://riyasewana.com/buy/suzuki-hustler-sale-kandy-10894715,1,7950000
Toyota Belta 1300 CC 2008 Car,"Rs. 6,500,000",2008,,1300 CC,,,https://riyasewana.com/buy/toyota-belta-1300-sale-kottawa-10894714,1,6500000
Toyota Premio 2019 Car,"Rs. 17,800,000",2019,,,,,https://riyasewana.com/buy/toyota-premio-sale-nugegoda-10894713,1,17800000
Toyota Hiace 109 1993 Van,"Rs. 7,325,000",1993,,,,,https://riyasewana.com/buy/toyota-hiace-109-sale-mawanella-10894711,1,7325000
Honda Vezel Z Orange Package 2015 Car,"Rs. 9,875,000",2015,,,,,https://riyasewana.com/buy/honda-vezel-z-sale-nugegoda-10894710,1,9875000
Toyota Hiace 109 1993 Van,"Rs. 7,325,000",1993,,,,,https://riyasewana.com/buy/toyota-hiace-109-sale-mawanella-10894709,1,7325000
Honda 48cc 2020 Motorbike,"Rs. 165,000",2020,,48cc,,,https://riyasewana.com/buy/honda-48cc-sale-kandy-10894708,1,165000
Suzuki Burgman 2019 Motorbike,"Rs. 475,000",2019,,,,,https://riyasewana.com/buy/suzuki-burgman-sale-mirigama-10894706,1,475000
Honda Gp1 Moon Roof 2013 Car,,2013,,,,,https://riyasewana.com/buy/honda-gp1-moon-sale-galle-10894705,1,0
Honda Grace Ex 2015 Car,"Rs. 8,775,000",2015,,,,,https://riyasewana.com/buy/honda-grace-ex-sale-kandy-10894703,1,8775000
Toyota Premio G Superior 2011 Car,"Rs. 9,975,000",2011,,,,,https://riyasewana.com/buy/toyota-premio-g-sale-nugegoda-10894702,1,9975000
Toyota Townace CR26 1985 Van,"Rs. 2,450,000",1985,,,,,https://riyasewana.com/buy/toyota-townace-cr26-sale-divulapitiya-10894700,1,2450000
Toyota Aqua 2014 Car,,2014,,,,,https://riyasewana.com/buy/toyota-aqua-sale-gampaha-10894699,1,0
Suzuki ALTO 2015 Car,"Rs. 3,600,000",2015,,,,,https://riyasewana.com/buy/suzuki-alto-sale-galle-10894698,1,3600000
Bajaj RE 2006 Three Wheel,"Rs. 820,000",2006,,,,,https://riyasewana.com/buy/bajaj-re-sale-matale-10894697,1,820000
Nissan N16 Super Saloon N17 2011 Car,"Rs. 4,800,000",2011,,,,,https://riyasewana.com/buy/nissan-n16-super-sale-homagama-10894696,1,4800000
Suzuki Wagon R Stingray 2018 Car,"Rs. 6,900,000",2018,,,,,https://riyasewana.com/buy/suzuki-wagon-r-sale-kurunegala-10894695,1,6900000
Bajaj RE 2020 Three Wheel,"Rs. 1,685,000",2020,,,,,https://riyasewana.com/buy/bajaj-re-sale-gampaha-10894694,1,1685000
Hero Pleasure 2010 Motorbike,"Rs. 220,000",2010,,,,,https://riyasewana.com/buy/hero-pleasure-sale-kandy-10894692,1,220000
Daihatsu Mira X Grade 2023 Car,"Rs. 6,650,000",2023,,,,,https://riyasewana.com/buy/daihatsu-mira-x-sale-kadawatha-10894691,1,6650000
Toyota Noah Kr42 2002 Van,"Rs. 735,000",2002,,,,,https://riyasewana.com/buy/toyota-noah-kr42-sale-wennappuwa-10894690,1,735000
Volvo S40 2003 Car,"Rs. 4,880,000",2003,,,,,https://riyasewana.com/buy/volvo-s40-sale-kandy-10894689,1,4880000
Toyota Prius 2012 Car,,2012,,,,,https://riyasewana.com/buy/toyota-prius-sale-ja-ela-10894688,1,0
Toyota Belta 2011 Car,,2011,,,,,https://riyasewana.com/buy/toyota-belta-sale-gampaha-10894687,1,0
Nissan March 2003 Car,"Rs. 3,195,000",2003,,,,,https://riyasewana.com/buy/nissan-march-sale-matara-10894686,1,3195000
Bajaj 135 2010 Motorbike,"Rs. 340,000",2010,,,,,https://riyasewana.com/buy/bajaj-135-sale-kurunegala-10894685,1,340000
Suzuki Spacia Custom XS TURBO 2025 Car,,2025,,,,,https://riyasewana.com/buy/suzuki-spacia-custom-sale-kandy-10864008,2,0
Daihatsu Mira Es Limited G Grade 2024 Car,,2024,,,,,https://riyasewana.com/buy/daihatsu-mira-es-sale-panadura-10894131,2,0
Daihatsu Mira X Limited LED Version 2023 Car,"Rs. 6,650,000",2023,,,,,https://riyasewana.com/buy/daihatsu-mira-x-sale-colombo-10891086,2,6650000
Toyota Premio G Superior 2010 Car,,2010,,,,,https://riyasewana.com/buy/toyota-premio-g-sale-colombo-10891733,2,0
Toyota ROOMY CUSTOM G 2025 Car,"Rs. 11,600,000",2025,,,,,https://riyasewana.com/buy/toyota-roomy-custom-sale-kandy-10894626,2,11600000
Suzuki Swift 2004 Car,"Rs. 4,500,000",2004,,,,,https://riyasewana.com/buy/suzuki-swift-sale-gampaha-10894625,2,4500000
Toyota Vios 2003 Car,"Rs. 5,450,000",2003,,,,,https://riyasewana.com/buy/toyota-vios-sale-negombo-10894623,2,5450000
Toyota Allion 240 2002 Car,"Rs. 6,325,000",2002,,,,,https://riyasewana.com/buy/toyota-allion-240-sale-chilaw-10894622,2,6325000
Suzuki Liana 2003 Car,"Rs. 3,200,000",2003,,,,,https://riyasewana.com/buy/suzuki-liana-sale-malabe-10894620,2,3200000
Suzuki Wagon R CUSTOM ZT TURBO 2024 Car,"Rs. 9,350,000",2024,,,,,https://riyasewana.com/buy/suzuki-wagon-r-sale-kandy-10894616,2,9350000
Toyota Vitz Safety 2020 Car,,2020,,,,,https://riyasewana.com/buy/toyota-vitz-safety-sale-avissawella-10894613,2,0
Nissan March Ak11 2007 Car,"Rs. 4,400,000",2007,,,,,https://riyasewana.com/buy/nissan-march-ak11-sale-kadawatha-10894610,2,4400000
Daihatsu Mira 2023 Car,"Rs. 6,100,000",2023,,,,,https://riyasewana.com/buy/daihatsu-mira-sale-kandy-10894608,2,6100000
Suzuki Alto 2011 Car,"Rs. 3,200,000",2011,,,,,https://riyasewana.com/buy/suzuki-alto-sale-colombo-10894607,2,3200000
Kia Picanto Full Spec 2016 Car,"Rs. 5,390,000",2016,,,,,https://riyasewana.com/buy/kia-picanto-full-sale-colombo-10894605,2,5390000
Suzuki Alto 2014 Car,"Rs. 3,725,000",2014,,,,,https://riyasewana.com/buy/suzuki-alto-sale-kandy-10894602,2,3725000
Nissan FB15 2001 Car,"Rs. 3,975,000",2001,,,,,https://riyasewana.com/buy/nissan-fb15-sale-matale-10894599,2,3975000
Volkswagen Beetal 1958 Car,"Rs. 190,000",1958,,,,,https://riyasewana.com/buy/volkswagen-beetal-sale-bandaragama-10894590,2,190000
Suzuki Celerio 2015 Car,"Rs. 4,790,000",2015,,,,,https://riyasewana.com/buy/suzuki-celerio-sale-nugegoda-10894582,2,4790000
Suzuki Alto 800 LXI 2015 Car,"Rs. 3,650,000",2015,,800 L,,,https://riyasewana.com/buy/suzuki-alto-800-sale-matara-10894581,2,3650000
Suzuki Alto Lxi 2015 Car,"Rs. 3,590,000",2015,,,,,https://riyasewana.com/buy/suzuki-alto-lxi-sale-galle-10894577,2,3590000
Toyota AE100 SE LIMITED 1996 Car,,1996,,,,,https://riyasewana.com/buy/toyota-ae100-se-sale-homagama-10894573,2,0
Toyota Aqua 2012 Car,"Rs. 7,250,000",2012,,,,,https://riyasewana.com/buy/toyota-aqua-sale-ratnapura-10894570,2,7250000
Suzuki WAGON R STINGRAY 2014 Car,"Rs. 5,690,000",2014,,,,,https://riyasewana.com/buy/suzuki-wagon-r-sale-kandy-10894565,2,5690000
Suzuki Swift 2010 Car,"Rs. 6,390,000",2010,,,,,https://riyasewana.com/buy/suzuki-swift-sale-chilaw-10894564,2,6390000
Suzuki Alto Lxi 2012 Car,"Rs. 3,025,000",2012,,,,,https://riyasewana.com/buy/suzuki-alto-lxi-sale-galle-10894563,2,3025000
Toyota Allion 2007 Car,"Rs. 8,500,000",2007,,,,,https://riyasewana.com/buy/toyota-allion-sale-bentota-10894562,2,8500000
Suzuki Wagon R 2017 Car,"Rs. 5,800,000",2017,,,,,https://riyasewana.com/buy/suzuki-wagon-r-sale-marawila-10894560,2,5800000
Nissan Trad Sunny HB12 1985 Car,"Rs. 1,750,000",1985,,,,,https://riyasewana.com/buy/nissan-trad-sunny-sale-mawanella-10894556,2,1750000
Nissan Bluebird 1988 Car,"Rs. 450,000",1988,,,,,https://riyasewana.com/buy/nissan-bluebird-sale-tangalle-10894548,2,450000
Suzuki Wagon R Stingray Safety Hybrid 2018 Car,"Rs. 7,995,000",2018,Hybrid,,,,https://riyasewana.com/buy/suzuki-wagon-r-sale-horana-10894547,2,7995000
Toyota Prius 2012 Car,"Rs. 8,900,000",2012,,,,,https://riyasewana.com/buy/toyota-prius-sale-moneragala-10894544,2,8900000
Toyota Vitz 3rd Edition 2019 Car,"Rs. 8,950,000",2019,,,,,https://riyasewana.com/buy/toyota-vitz-3rd-sale-kelaniya-10894538,2,8950000
Suzuki Maruti 2008 Car,"Rs. 2,150,000",2008,,,,,https://riyasewana.com/buy/suzuki-maruti-sale-matara-10894537,2,2150000
Toyota Corolla 110 1997 Car,,1997,,,,,https://riyasewana.com/buy/toyota-corolla-110-sale-kuliyapitiya-10894533,2,0
Suzuki ALTO JAPAN 2023 Car,"Rs. 685,000",2023,,,,,https://riyasewana.com/buy/suzuki-alto-japan-sale-horana-10894531,2,685000
Audi A3 Sportback S Line 2023 Car,"Rs. 19,225,000",2023,,,,,https://riyasewana.com/buy/audi-a3-sportback-sale-colombo-10894524,2,19225000
Toyota Aqua GS Sport 2014 Car,"Rs. 8,575,000",2014,,,,,https://riyasewana.com/buy/toyota-aqua-gs-sale-avissawella-10894523,2,8575000
Daihatsu MIRA X LIMITED 2024 Car,,2024,,,,,https://riyasewana.com/buy/daihatsu-mira-x-sale-horana-10894519,2,0
Daihatsu MIRA G GRADE 2024 Car,"Rs. 7,050,000",2024,,,,,https://riyasewana.com/buy/daihatsu-mira-g-sale-nugegoda-10894514,2,7050000
Toyota Corolla Ke55 1978 Car,"Rs. 455,000",1978,,,,,https://riyasewana.com/buy/toyota-corolla-ke55-sale-gampaha-10894513,2,455000
Datsun B211 1987 Car,"Rs. 1,275,000",1987,,,,,https://riyasewana.com/buy/datsun-b211-sale-panadura-10894507,2,1275000
Nissan FB13 1992 Car,"Rs. 2,150,000",1992,,,,,https://riyasewana.com/buy/nissan-fb13-sale-bandaragama-10894506,2,2150000
Toyota Passo Moda 2016 Car,"Rs. 6,950,000",2016,,,,,https://riyasewana.com/buy/toyota-passo-moda-sale-matara-10894505,2,6950000
Toyota Axio 2016 Car,,2016,,,,,https://riyasewana.com/buy/toyota-axio-sale-kandy-10888530,3,0
Toyota PASSO 2009 Car,"Rs. 5,250,000",2009,,,,,https://riyasewana.com/buy/toyota-passo-sale-dompe-10871427,3,5250000
Nissan Dayz Highway Star X Hybrid 2024 Car,"Rs. 8,350,000",2024,Hybrid,,,,https://riyasewana.com/buy/nissan-dayz-highway-sale-colombo-10891093,3,8350000
Toyota PRIUS 4th Generation W50 2016 Car,"Rs. 14,200,000",2016,,,,,https://riyasewana.com/buy/toyota-prius-4th-sale-kandana-10882922,3,14200000
Toyota Premio NZT260 G SUPERIOR 2019 Car,"Rs. 17,500,000",2019,,,,,https://riyasewana.com/buy/toyota-premio-nzt260-sale-battaramulla-10894503,3,17500000
Toyota Prius 2011 Car,"Rs. 8,750,000",2011,,,,,https://riyasewana.com/buy/toyota-prius-sale-piliyandala-10894500,3,8750000
Nissan FB14 1994 Car,"Rs. 2,790,000",1994,,,,,https://riyasewana.com/buy/nissan-fb14-sale-matara-10894498,3,2790000
Honda Fit Gp1 Navi Premium 2012 Car,"Rs. 6,450,000",2012,,,,,https://riyasewana.com/buy/honda-fit-gp1-sale-kesbewa-10894495,3,6450000
Toyota Vitz 2019 Car,"Rs. 8,975,000",2019,,,,,https://riyasewana.com/buy/toyota-vitz-sale-kegalle-10894488,3,8975000
Volkswagen Polo R-Line 2023 Car,"Rs. 12,950,000",2023,,,,,https://riyasewana.com/buy/volkswagen-polo-r-line-sale-colombo-10894478,3,12950000
Honda Grace Ex 2015 Car,,2015,,,,,https://riyasewana.com/buy/honda-grace-ex-sale-kandy-10894477,3,0
Toyota Premio G Superior 2019 Car,"Rs. 17,600,000",2019,,,,,https://riyasewana.com/buy/toyota-premio-g-sale-negombo-10894472,3,17600000
Perodua Viva Elite 2011 Car,"Rs. 4,250,000",2011,,,,,https://riyasewana.com/buy/perodua-viva-elite-sale-galle-10894471,3,4250000
Suzuki Alto 2015 Car,"Rs. 3,790,000",2015,,,,,https://riyasewana.com/buy/suzuki-alto-sale-hanwella-10894470,3,3790000
Toyota Vitz 2008 Car,,2008,,,,,https://riyasewana.com/buy/toyota-vitz-sale-colombo-10894466,3,0
Toyota Allion 260 2013 Car,"Rs. 10,800,000",2013,,,,,https://riyasewana.com/buy/toyota-allion-260-sale-ragama-10894463,3,10800000
Nissan FB13 Doctor Sunny 1993 Car,"Rs. 2,075,000",1993,,,,,https://riyasewana.com/buy/nissan-fb13-doctor-sale-chilaw-10894455,3,2075000
Suzuki Wagon R Stingray 2014 Car,"Rs. 5,690,000",2014,,,,,https://riyasewana.com/buy/suzuki-wagon-r-sale-panadura-10894454,3,5690000
Volkswagen Passat B5.5 2001 Car,,2001,,,,,https://riyasewana.com/buy/volkswagen-passat-b5-5-sale-kegalle-10894445,3,0
Suzuki Maruti Esteem 1998 Car,"Rs. 1,850,000",1998,,,,,https://riyasewana.com/buy/suzuki-maruti-esteem-sale-kaduwela-10894439,3,1850000
Toyota ALLION 240 2006 Car,,2006,,,,,https://riyasewana.com/buy/toyota-allion-240-sale-bandarawela-10894438,3,0
Suzuki Alto Japan 2008 Car,"Rs. 4,000,000",2008,,,,,https://riyasewana.com/buy/suzuki-alto-japan-sale-matugama-10894437,3,4000000
Suzuki 0773781398 2018 Car,"Rs. 7,050,000",2018,,,,,https://riyasewana.com/buy/suzuki-0773781398-sale-mirigama-10894436,3,7050000
Suzuki Alto Japan 2016 Car,"Rs. 5,325,000",2016,,,,,https://riyasewana.com/buy/suzuki-alto-japan-sale-colombo-10894434,3,5325000
Toyota 110 1997 Car,"Rs. 2,950,000",1997,,,,,https://riyasewana.com/buy/toyota-110-sale-bandaragama-10894433,3,2950000
Nissan FB12 1990 Car,"Rs. 2,050,000",1990,,,,,https://riyasewana.com/buy/nissan-fb12-sale-kurunegala-10894431,3,2050000
Toyota Dx Wagon Ke72 1986 Car,,1986,,,,,https://riyasewana.com/buy/toyota-dx-wagon-sale-mirigama-10894430,3,0
Nissan Wingroad Y12 2007 Car,"Rs. 4,865,000",2007,,,,,https://riyasewana.com/buy/nissan-wingroad-y12-sale-negombo-10894428,3,4865000
Toyota Corolla 121 2003 Car,"Rs. 5,500,000",2003,,,,,https://riyasewana.com/buy/toyota-corolla-121-sale-kandy-10894425,3,5500000
Toyota Corona AT170 1993 Car,"Rs. 1,890,000",1993,,,,,https://riyasewana.com/buy/toyota-corona-at170-sale-avissawella-10894420,3,1890000
Micro Panda 1.0 2015 Car,,2015,,,,,https://riyasewana.com/buy/micro-panda-1-0-sale-minuwangoda-10894419,3,0
Nissan Trad Sunny HB12 1989 Car,"Rs. 1,575,000",1989,,,,,https://riyasewana.com/buy/nissan-trad-sunny-sale-nittambuwa-10894416,3,1575000
Honda Fit Gp1 2013 Car,,2013,,,,,https://riyasewana.com/buy/honda-fit-gp1-sale-tangalle-10894413,3,0
Toyota Vitz 2018 Car,"Rs. 8,250,000",2018,,,,,https://riyasewana.com/buy/toyota-vitz-sale-battaramulla-10894400,3,8250000
Nissan AD Wagon Y10 1997 Car,"Rs. 2,750,000",1997,,,,,https://riyasewana.com/buy/nissan-ad-wagon-sale-horana-10894397,3,2750000
Mazda Familia 323 BG3P 1991 Car,,1991,,,,,https://riyasewana.com/buy/mazda-familia-323-sale-colombo-10894392,3,0
Honda FIT 2014 Car,"Rs. 8,200,000",2014,,,,,https://riyasewana.com/buy/honda-fit-sale-malabe-10894390,3,8200000
Suzuki Ertiga 07 Seater 2015 Car,"Rs. 5,575,000",2015,,,,,https://riyasewana.com/buy/suzuki-ertiga-07-sale-malabe-10894386,3,5575000
Kia Picanto 2016 Car,"Rs. 5,575,000",2016,,,,,https://riyasewana.com/buy/kia-picanto-sale-colombo-10894382,3,5575000
Nissan Super Saloon 1985 Car,"Rs. 1,495,000",1985,,,,,https://riyasewana.com/buy/nissan-super-saloon-sale-panadura-10894380,3,1495000
Mitsubishi Lancer Box 1983 Car,"Rs. 820,000",1983,,,,,https://riyasewana.com/buy/mitsubishi-lancer-box-sale-ampara-10894374,3,820000
Toyota VITZ KSP90 2008 Car,"Rs. 5,640,000",2008,,,,,https://riyasewana.com/buy/toyota-vitz-ksp90-sale-kandy-10894366,3,5640000
Suzuki WAGON R STINGRAY 2019 Car,"Rs. 7,250,000",2019,,,,,https://riyasewana.com/buy/suzuki-wagon-r-sale-kalmunai-10894364,3,7250000
Mitsubishi Galant VR4 V6 1997 Car,,1997,,,,,https://riyasewana.com/buy/mitsubishi-galant-vr4-sale-kottawa-10894362,3,0
Suzuki Wagon R Custom ZX Upgrade 2025 Car,"Rs. 8,975,000",2025,,,,,https://riyasewana.com/buy/suzuki-wagon-r-sale-wattala-10854021,4,8975000
Suzuki WAGON R FX SAFETY 2024 Car,"Rs. 7,125,000",2024,,,,,https://riyasewana.com/buy/suzuki-wagon-r-sale-veyangoda-10873062,4,7125000
Daihatsu Mira X Limited LED Version 2023 Car,"Rs. 6,650,000",2023,,,,,https://riyasewana.com/buy/daihatsu-mira-x-sale-colombo-10891086,4,6650000
Toyota Axio X Grade 2007 Car,"Rs. 7,260,000",2007,,,,,https://riyasewana.com/buy/toyota-axio-x-sale-colombo-10850129,4,7260000
Micro BAIC D 20 2017 Car,"Rs. 5,350,000",2017,,,,,https://riyasewana.com/buy/micro-baic-d-sale-welimada-10894360,4,5350000
Suzuki A-Star Zxi 2012 Car,"Rs. 4,150,000",2012,,,,,https://riyasewana.com/buy/suzuki-a-star-zxi-sale-ratnapura-10894358,4,4150000
Toyota Vitz 2008 Car,"Rs. 5,700,000",2008,,,,,https://riyasewana.com/buy/toyota-vitz-sale-kurunegala-10894355,4,5700000
Nissan FB15New Shell 2003 Car,"Rs. 4,675,000",2003,,,,,https://riyasewana.com/buy/nissan-fb15new-shell-sale-kandy-10894352,4,4675000
Toyota VITZ KSP90 2008 Car,"Rs. 5,650,000",2008,,,,,https://riyasewana.com/buy/toyota-vitz-ksp90-sale-kadawatha-10894349,4,5650000
Suzuki Alto Japan 2015 Car,,2015,,,,,https://riyasewana.com/buy/suzuki-alto-japan-sale-polonnaruwa-10894345,4,0
Suzuki Swift 2011 Car,"Rs. 6,200,000",2011,,,,,https://riyasewana.com/buy/suzuki-swift-sale-moneragala-10894341,4,6200000
Toyota Prius S Touring My Coordinatio 2014 Car,"Rs. 11,340,000",2014,,,,,https://riyasewana.com/buy/toyota-prius-s-sale-malabe-10894337,4,11340000
Nissan FB15 Ex Saloon 2003 Car,,2003,,,,,https://riyasewana.com/buy/nissan-fb15-ex-sale-anuradapura-10894335,4,0
Suzuki Wagon R Fx 2018 Car,"Rs. 5,995,000",2018,,,,,https://riyasewana.com/buy/suzuki-wagon-r-sale-kadawatha-10894333,4,5995000
Suzuki WAGON R STINGRAY J STYLE 2015 Car,"Rs. 6,150,000",2015,,,,,https://riyasewana.com/buy/suzuki-wagon-r-sale-kadawatha-10894332,4,6150000
Daihatsu ROCKY 2024 Car,"Rs. 11,950,000",2024,,,,,https://riyasewana.com/buy/daihatsu-rocky-sale-malabe-10894331,4,11950000
Toyota Allion 260 2008 Car,"Rs. 8,950,000",2008,,,,,https://riyasewana.com/buy/toyota-allion-260-sale-veyangoda-10894330,4,8950000
Toyota VITZ 2008 Car,"Rs. 6,090,000",2008,,,,,https://riyasewana.com/buy/toyota-vitz-sale-malabe-10894328,4,6090000
Suzuki Alto 2015 Car,"Rs. 4,000,000",2015,,,,,https://riyasewana.com/buy/suzuki-alto-sale-galle-10894323,4,4000000
Renault KWID 2016 Car,"Rs. 3,590,000",2016,,,,,https://riyasewana.com/buy/renault-kwid-sale-malabe-10894319,4,3590000
Suzuki SWIFT 2004 Car,"Rs. 4,250,000",2004,,,,,https://riyasewana.com/buy/suzuki-swift-sale-kurunegala-10894316,4,4250000
Perodua VIVA ELITE 2012 Car,"Rs. 4,200,000",2012,,,,,https://riyasewana.com/buy/perodua-viva-elite-sale-boralesgamuwa-10894313,4,4200000
Suzuki Wagon R 2017 Car,"Rs. 5,975,000",2017,,,,,https://riyasewana.com/buy/suzuki-wagon-r-sale-koggala-10894311,4,5975000
Micro Panda LC 1.0 2012 Car,"Rs. 2,590,000",2012,,,,,https://riyasewana.com/buy/micro-panda-lc-sale-malabe-10894309,4,2590000
Daewoo Matiz 2002 Car,"Rs. 1,690,000",2002,,,,,https://riyasewana.com/buy/daewoo-matiz-sale-malabe-10894306,4,1690000
Suzuki Swift 2008 Car,"Rs. 5,800,000",2008,,,,,https://riyasewana.com/buy/suzuki-swift-sale-dehiwala-mount-lavinia-10894299,4,5800000
Suzuki Wagon R 2014 Car,"Rs. 5,485,000",2014,,,,,https://riyasewana.com/buy/suzuki-wagon-r-sale-moratuwa-10894297,4,5485000
Suzuki Wagon R 2017 Car,"Rs. 6,250,000",2017,,,,,https://riyasewana.com/buy/suzuki-wagon-r-sale-embilipitiya-10894293,4,6250000
Toyota PASSO 2020 Car,"Rs. 6,550,000",2020,,,,,https://riyasewana.com/buy/toyota-passo-sale-moneragala-10894287,4,6550000
Micro Panda 2014 Car,,2014,,,,,https://riyasewana.com/buy/micro-panda-sale-colombo-10894286,4,0
Toyota Vitz 2008 Car,,2008,,,,,https://riyasewana.com/buy/toyota-vitz-sale-colombo-10894285,4,0
Toyota COROLLA AE110 1996 Car,"Rs. 3,390,000",1996,,,,,https://riyasewana.com/buy/toyota-corolla-ae110-sale-malabe-10894282,4,3390000
Toyota Corsa Tercel 1997 Car,,1997,,,,,https://riyasewana.com/buy/toyota-corsa-tercel-sale-kandy-10894277,4,0
Micro X25 2018 Car,"Rs. 2,200,000",2018,,,,,https://riyasewana.com/buy/micro-x25-sale-gampaha-10894270,4,2200000
Toyota Yaris X Grade 2023 Car,"Rs. 9,090,000",2023,,,,,https://riyasewana.com/buy/toyota-yaris-x-sale-piliyandala-10894269,4,9090000
Suzuki Alto 2015 Car,"Rs. 3,745,000",2015,,,,,https://riyasewana.com/buy/suzuki-alto-sale-horana-10894267,4,3745000
Daihatsu MIRA SAFETY 2023 Car,"Rs. 6,600,000",2023,,,,,https://riyasewana.com/buy/daihatsu-mira-safety-sale-boralesgamuwa-10894257,4,6600000
Honda Grace EX 2014 Car,"Rs. 9,250,000",2014,,,,,https://riyasewana.com/buy/honda-grace-ex-sale-kandy-10894253,4,9250000
Chevrolet Beat 2011 Car,"Rs. 3,100,000",2011,,,,,https://riyasewana.com/buy/chevrolet-beat-sale-ja-ela-10894249,4,3100000
Honda INSIGHT ZE2 2011 Car,"Rs. 7,550,000",2011,,,,,https://riyasewana.com/buy/honda-insight-ze2-sale-matara-10894243,4,7550000
Datsun Redi-GO 2017 Car,"Rs. 3,490,000",2017,,,,,https://riyasewana.com/buy/datsun-redi-go-sale-malabe-10894233,4,3490000
Hyundai Matrix 2002 Car,"Rs. 2,875,000",2002,,,,,https://riyasewana.com/buy/hyundai-matrix-sale-colombo-10894232,4,2875000
Daihatsu Daihatsu 1992 Car,,1992,,,,,https://riyasewana.com/buy/daihatsu-daihatsu-sale-balangoda-10894231,4,0
Toyota Axio G Grade 2010 Car,"Rs. 7,250,000",2010,,,,,https://riyasewana.com/buy/toyota-axio-g-sale-kandy-10894228,4,7250000
Toyota YARIS X GRADE 2024 Car,"Rs. 9,625,000",2024,,,,,https://riyasewana.com/buy/toyota-yaris-x-sale-kaduwela-10876740,5,9625000
Suzuki WAGON R CUSTOM Z 2025 Car,"Rs. 7,750,000",2025,,,,,https://riyasewana.com/buy/suzuki-wagon-r-sale-colombo-10866144,5,7750000
Toyota PRIUS 4th Generation W50 2016 Car,"Rs. 14,200,000",2016,,,,,https://riyasewana.com/buy/toyota-prius-4th-sale-kandana-10882922,5,14200000
Suzuki Wagon R Fx Safety 2023 Car,"Rs. 7,150,000",2023,,,,,https://riyasewana.com/buy/suzuki-wagon-r-sale-colombo-10891075,5,7150000
Suzuki Alto 2019 Car,"Rs. 4,390,000",2019,,,,,https://riyasewana.com/buy/suzuki-alto-sale-nugegoda-10894224,5,4390000
Volvo 740 GLE 1989 Car,,1989,,,,,https://riyasewana.com/buy/volvo-740-gle-sale-malabe-10894222,5,0
Toyota Corona AT 150 1987 Car,"Rs. 1,250,000",1987,,,,,https://riyasewana.com/buy/toyota-corona-at-sale-katunayake-10894216,5,1250000
Nissan March K11 2001 Car,,2001,,,,,https://riyasewana.com/buy/nissan-march-k11-sale-wattala-10894214,5,0
BMW 320i 2011 Car,,2011,,,,,https://riyasewana.com/buy/bmw-320i-sale-colombo-10894211,5,0
Kia Picanto 2016 Car,"Rs. 5,790,000",2016,,,,,https://riyasewana.com/buy/kia-picanto-sale-malabe-10894210,5,5790000
Suzuki Alto 2004 Car,,2004,,,,,https://riyasewana.com/buy/suzuki-alto-sale-kandy-10894207,5,0
Suzuki Spacia 2024 Car,"Rs. 8,350,000",2024,,,,,https://riyasewana.com/buy/suzuki-spacia-sale-colombo-10894201,5,8350000
Suzuki Wagon R Custome Z 2023 Car,"Rs. 8,375,000",2023,,,,,https://riyasewana.com/buy/suzuki-wagon-r-sale-galle-10894198,5,8375000
Suzuki Alto 2015 Car,"Rs. 3,950,000",2015,,,,,https://riyasewana.com/buy/suzuki-alto-sale-tangalle-10894196,5,3950000
Toyota Vitz 2009 Car,"Rs. 6,190,000",2009,,,,,https://riyasewana.com/buy/toyota-vitz-sale-malabe-10894193,5,6190000
Suzuki Baleno 2002 Car,"Rs. 2,500,000",2002,,,,,https://riyasewana.com/buy/suzuki-baleno-sale-colombo-10894191,5,2500000
Daihatsu MIRA ES SAFETY 2023 Car,"Rs. 6,390,000",2023,,,,,https://riyasewana.com/buy/daihatsu-mira-es-sale-galle-10894186,5,6390000
Toyota Vitz 2008 Car,"Rs. 5,490,000",2008,,,,,https://riyasewana.com/buy/toyota-vitz-sale-kotte-10894184,5,5490000
Mazda Axela 2014 Car,"Rs. 9,275,000",2014,,,,,https://riyasewana.com/buy/mazda-axela-sale-colombo-10894180,5,9275000
Perodua VIVA ELITE 2011 Car,"Rs. 4,790,000",2011,,,,,https://riyasewana.com/buy/perodua-viva-elite-sale-malabe-10894178,5,4790000
BMW 523i Stage 1 M5 Kitted 2010 Car,"Rs. 16,900,000",2010,,,,,https://riyasewana.com/buy/bmw-523i-stage-sale-colombo-10894172,5,16900000
Nissan N16 Super Saloon 2000 Car,,2000,,,,,https://riyasewana.com/buy/nissan-n16-super-sale-kandy-10894168,5,0
Nissan Wingroad WFY11 2003 Car,"Rs. 4,850,000",2003,,,,,https://riyasewana.com/buy/nissan-wingroad-wfy11-sale-gampaha-10894162,5,4850000
Nissan Sb14 1997 Car,"Rs. 2,925,000",1997,,,,,https://riyasewana.com/buy/nissan-sb14-sale-nuwara-eliya-10894159,5,2925000
Toyota PREMIO G SUPERIOR 2010 Car,"Rs. 10,390,000",2010,,,,,https://riyasewana.com/buy/toyota-premio-g-sale-nugegoda-10894158,5,10390000
Toyota Corolla Wagon 1996 Car,"Rs. 2,850,000",1996,,,,,https://riyasewana.com/buy/toyota-corolla-wagon-sale-gampaha-10894150,5,2850000
BMW 320D 2011 Car,"Rs. 11,800,000",2011,,,,,https://riyasewana.com/buy/bmw-320d-sale-kalutara-10894146,5,11800000
Honda Insight 2009 Car,"Rs. 6,850,000",2009,,,,,https://riyasewana.com/buy/honda-insight-sale-ja-ela-10894145,5,6850000
Suzuki WAGON R STINGRAY 2018 Car,"Rs. 7,490,000",2018,,,,,https://riyasewana.com/buy/suzuki-wagon-r-sale-nugegoda-10894144,5,7490000
Honda Fit GP4 2015 Car,,2015,,,,,https://riyasewana.com/buy/honda-fit-gp4-sale-kandy-10894142,5,0
Nissan FB15 Super Saloon 2003 Car,"Rs. 5,200,000",2003,,,,,https://riyasewana.com/buy/nissan-fb15-super-sale-ampara-10894140,5,5200000
Toyota Soluna 2004 Car,"Rs. 3,350,000",2004,,,,,https://riyasewana.com/buy/toyota-soluna-sale-warakapola-10894139,5,3350000
Suzuki Baleno 2016 Car,"Rs. 7,250,000",2016,,,,,https://riyasewana.com/buy/suzuki-baleno-sale-colombo-10894138,5,7250000
Mazda Luce 1970 Car,,1970,,,,,https://riyasewana.com/buy/mazda-luce-sale-kandy-10894137,5,0
Toyota ROOMY SAFETY DUAL POWER 2023 Car,"Rs. 9,300,000",2023,,,,,https://riyasewana.com/buy/toyota-roomy-safety-sale-boralesgamuwa-10894134,5,9300000
Daihatsu Mira Es Limited G Grade 2024 Car,,2024,,,,,https://riyasewana.com/buy/daihatsu-mira-es-sale-panadura-10894131,5,0
Suzuki Celerio VXI 2016 Car,"Rs. 5,475,000",2016,,,,,https://riyasewana.com/buy/suzuki-celerio-vxi-sale-colombo-10894130,5,5475000
Nissan FB14 1995 Car,,1995,,,,,https://riyasewana.com/buy/nissan-fb14-sale-kadawatha-10894126,5,0
Toyota Corona EST 150 1983 Car,"Rs. 1,590,000",1983,,,,,https://riyasewana.com/buy/toyota-corona-est-sale-nugegoda-10894125,5,1590000
Suzuki Alto 2011 Car,"Rs. 2,995,000",2011,,,,,https://riyasewana.com/buy/suzuki-alto-sale-kurunegala-10894121,5,2995000
Honda CIVIC 1986 Car,"Rs. 1,275,000",1986,,,,,https://riyasewana.com/buy/honda-civic-sale-matara-10894118,5,1275000
Mitsubishi EK WAGON 2016 Car,"Rs. 5,790,000",2016,,,,,https://riyasewana.com/buy/mitsubishi-ek-wagon-sale-malabe-10894113,5,5790000
Hyundai Accent 2000 Car,"Rs. 2,390,000",2000,,,,,https://riyasewana.com/buy/hyundai-accent-sale-padukka-10894106,5,2390000
Mazda FAMILIA 1986 Car,"Rs. 895,000",1986,,,,,https://riyasewana.com/buy/mazda-familia-sale-matara-10894101,5,895000
Nissan Dayz Highway Star X Hybrid 2024 Car,"Rs. 8,350,000",2024,Hybrid,,,,https://riyasewana.com/buy/nissan-dayz-highway-sale-colombo-10891093,6,8350000
Suzuki Wagon R Custom ZT 4-Way 2024 Car,"Rs. 9,250,000",2024,,,,,https://riyasewana.com/buy/suzuki-wagon-r-sale-nittambuwa-10890693,6,9250000
Toyota Premio G Superior 2010 Car,,2010,,,,,https://riyasewana.com/buy/toyota-premio-g-sale-colombo-10891733,6,0
Toyota Axio G Grade 2015 Car,"Rs. 10,900,000",2015,,,,,https://riyasewana.com/buy/toyota-axio-g-sale-ambalangoda-10892979,6,10900000
Nissan Dayz 2018 Car,"Rs. 5,555,000",2018,,,,,https://riyasewana.com/buy/nissan-dayz-sale-bandaragama-10894097,6,5555000
Toyota Vitz Safety Edition 2017 Car,"Rs. 7,390,000",2017,,,,,https://riyasewana.com/buy/toyota-vitz-safety-sale-wattala-10894095,6,7390000
Nissan FB15 2002 Car,"Rs. 4,750,000",2002,,,,,https://riyasewana.com/buy/nissan-fb15-sale-kandy-10894092,6,4750000
Hyundai Accent 2001 Car,"Rs. 2,320,000",2001,,,,,https://riyasewana.com/buy/hyundai-accent-sale-kelaniya-10894091,6,2320000
Proton WIRA 2000 Car,"Rs. 2,575,000",2000,,,,,https://riyasewana.com/buy/proton-wira-sale-homagama-10894089,6,2575000
Mazda Demio 2001 Car,,2001,,,,,https://riyasewana.com/buy/mazda-demio-sale-matara-10894087,6,0
Suzuki Maruti 2011 Car,"Rs. 2,300,000",2011,,,,,https://riyasewana.com/buy/suzuki-maruti-sale-negombo-10894086,6,2300000
Micro Panda 2012 Car,"Rs. 2,500,000",2012,,,,,https://riyasewana.com/buy/micro-panda-sale-anuradapura-10893260,6,2500000
Tata NANO LX 2011 Car,"Rs. 1,590,000",2011,,,,,https://riyasewana.com/buy/tata-nano-lx-sale-malabe-10894083,6,1590000
Hyundai ACCENT 2001 Car,"Rs. 2,320,000",2001,,,,,https://riyasewana.com/buy/hyundai-accent-sale-kelaniya-10894081,6,2320000
Toyota COROLLA 1988 Car,"Rs. 1,695,000",1988,,,,,https://riyasewana.com/buy/toyota-corolla-sale-homagama-10894078,6,1695000
Alfa-Romeo Giulia 156 1998 Car,"Rs. 3,600,000",1998,,,,,https://riyasewana.com/buy/alfa-romeo-giulia-156-sale-dehiwala-mount-lavinia-10894077,6,3600000
Suzuki Alto 2015 Car,"Rs. 3,850,000",2015,,,,,https://riyasewana.com/buy/suzuki-alto-sale-kegalle-10894075,6,3850000
Nissan NOTE 2010 Car,"Rs. 5,250,000",2010,,,,,https://riyasewana.com/buy/nissan-note-sale-panadura-10894062,6,5250000
Nissan Bluebird 1999 Car,"Rs. 3,475,000",1999,,,,,https://riyasewana.com/buy/nissan-bluebird-sale-homagama-10894061,6,3475000
Toyota Aqua 2014 Car,,2014,,,,,https://riyasewana.com/buy/toyota-aqua-sale-ragama-10894057,6,0
Toyota PREMIO 240 2002 Car,"Rs. 7,500,000",2002,,,,,https://riyasewana.com/buy/toyota-premio-240-sale-ragama-10894055,6,7500000
Toyota Axio G Grade 2015 Car,"Rs. 9,975,000",2015,,,,,https://riyasewana.com/buy/toyota-axio-g-sale-ambalangoda-10894052,6,9975000
Suzuki Zen 2000 Car,"Rs. 1,550,000",2000,,,,,https://riyasewana.com/buy/suzuki-zen-sale-nugegoda-10894051,6,1550000
Honda Grace Ex GM4 2016 Car,"Rs. 9,550,000",2016,,,,,https://riyasewana.com/buy/honda-grace-ex-sale-dehiwala-mount-lavinia-10894048,6,9550000
Toyota COROLLA DX 1984 Car,"Rs. 1,875,000",1984,,,,,https://riyasewana.com/buy/toyota-corolla-dx-sale-homagama-10894046,6,1875000
Toyota VITZ KSP90 2015 Car,"Rs. 7,285,000",2015,,,,,https://riyasewana.com/buy/toyota-vitz-ksp90-sale-ja-ela-10894045,6,7285000
Toyota Aqua 2013 Car,"Rs. 6,650,000",2013,,,,,https://riyasewana.com/buy/toyota-aqua-sale-katunayake-10894043,6,6650000
Suzuki Alto Lxi 2013 Car,"Rs. 3,390,000",2013,,,,,https://riyasewana.com/buy/suzuki-alto-lxi-sale-galle-10894040,6,3390000
Toyota PREMIO G SUPERIOR 2017 Car,"Rs. 15,000,000",2017,,,,,https://riyasewana.com/buy/toyota-premio-g-sale-kandy-10894035,6,15000000
Honda Insight 2010 Car,"Rs. 6,950,000",2010,,,,,https://riyasewana.com/buy/honda-insight-sale-galle-10894030,6,6950000
Suzuki Alto Japan 2003 Car,"Rs. 3,500,000",2003,,,,,https://riyasewana.com/buy/suzuki-alto-japan-sale-panadura-10894026,6,3500000
Mazda Mister 90 1995 Car,"Rs. 1,600,000",1995,,,,,https://riyasewana.com/buy/mazda-mister-90-sale-batticaloa-10894021,6,1600000
Toyota CORONA 1991 Car,"Rs. 2,055,000",1991,,,,,https://riyasewana.com/buy/toyota-corona-sale-homagama-10894020,6,2055000
Suzuki Alto 2016 Car,"Rs. 3,575,000",2016,,,,,https://riyasewana.com/buy/suzuki-alto-sale-colombo-10894018,6,3575000
Suzuki Maruti 800 2006 Car,"Rs. 1,990,000",2006,,,,,https://riyasewana.com/buy/suzuki-maruti-800-sale-gampaha-10894013,6,1990000
Suzuki Alto K10 Outomatic Vxi 2016 Car,"Rs. 4,290,000",2016,,,,,https://riyasewana.com/buy/suzuki-alto-k10-sale-galle-10894012,6,4290000
Toyota Premio 2017 Car,"Rs. 15,000,000",2017,,,,,https://riyasewana.com/buy/toyota-premio-sale-kandy-10894010,6,15000000
Toyota Carina AT 170 My Road 1992 Car,,1992,,,,,https://riyasewana.com/buy/toyota-carina-at-sale-wattala-10894009,6,0
Daihatsu Mira Pixis X Limited 2023 Car,"Rs. 6,490,000",2023,,,,,https://riyasewana.com/buy/daihatsu-mira-pixis-sale-ragama-10894008,6,6490000
Toyota Corolla Elephant Back 1997 Car,"Rs. 3,150,000",1997,,,,,https://riyasewana.com/buy/toyota-corolla-elephant-sale-ratnapura-10894004,6,3150000
Tata NANO 2016 Car,"Rs. 2,285,000",2016,,,,,https://riyasewana.com/buy/tata-nano-sale-homagama-10894000,6,2285000
Toyota AQUA 2012 Car,"Rs. 7,375,000",2012,,,,,https://riyasewana.com/buy/toyota-aqua-sale-homagama-10893999,6,7375000
Suzuki Alto Sports 2015 Car,"Rs. 3,755,000",2015,,,,,https://riyasewana.com/buy/suzuki-alto-sports-sale-gampaha-10893996,6,3755000
Suzuki WAGON R FZ 2014 Car,"Rs. 5,690,000",2014,,,,,https://riyasewana.com/buy/suzuki-wagon-r-sale-malabe-10893988,6,5690000
Honda FIT GP5 2014 Car,"Rs. 8,200,000",2014,,,,,https://riyasewana.com/buy/honda-fit-gp5-sale-boralesgamuwa-10872901,7,8200000
Honda Civic FD3 2008 Car,"Rs. 6,790,000",2008,,,,,https://riyasewana.com/buy/honda-civic-fd3-sale-kottawa-10882217,7,6790000
Daihatsu Mira L SA3 Import 2024 Car,"Rs. 5,950,000",2024,,,,,https://riyasewana.com/buy/daihatsu-mira-l-sale-colombo-10890732,7,5950000
Toyota Axio 2015 Car,"Rs. 10,600,000",2015,,,,,https://riyasewana.com/buy/toyota-axio-sale-malabe-10886276,7,10600000
Toyota Corolla Dx Wagon 1985 Car,"Rs. 1,050,000",1985,,,,,https://riyasewana.com/buy/toyota-corolla-dx-sale-kurunegala-10893986,7,1050000
Zotye Z100 2016 Car,"Rs. 2,975,000",2016,,,,,https://riyasewana.com/buy/zotye-z100-sale-kalutara-10893982,7,2975000
Honda Freed 2012 Car,"Rs. 3,000,000",2012,,,,,https://riyasewana.com/buy/honda-freed-sale-kalutara-10893976,7,3000000
Suzuki ALTO 2015 Car,"Rs. 3,975,000",2015,,,,,https://riyasewana.com/buy/suzuki-alto-sale-homagama-10893975,7,3975000
Nissan March 1997 Car,"Rs. 2,645,000",1997,,,,,https://riyasewana.com/buy/nissan-march-sale-panadura-10893973,7,2645000
Suzuki Swift Rs Turbo 2017 Car,"Rs. 8,475,000",2017,,,,,https://riyasewana.com/buy/suzuki-swift-rs-sale-maharagama-10893972,7,8475000
Honda Civic ES8 2001 Car,"Rs. 5,390,000",2001,,,,,https://riyasewana.com/buy/honda-civic-es8-sale-piliyandala-10893971,7,5390000
Suzuki Wagon R Fz Safety 2015 Car,"Rs. 5,575,000",2015,,,,,https://riyasewana.com/buy/suzuki-wagon-r-sale-kaduwela-10893968,7,5575000
Zotye Z100 2016 Car,"Rs. 3,195,000",2016,,,,,https://riyasewana.com/buy/zotye-z100-sale-panadura-10893966,7,3195000
Toyota Aqua S Grade 2012 Car,"Rs. 7,150,000",2012,,,,,https://riyasewana.com/buy/toyota-aqua-s-sale-matara-10893964,7,7150000
Suzuki MARUTI ZEN 2006 Car,,2006,,,,,https://riyasewana.com/buy/suzuki-maruti-zen-sale-homagama-10893962,7,0
Suzuki WAGON R FX 2017 Car,"Rs. 6,250,000",2017,,,,,https://riyasewana.com/buy/suzuki-wagon-r-sale-malabe-10893960,7,6250000
Toyota Aqua X Urban 2015 Car,"Rs. 8,650,000",2015,,,,,https://riyasewana.com/buy/toyota-aqua-x-sale-kurunegala-10893953,7,8650000
Nissan Y Y10 1997 Car,"Rs. 2,390,000",1997,,,,,https://riyasewana.com/buy/nissan-y-y10-sale-negombo-10893951,7,2390000
Suzuki Alto 2011 Car,"Rs. 3,100,000",2011,,,,,https://riyasewana.com/buy/suzuki-alto-sale-galle-10893949,7,3100000
Mitsubishi LANCER CK2A 1999 Car,"Rs. 5,175,000",1999,,,,,https://riyasewana.com/buy/mitsubishi-lancer-ck2a-sale-homagama-10893948,7,5175000
Datsun Redi-GO 2016 Car,"Rs. 3,295,000",2016,,,,,https://riyasewana.com/buy/datsun-redi-go-sale-panadura-10893945,7,3295000
Suzuki Alto 2007 Car,"Rs. 2,625,000",2007,,,,,https://riyasewana.com/buy/suzuki-alto-sale-kandy-10893944,7,2625000
Suzuki WAGON R 2017 Car,"Rs. 7,085,000",2017,,,,,https://riyasewana.com/buy/suzuki-wagon-r-sale-homagama-10893937,7,7085000
Toyota Allion 240 2006 Car,"Rs. 7,500,000",2006,,,,,https://riyasewana.com/buy/toyota-allion-240-sale-negombo-10893933,7,7500000
Daihatsu Taft 2023 Car,"Rs. 8,650,000",2023,,,,,https://riyasewana.com/buy/daihatsu-taft-sale-colombo-10893932,7,8650000
Suzuki Wagon R Stingray 2015 Car,"Rs. 6,000,000",2015,,,,,https://riyasewana.com/buy/suzuki-wagon-r-sale-colombo-10893931,7,6000000
Honda CIVIC 2010 Car,"Rs. 7,475,000",2010,,,,,https://riyasewana.com/buy/honda-civic-sale-homagama-10893930,7,7475000
Toyota Prius 2009 Car,"Rs. 8,995,000",2009,,,,,https://riyasewana.com/buy/toyota-prius-sale-panadura-10893929,7,8995000
Toyota Corolla AE80 1987 Car,"Rs. 1,250,000",1987,,,,,https://riyasewana.com/buy/toyota-corolla-ae80-sale-malabe-10893928,7,1250000
Toyota Corolla 121 2000 Car,"Rs. 6,200,000",2000,,,,,https://riyasewana.com/buy/toyota-corolla-121-sale-kurunegala-10893927,7,6200000
Toyota Roomy Custom GT Turbo 2023 Car,"Rs. 10,950,000",2023,,,,,https://riyasewana.com/buy/toyota-roomy-custom-sale-colombo-10893926,7,10950000
Toyota Aqua Urban S 2015 Car,,2015,,,,,https://riyasewana.com/buy/toyota-aqua-urban-sale-gampaha-10893925,7,0
Suzuki Swift 2004 Car,"Rs. 4,300,000",2004,,,,,https://riyasewana.com/buy/suzuki-swift-sale-minuwangoda-10893919,7,4300000
Suzuki Wagon R Fz Safety 2015 Car,"Rs. 5,580,000",2015,,,,,https://riyasewana.com/buy/suzuki-wagon-r-sale-kurunegala-10893916,7,5580000
Micro Panda 2017 Car,"Rs. 3,895,000",2017,,,,,https://riyasewana.com/buy/micro-panda-sale-panadura-10893914,7,3895000
Nissan SunnyFB13 1997 Car,"Rs. 2,500,000",1997,,,,,https://riyasewana.com/buy/nissan-sunnyfb13-sale-kadawatha-10893913,7,2500000
Suzuki Alto K10 2015 Car,"Rs. 4,500,000",2015,,,,,https://riyasewana.com/buy/suzuki-alto-k10-sale-anuradapura-10893911,7,4500000
Toyota Aqua 2012 Car,"Rs. 7,175,000",2012,,,,,https://riyasewana.com/buy/toyota-aqua-sale-galle-10893907,7,7175000
Toyota Yaris 2008 Car,"Rs. 6,500,000",2008,,,,,https://riyasewana.com/buy/toyota-yaris-sale-colombo-10893906,7,6500000
Suzuki Wagon R Fz Premium 2018 Car,"Rs. 6,790,000",2018,,,,,https://riyasewana.com/buy/suzuki-wagon-r-sale-anuradapura-10893904,7,6790000
Suzuki Maruti 2006 Car,"Rs. 1,790,000",2006,,,,,https://riyasewana.com/buy/suzuki-maruti-sale-galle-10893902,7,1790000
Toyota Vitz 2007 Car,"Rs. 5,300,000",2007,,,,,https://riyasewana.com/buy/toyota-vitz-sale-battaramulla-10893900,7,5300000
Toyota Prius 2016 Car,"Rs. 13,995,000",2016,,,,,https://riyasewana.com/buy/toyota-prius-sale-nugegoda-10893895,7,13995000
Audi A6 2013 Car,"Rs. 13,800,000",2013,,,,,https://riyasewana.com/buy/audi-a6-sale-colombo-10893890,7,13800000
BMW 520d 2013 Car,"Rs. 19,000,000",2013,,,,,https://riyasewana.com/buy/bmw-520d-sale-colombo-10869167,8,19000000
Suzuki Baleno 2019 Car,"Rs. 8,000,000",2019,,,,,https://riyasewana.com/buy/suzuki-baleno-sale-kottawa-10862762,8,8000000
Suzuki Wagon R Stingray 2025 Car,"Rs. 9,250,000",2025,,,,,https://riyasewana.com/buy/suzuki-wagon-r-sale-kurunegala-10846970,8,9250000
Nissan N16 2005 Car,"Rs. 4,150,000",2005,,,,,https://riyasewana.com/buy/nissan-n16-sale-gampaha-10890894,8,4150000
BMW GT M Sport 2015 Car,"Rs. 25,600,000",2015,,,,,https://riyasewana.com/buy/bmw-gt-m-sale-nawala-10893889,8,25600000
Micro Panda 2014 Car,"Rs. 2,895,000",2014,,,,,https://riyasewana.com/buy/micro-panda-sale-panadura-10893884,8,2895000
Toyota Aqua S Limiterd 2012 Car,"Rs. 7,500,000",2012,,,,,https://riyasewana.com/buy/toyota-aqua-s-sale-tangalle-10893883,8,7500000
Toyota AQUA X URBAN 2015 Car,"Rs. 7,950,000",2015,,,,,https://riyasewana.com/buy/toyota-aqua-x-sale-ragama-10893880,8,7950000
Suzuki Spacia Custom Xs Safety Turbo 2018 Car,"Rs. 7,725,000",2018,,,,,https://riyasewana.com/buy/suzuki-spacia-custom-sale-kurunegala-10893877,8,7725000
Toyota Roomy 2025 Car,"Rs. 111,000,000",2025,,,,,https://riyasewana.com/buy/toyota-roomy-sale-kurunegala-10893875,8,111000000
Suzuki Wagon R FX Safety 2024 Car,"Rs. 7,085,000",2024,,,,,https://riyasewana.com/buy/suzuki-wagon-r-sale-kesbewa-10893869,8,7085000
Toyota AXIO 2008 Car,"Rs. 7,190,000",2008,,,,,https://riyasewana.com/buy/toyota-axio-sale-kottawa-10893866,8,7190000
Hyundai Eon 2016 Car,"Rs. 3,675,000",2016,,,,,https://riyasewana.com/buy/hyundai-eon-sale-panadura-10893862,8,3675000
Suzuki Wagon R Stingray 2017 Car,"Rs. 6,670,000",2017,,,,,https://riyasewana.com/buy/suzuki-wagon-r-sale-malabe-10893861,8,6670000
Toyota SGL 1993 Car,"Rs. 1,585,000",1993,,,,,https://riyasewana.com/buy/toyota-sgl-sale-wennappuwa-10893858,8,1585000
Honda FIT GP1 2011 Car,,2011,,,,,https://riyasewana.com/buy/honda-fit-gp1-sale-ja-ela-10893855,8,0
Toyota Axio Limited 2009 Car,,2009,,,,,https://riyasewana.com/buy/toyota-axio-limited-sale-katunayake-10893846,8,0
Nissan FB14 1995 Car,"Rs. 3,375,000",1995,,,,,https://riyasewana.com/buy/nissan-fb14-sale-nittambuwa-10893845,8,3375000
Toyota Vitz Edition 2 2018 Car,"Rs. 8,350,000",2018,,,,,https://riyasewana.com/buy/toyota-vitz-edition-sale-kotikawatta-10893843,8,8350000
Toyota Vitz Ksp90 2007 Car,"Rs. 5,380,000",2007,,,,,https://riyasewana.com/buy/toyota-vitz-ksp90-sale-chilaw-10893839,8,5380000
Honda N Box 2016 Car,,2016,,,,,https://riyasewana.com/buy/honda-n-box-sale-kandy-10893836,8,0
Toyota AXIO 2007 Car,"Rs. 7,175,000",2007,,,,,https://riyasewana.com/buy/toyota-axio-sale-colombo-10893829,8,7175000
Perodua Kenari 2007 Car,"Rs. 2,950,000",2007,,,,,https://riyasewana.com/buy/perodua-kenari-sale-embilipitiya-10893825,8,2950000
Suzuki Swift Kei 2006 Car,"Rs. 3,775,000",2006,,,,,https://riyasewana.com/buy/suzuki-swift-kei-sale-kandy-10893823,8,3775000
Toyota Starlet 1998 Car,,1998,,,,,https://riyasewana.com/buy/toyota-starlet-sale-chilaw-10893814,8,0
Kia Picanto 2016 Car,,2016,,,,,https://riyasewana.com/buy/kia-picanto-sale-kotte-10893808,8,0
MG MG4 I SMART 2024 Car,"Rs. 13,000,000",2024,,,,,https://riyasewana.com/buy/mg-mg4-i-sale-gampaha-10893806,8,13000000
Suzuki Alto 2015 Car,,2015,,,,,https://riyasewana.com/buy/suzuki-alto-sale-homagama-10893802,8,0
Audi A6 2013 Car,"Rs. 14,200,000",2013,,,,,https://riyasewana.com/buy/audi-a6-sale-colombo-10893795,8,14200000
Nissan March K11 1998 Car,"Rs. 2,885,000",1998,,,,,https://riyasewana.com/buy/nissan-march-k11-sale-kegalle-10893794,8,2885000
Nissan B12 1986 Car,"Rs. 1,550,000",1986,,,,,https://riyasewana.com/buy/nissan-b12-sale-anuradapura-10893786,8,1550000
Suzuki Wagon R Fz Safety 2018 Car,"Rs. 6,900,000",2018,,,,,https://riyasewana.com/buy/suzuki-wagon-r-sale-ampara-10893783,8,6900000
Suzuki Spacia 2017 Car,"Rs. 7,200,000",2017,,,,,https://riyasewana.com/buy/suzuki-spacia-sale-gampaha-10893779,8,7200000
Peugeot 305 1987 Car,"Rs. 790,000",1987,,,,,https://riyasewana.com/buy/peugeot-305-sale-colombo-10893777,8,790000
Toyota Aqua 2012 Car,"Rs. 6,700,000",2012,,,,,https://riyasewana.com/buy/toyota-aqua-sale-galle-10893775,8,6700000
Suzuki Baleno TURBO G 2017 Car,"Rs. 7,785,000",2017,,,,,https://riyasewana.com/buy/suzuki-baleno-turbo-sale-kiribathgoda-10893774,8,7785000
Toyota Vitz 2017 Car,"Rs. 7,250,000",2017,,,,,https://riyasewana.com/buy/toyota-vitz-sale-bandaragama-10893766,8,7250000
BMW 520d 2016 Car,"Rs. 30,500,000",2016,,,,,https://riyasewana.com/buy/bmw-520d-sale-matara-10893763,8,30500000
Toyota Prius S 2010 Car,"Rs. 9,200,000",2010,,,,,https://riyasewana.com/buy/toyota-prius-s-sale-badulla-10893760,8,9200000
Suzuki Swift 2004 Car,,2004,,,,,https://riyasewana.com/buy/suzuki-swift-sale-kandy-10893746,8,0
Tata Indica 2005 Car,"Rs. 2,000,000",2005,,,,,https://riyasewana.com/buy/tata-indica-sale-colombo-10893745,8,2000000
Nissan March K11 2003 Car,"Rs. 3,250,000",2003,,,,,https://riyasewana.com/buy/nissan-march-k11-sale-kottawa-10893742,8,3250000
Suzuki Swift 2007 Car,"Rs. 5,375,000",2007,,,,,https://riyasewana.com/buy/suzuki-swift-sale-wennappuwa-10893740,8,5375000
Suzuki Wagon R FX Safety 2024 Car,"Rs. 7,250,000",2024,,,,,https://riyasewana.com/buy/suzuki-wagon-r-sale-matara-10893738,8,7250000
Suzuki Wagon R FX S Hybrid 2024 Car,"Rs. 8,150,000",2024,Hybrid,,,,https://riyasewana.com/buy/suzuki-wagon-r-sale-colombo-10871041,9,8150000
Suzuki Alto 2024 Car,"Rs. 7,090,000",2024,,,,,https://riyasewana.com/buy/suzuki-alto-sale-gampaha-10885927,9,7090000
BMW 318i 2018 Car,,2018,,,,,https://riyasewana.com/buy/bmw-318i-sale-ja-ela-10879111,9,0
Suzuki Wagon R FX Hybride 2024 Car,"Rs. 8,100,000",2024,Hybrid,,,,https://riyasewana.com/buy/suzuki-wagon-r-sale-kadawatha-10853898,9,8100000
Suzuki Celerio X 2018 Car,"Rs. 5,675,000",2018,,,,,https://riyasewana.com/buy/suzuki-celerio-x-sale-kadawatha-10893729,9,5675000
Honda Grace Ex2 2015 Car,"Rs. 9,550,000",2015,,,,,https://riyasewana.com/buy/honda-grace-ex2-sale-anuradapura-10893727,9,9550000
Suzuki Alto Japan 2015 Car,,2015,,,,,https://riyasewana.com/buy/suzuki-alto-japan-sale-battaramulla-10893723,9,0
Suzuki Alto LXI 2006 Car,"Rs. 2,850,000",2006,,,,,https://riyasewana.com/buy/suzuki-alto-lxi-sale-avissawella-10893721,9,2850000
Toyota Premio 2017 Car,"Rs. 14,550,000",2017,,,,,https://riyasewana.com/buy/toyota-premio-sale-galle-10893719,9,14550000
Mitsubishi Mitsubishi 1985 Car,"Rs. 700,000",1985,,,,,https://riyasewana.com/buy/mitsubishi-mitsubishi-sale-moneragala-10893718,9,700000
Suzuki Wagon R FX Hybrid 2024 Car,"Rs. 7,975,000",2024,Hybrid,,,,https://riyasewana.com/buy/suzuki-wagon-r-sale-mirigama-10893712,9,7975000
Toyota Axio WXB 2018 Car,"Rs. 12,350,000",2018,,,,,https://riyasewana.com/buy/toyota-axio-wxb-sale-galle-10893706,9,12350000
Toyota Prius 4th Generation 2016 Car,"Rs. 13,500,000",2016,,,,,https://riyasewana.com/buy/toyota-prius-4th-sale-marawila-10893703,9,13500000
Suzuki Wagon R Stingray 2018 Car,"Rs. 6,945,000",2018,,,,,https://riyasewana.com/buy/suzuki-wagon-r-sale-colombo-10893700,9,6945000
Suzuki Alto Sport 2010 Car,"Rs. 3,050,000",2010,,,,,https://riyasewana.com/buy/suzuki-alto-sport-sale-dompe-10893699,9,3050000
Toyota Ke72 Dx Wagon 1986 Car,"Rs. 1,650,000",1986,,,,,https://riyasewana.com/buy/toyota-ke72-dx-sale-ratnapura-10893697,9,1650000
Suzuki Swift 2003 Car,"Rs. 3,985,000",2003,,,,,https://riyasewana.com/buy/suzuki-swift-sale-gampaha-10893694,9,3985000
Toyota Premio G Superior 2013 Car,"Rs. 11,650,000",2013,,,,,https://riyasewana.com/buy/toyota-premio-g-sale-kandy-10893693,9,11650000
Suzuki Wagon R Premium 2017 Car,"Rs. 6,275,000",2017,,,,,https://riyasewana.com/buy/suzuki-wagon-r-sale-homagama-10893692,9,6275000
Suzuki ALTO 2012 Car,,2012,,,,,https://riyasewana.com/buy/suzuki-alto-sale-polonnaruwa-10893690,9,0
Micro Panda Lc 2012 Car,,2012,,,,,https://riyasewana.com/buy/micro-panda-lc-sale-kegalle-10889652,9,0
Suzuki Alto 2015 Car,"Rs. 3,580,000",2015,,,,,https://riyasewana.com/buy/suzuki-alto-sale-kesbewa-10893689,9,3580000
Toyota Passo 2009 Car,"Rs. 4,775,000",2009,,,,,https://riyasewana.com/buy/toyota-passo-sale-colombo-10893688,9,4775000
Suzuki Alto L Import 2024 Car,,2024,,,,,https://riyasewana.com/buy/suzuki-alto-l-sale-homagama-10893684,9,0
Suzuki Alto 800 2016 Car,"Rs. 3,750,000",2016,,,,,https://riyasewana.com/buy/suzuki-alto-800-sale-bandaragama-10893683,9,3750000
Suzuki Alto 800 LXI 2015 Car,"Rs. 3,600,000",2015,,800 L,,,https://riyasewana.com/buy/suzuki-alto-800-sale-polgahawela-10893678,9,3600000
Toyota Prius 3rd Gen 2011 Car,"Rs. 9,600,000",2011,,,,,https://riyasewana.com/buy/toyota-prius-3rd-sale-homagama-10893677,9,9600000
Toyota Prius 2013 Car,,2013,,,,,https://riyasewana.com/buy/toyota-prius-sale-gampaha-10893671,9,0
Toyota Prius 4th Generation W51 2016 Car,,2016,,,,,https://riyasewana.com/buy/toyota-prius-4th-sale-matara-10893670,9,0
Toyota Allion 2015 Car,,2015,,,,,https://riyasewana.com/buy/toyota-allion-sale-kandy-10893669,9,0
Toyota Vitz Edition 3 2019 Car,"Rs. 8,750,000",2019,,,,,https://riyasewana.com/buy/toyota-vitz-edition-sale-divulapitiya-10893666,9,8750000
Honda FIT GP5 2014 Car,"Rs. 8,300,000",2014,,,,,https://riyasewana.com/buy/honda-fit-gp5-sale-kadawatha-10893665,9,8300000
Toyota Vitz 2008 Car,"Rs. 5,625,000",2008,,,,,https://riyasewana.com/buy/toyota-vitz-sale-moratuwa-10893662,9,5625000
Suzuki Alto Japan 2017 Car,"Rs. 5,350,000",2017,,,,,https://riyasewana.com/buy/suzuki-alto-japan-sale-maharagama-10893647,9,5350000
Suzuki ALTO 2006 Car,,2006,,,,,https://riyasewana.com/buy/suzuki-alto-sale-polonnaruwa-10893644,9,0
Toyota Corolla 1998 Car,"Rs. 5,300,000",1998,,,,,https://riyasewana.com/buy/toyota-corolla-sale-beruwala-10893641,9,5300000
Micro Panda Cross 2014 Car,"Rs. 3,390,000",2014,,,,,https://riyasewana.com/buy/micro-panda-cross-sale-kelaniya-10893631,9,3390000
Toyota NZE121 Japan 2004 Car,"Rs. 6,250,000",2004,,,,,https://riyasewana.com/buy/toyota-nze121-japan-sale-kadawatha-10893624,9,6250000
Nissan FB15 Super Saloon ECO 1999 Car,"Rs. 3,700,000",1999,,,,,https://riyasewana.com/buy/nissan-fb15-super-sale-polonnaruwa-10893623,9,3700000
Honda GP1 Fit Shes 2012 Car,"Rs. 6,790,000",2012,,,,,https://riyasewana.com/buy/honda-gp1-fit-sale-matara-10893621,9,6790000
Toyota Dx Wagon Ke74 1987 Car,"Rs. 1,525,000",1987,,,,,https://riyasewana.com/buy/toyota-dx-wagon-sale-kegalle-10893616,9,1525000
Chevrolet Cruze Gm Limited 2003 Car,"Rs. 4,075,000",2003,,,,,https://riyasewana.com/buy/chevrolet-cruze-gm-sale-piliyandala-10893611,9,4075000
Toyota Prius S 2013 Car,,2013,,,,,https://riyasewana.com/buy/toyota-prius-s-sale-matara-10893609,9,0
Toyota Premio G Superior 2008 Car,,2008,,,,,https://riyasewana.com/buy/toyota-premio-g-sale-galle-10893608,9,0
Suzuki Wagon R FX S Hybrid 2024 Car,"Rs. 8,150,000",2024,Hybrid,,,,https://riyasewana.com/buy/suzuki-wagon-r-sale-colombo-10871041,10,8150000
Honda FIT GP5 2014 Car,"Rs. 7,700,000",2014,,,,,https://riyasewana.com/buy/honda-fit-gp5-sale-chilaw-10889548,10,7700000
Suzuki Baleno 2016 Car,"Rs. 7,250,000",2016,,,,,https://riyasewana.com/buy/suzuki-baleno-sale-piliyandala-10885365,10,7250000
Micro Panda 2012 Car,"Rs. 2,675,000",2012,,,,,https://riyasewana.com/buy/micro-panda-sale-maharagama-10889028,10,2675000
Daihatsu Move X Limited 2023 Car,"Rs. 7,190,000",2023,,,,,https://riyasewana.com/buy/daihatsu-move-x-sale-kadawatha-10893604,10,7190000
BMW 520D 5 Series 2013 Car,,2013,,,,,https://riyasewana.com/buy/bmw-520d-5-sale-gampaha-10893597,10,0
Suzuki Swift Rs Turbo 2017 Car,,2017,,,,,https://riyasewana.com/buy/suzuki-swift-rs-sale-gampaha-10893595,10,0
Toyota Corolla 1997 Car,"Rs. 5,200,000",1997,,,,,https://riyasewana.com/buy/toyota-corolla-sale-beruwala-10893593,10,5200000
Honda Civic ES8 2005 Car,"Rs. 6,075,000",2005,,,,,https://riyasewana.com/buy/honda-civic-es8-sale-piliyandala-10893592,10,6075000
Suzuki Wagon R FX Safety 2024 Car,"Rs. 7,450,000",2024,,,,,https://riyasewana.com/buy/suzuki-wagon-r-sale-colombo-10893590,10,7450000
Honda City 2025 Car,"Rs. 13,000,000",2025,,,,,https://riyasewana.com/buy/honda-city-sale-colombo-10893588,10,13000000
Mitsubishi Lancer CK1 1999 Car,"Rs. 3,900,000",1999,,,,,https://riyasewana.com/buy/mitsubishi-lancer-ck1-sale-homagama-10893586,10,3900000
Toyota Axio 2015 Car,"Rs. 9,900,000",2015,,,,,https://riyasewana.com/buy/toyota-axio-sale-embilipitiya-10893581,10,9900000
Suzuki ALTO 2015 Car,,2015,,,,,https://riyasewana.com/buy/suzuki-alto-sale-polonnaruwa-10893575,10,0
Suzuki Maruti 2006 Car,,2006,,,,,https://riyasewana.com/buy/suzuki-maruti-sale-piliyandala-10893573,10,0
Suzuki Swift ZC71 2007 Car,"Rs. 5,050,000",2007,,,,,https://riyasewana.com/buy/suzuki-swift-zc71-sale-colombo-10893572,10,5050000
Toyota Corona Premio CT210 1996 Car,"Rs. 3,975,000",1996,,,,,https://riyasewana.com/buy/toyota-corona-premio-sale-aluthgama-10893571,10,3975000
Suzuki Wagon R Stingray 2014 Car,"Rs. 5,550,000",2014,,,,,https://riyasewana.com/buy/suzuki-wagon-r-sale-piliyandala-10893567,10,5550000
Chery QQ 2007 Car,"Rs. 1,775,000",2007,,,,,https://riyasewana.com/buy/chery-qq-sale-matale-10893563,10,1775000
Toyota Corolla 110 2000 Car,"Rs. 3,690,000",2000,,,,,https://riyasewana.com/buy/toyota-corolla-110-sale-matale-10893553,10,3690000
Nissan March AK12 2002 Car,"Rs. 3,750,000",2002,,,,,https://riyasewana.com/buy/nissan-march-ak12-sale-colombo-10893552,10,3750000
Suzuki Maruti 2011 Car,,2011,,,,,https://riyasewana.com/buy/suzuki-maruti-sale-mirigama-10893550,10,0
Toyota VITZ 2ND EDITION SAFETY 2018 Car,"Rs. 8,375,000",2018,,,,,https://riyasewana.com/buy/toyota-vitz-2nd-sale-katunayake-10893547,10,8375000
Suzuki Alto Japan 2015 Car,,2015,,,,,https://riyasewana.com/buy/suzuki-alto-japan-sale-pannipitiya-10893546,10,0
Micro Panda 2014 Car,"Rs. 2,995,000",2014,,,,,https://riyasewana.com/buy/micro-panda-sale-gampaha-10893539,10,2995000
Daihatsu TAFT G GRADE 2023 Car,"Rs. 8,225,000",2023,,,,,https://riyasewana.com/buy/daihatsu-taft-g-sale-horana-10893538,10,8225000
Micro Panda 2015 Car,"Rs. 3,070,000",2015,,,,,https://riyasewana.com/buy/micro-panda-sale-galle-10893537,10,3070000
BMW E39 520i 1998 Car,"Rs. 6,300,000",1998,,,,,https://riyasewana.com/buy/bmw-e39-520i-sale-malabe-10893531,10,6300000
Nissan Trad Sunny HB12 1987 Car,"Rs. 1,700,000",1987,,,,,https://riyasewana.com/buy/nissan-trad-sunny-sale-kurunegala-10893524,10,1700000
Suzuki Swift Centre Antenna 2004 Car,"Rs. 3,975,000",2004,,,,,https://riyasewana.com/buy/suzuki-swift-centre-sale-battaramulla-10893515,10,3975000
Honda CIVIC ES1 2004 Car,"Rs. 5,500,000",2004,,,,,https://riyasewana.com/buy/honda-civic-es1-sale-homagama-10893514,10,5500000
Toyota Vitz 2016 Car,"Rs. 6,800,000",2016,,,,,https://riyasewana.com/buy/toyota-vitz-sale-kiribathgoda-10893510,10,6800000
Suzuki Wagon R Hybrid 2024 Car,"Rs. 7,450,000",2024,Hybrid,,,,https://riyasewana.com/buy/suzuki-wagon-r-sale-ragama-10893504,10,7450000
Toyota Vitz Safety Edition 2017 Car,"Rs. 7,450,000",2017,,,,,https://riyasewana.com/buy/toyota-vitz-safety-sale-colombo-10893503,10,7450000
Suzuki Alto 2015 Car,"Rs. 3,925,000",2015,,,,,https://riyasewana.com/buy/suzuki-alto-sale-matugama-10893493,10,3925000
Hyundai Accent 2001 Car,"Rs. 875,000",2001,,,,,https://riyasewana.com/buy/hyundai-accent-sale-homagama-10893489,10,875000
Nissan FB15 Super Saloon 2000 Car,"Rs. 4,350,000",2000,,,,,https://riyasewana.com/buy/nissan-fb15-super-sale-pannala-10893488,10,4350000
Daihatsu Mira X Limited 2025 Car,"Rs. 7,050,000",2025,,,,,https://riyasewana.com/buy/daihatsu-mira-x-sale-kadawatha-10893480,10,7050000
Tata Indica 2004 Car,"Rs. 1,800,000",2004,,,,,https://riyasewana.com/buy/tata-indica-sale-malabe-10893478,10,1800000
Toyota Roomy Custom GT 2023 Car,"Rs. 11,490,000",2023,,,,,https://riyasewana.com/buy/toyota-roomy-custom-sale-colombo-10893477,10,11490000
Suzuki Alto K10 2015 Car,"Rs. 4,190,000",2015,,,,,https://riyasewana.com/buy/suzuki-alto-k10-sale-ratnapura-10893475,10,4190000
Peugeot 406 2003 Car,"Rs. 2,975,000",2003,,,,,https://riyasewana.com/buy/peugeot-406-sale-homagama-10893473,10,2975000
Suzuki Maruti 800 2011 Car,"Rs. 2,350,000",2011,,,,,https://riyasewana.com/buy/suzuki-maruti-800-sale-piliyandala-10893469,10,2350000
Nissan March K11 1997 Car,"Rs. 550,000",1997,,,,,https://riyasewana.com/buy/nissan-march-k11-sale-dehiwala-mount-lavinia-10893468,10,550000
