Make,Model,YOM,Price,Mileage,Engine CC,Fuel Type,URL
toyota,N/A,2016,Post Free Vehicle AdLoginEdit My AdLeasing OfferContact UsContributeBuyCarsBuySUVsBuyVansBuyMotorbikesBuyLorriesBuyThree WheelBuyPickupsBuyHeavy-DutyBuySpare PartsPremium AdToyota Vitz 2016 Car (Used)Posted by Sanjeewa on 2025-12-13 1:54 pm Nugegoda< BackContact077 234 8753Price 7100000Get LeasingCentral Finance වෙතින් මාසික වාරිකය රු.1885 සිට ලීසිං පහසුකම්.MakeToyotaModelVitzYOM2016Mileage (km)140000GearAutomaticFuel TypePetrolOptionsAIR CONDITION POWER STEERING POWER MIRROR POWER WINDOWEngine (cc)1000Details🚗 Toyota Vitz KSP130 – 2016Year of Manufacture: 2016Condition: ExcellentOwnership: 1st Owner(Registerd owner)Mileage: 141000 kmEngine Capacity: 1000 cc (Petrol)Transmission: Automatic GearPrice is negotiableKey Features:Auto Head LightsAuto BrakeLane Departure AssistKey StartWhite Color6 Speakers Audio SystemMultifunction Steering WheelAndroid Multimedia SystemReverse Camera & Front CameraAccident Free Vehicleservice record available upto dateWell maintained and carefully driven. Ideal for city use with excellent fuel efficiency.257 Views⚠Report a Problem☆Save Ad to FavoriteToyota Cars in Sri LankaToyota Vitz Cars in Sri LankaToyota Vitz 2016 Cars in Sri LankaToyota Vitz Cars in Nugegoda Sri LankaPlayadstudio.cloudCopyright © Riyasewana Lanka (Pvt) Ltd.Terms & Conditions|Privacy Policy,N/A,N/A,N/A,https://riyasewana.com/buy/toyota-vitz-sale-nugegoda-10888156
toyota,N/A,2022,Post Free Vehicle AdLoginEdit My AdLeasing OfferContact UsContributeBuyCarsBuySUVsBuyVansBuyMotorbikesBuyLorriesBuyThree WheelBuyPickupsBuyHeavy-DutyBuySpare PartsPremium AdToyota Yaris G 2022 Car Unregistered (Recondition)Posted by UBro Trading on 2025-12-06 11:16 pm Kandy< BackContact077 171 1210Price 9750000Get LeasingCentral Finance වෙතින් මාසික වාරිකය රු.1885 සිට ලීසිං පහසුකම්.MakeToyotaModelYaris GYOM2022Mileage (km)24000GearAutomaticFuel TypePetrolOptionsAIR CONDITION POWER STEERING POWER MIRROR POWER WINDOWEngine (cc)1000Details🚗 Toyota Yaris G – 2022 (Unregistered)✨ G Grade | Reliable | Stylish | 2 Units Available!💰 Special Price:  9750000/= – One of the best deals in Sri Lanka!Key Features:✅ 4 Way Camera✅ Lane Keep Assist✅ Auto Brake System✅ Parking Sensors + Reverse Camera With Guide Lines✅ Toyota Safety Sense✅ Auto Lights✅ Multi-Function Steering Wheel✅ Drive Recorder📍 Mileage: Around 13200km & 24100km📍 Available at UBro Trading – Kandy & Kadawatha🔒 Why Choose Us?✔ 3-Year / 100000 km Warranty on All Vehicles✔ 100% Genuine & Accident-Free Vehicles✔ Trusted for Over 10+ Years✔ Official Representative of SOFT99® Corporation Japan & DIA Chemical® Japan✔ Registered & Approved by:• Registrar of Companies• Sri Lanka Customs• Department of Motor Traffic💎 Buy with Confidence – Drive with Peace of Mind!1836 Views⚠Report a Problem☆Save Ad to FavoriteToyota Cars in Sri LankaToyota Yaris G Cars in Sri LankaToyota Yaris G 2022 Cars in Sri LankaToyota Yaris G Cars in Kandy Sri LankaPlayadstudio.cloudCopyright © Riyasewana Lanka (Pvt) Ltd.Terms & Conditions|Privacy Policy,N/A,N/A,N/A,https://riyasewana.com/buy/toyota-yaris-g-sale-kandy-10856711
nissan,N/A,2001,Post Free Vehicle AdLoginEdit My AdLeasing OfferContact UsContributeBuyCarsBuySUVsBuyVansBuyMotorbikesBuyLorriesBuyThree WheelBuyPickupsBuyHeavy-DutyBuySpare PartsNissan March K11 2001 Car (Used)Posted by Chamini on 2025-12-14 1:35 pm Panadura< BackContact076 980 1500Price 3175000Get LeasingCentral Finance වෙතින් මාසික වාරිකය රු.1885 සිට ලීසිං පහසුකම්.MakeNissanModelMarch K11YOM2001Mileage (km)130000GearAutomaticFuel TypePetrolOptionsAIR CONDITION POWER STEERING POWER MIRROR POWER WINDOWEngine (cc)1000DetailsMarch k11Manufactured 2004Registered 20063rd ownercup holdersDvd player reverse cameraEngine 💯Running 💯A/C working30 Views⚠Report a Problem☆Save Ad to FavoriteNissan Cars in Sri LankaNissan March K11 Cars in Sri LankaNissan March K11 2001 Cars in Sri LankaNissan March K11 Cars in Panadura Sri Lankaadstudio.cloudCopyright © Riyasewana Lanka (Pvt) Ltd.Terms & Conditions|Privacy Policy,N/A,N/A,N/A,https://riyasewana.com/buy/nissan-march-k11-sale-panadura-10893302
toyota,N/A,2022,Post Free Vehicle AdLoginEdit My AdLeasing OfferContact UsContributeBuyCarsBuySUVsBuyVansBuyMotorbikesBuyLorriesBuyThree WheelBuyPickupsBuyHeavy-DutyBuySpare PartsToyota Yaris G 2022 Car Unregistered (Recondition)Posted by Niyazi on 2025-12-14 2:06 pm Colombo< BackContact077 781 2053Price 9990000Get LeasingCentral Finance වෙතින් මාසික වාරිකය රු.1885 සිට ලීසිං පහසුකම්.MakeToyotaModelYaris GYOM2022Mileage (km)36000GearAutomaticFuel TypePetrolOptionsAIR CONDITION POWER STEERING POWER MIRROR POWER WINDOWEngine (cc)1000Details🏎️ TOYOTA YARIS G GRADE UNREGISTERED WITH HIGHEST SPECS🏎️TOUCH A/C🏎️CORNER SENSORS🏎️FACTORY FITTED ALLOY WHEELS🏎️DIGITAL METER🏎️36000KM🏎️TWO SMART KEYS🏎️PUSH START🏎️SAFETY PACKAGE🏎️VIDEO RECORDER🏎️TOUCH A/C🏎️REVERSE CAMERA WITH GUIDELINES🏎️DOUBLE SIDE MULTIFUNCTIONS🏎️REAR WIPER🏎️USB PORT🏎️ADJUSTABLE HEAD RESTS🏎️ADJUSTABLE REAR SEATS📞0777812053📞0777816943VISIT US ATNO-24 S DE S JAYASINGHE MAWATHA KALUBOWILA DEHIWALACOLOMBOLOCATIONTIP TOP TRADERS https://g.co/kgs/yM389P5 Views⚠Report a Problem☆Save Ad to FavoriteToyota Cars in Sri LankaToyota Yaris G Cars in Sri LankaToyota Yaris G 2022 Cars in Sri LankaToyota Yaris G Cars in Colombo Sri LankaPlayadstudio.cloudCopyright © Riyasewana Lanka (Pvt) Ltd.Terms & Conditions|Privacy Policy,N/A,N/A,N/A,https://riyasewana.com/buy/toyota-yaris-g-sale-colombo-10893450
suzuki,N/A,2016,Post Free Vehicle AdLoginEdit My AdLeasing OfferContact UsContributeBuyCarsBuySUVsBuyVansBuyMotorbikesBuyLorriesBuyThree WheelBuyPickupsBuyHeavy-DutyBuySpare PartsSuzuki Hustler 2016 Car (Used)Posted by Sesatha Auto Kadawatha on 2025-12-14 1:22 pm Kadawatha< BackContact077 731 6279Price 6050000Get LeasingCentral Finance වෙතින් මාසික වාරිකය රු.1885 සිට ලීසිං පහසුකම්.MakeSuzukiModelHustlerYOM2016Mileage (km)110000GearAutomaticFuel TypeHybridOptionsAIR CONDITION POWER STEERING POWER MIRROR POWER WINDOWEngine (cc)650Details2nd owner genuine milage records availablefull option Auto gearJ style Alloy wheelpush startsafety brackideal stopgood condition car for sale price is negotiate after inspection22 Views⚠Report a Problem☆Save Ad to FavoriteSuzuki Cars in Sri LankaSuzuki Hustler Cars in Sri LankaSuzuki Hustler 2016 Cars in Sri LankaSuzuki Hustler Cars in Kadawatha Sri Lankaadstudio.cloudCopyright © Riyasewana Lanka (Pvt) Ltd.Terms & Conditions|Privacy Policy,N/A,N/A,N/A,https://riyasewana.com/buy/suzuki-hustler-sale-kadawatha-10893227
suzuki,N/A,2010,N/A,N/A,N/A,N/A,https://riyasewana.com/buy/suzuki-alto-spot-sale-colombo-10893287
ashok-leyland,N/A,2005,Post Free Vehicle AdLoginEdit My AdLeasing OfferContact UsContributeBuyCarsBuySUVsBuyVansBuyMotorbikesBuyLorriesBuyThree WheelBuyPickupsBuyHeavy-DutyBuySpare PartsAshok-Leyland Ruby 2005 Bus (Used)Posted by Rohana Kumara on 2025-12-14 2:08 pm Polgahawela< BackContact076 998 1248Price 6250000MakeAshok-LeylandModelRubyYOM2005Mileage (km)12345GearManualFuel TypeDieselOptionsPOWER STEERINGEngine (cc)6500Details2005 RegisterGood Running2005 manufacturerruby Body42 Bata seatEuro Sincomax Gear0769627819 whatsapp15 Views⚠Report a Problem☆Save Ad to FavoriteAshok-Leyland Buses in Sri LankaAshok-Leyland Ruby Buses in Sri LankaAshok-Leyland Ruby 2005 Buses in Sri LankaAshok-Leyland Ruby Buses in Polgahawela Sri Lankaadstudio.cloudCopyright © Riyasewana Lanka (Pvt) Ltd.Terms & Conditions|Privacy Policy,N/A,N/A,N/A,https://riyasewana.com/buy/ashok-leyland-ruby-sale-polgahawela-10893462
suzuki,N/A,2024,Post Free Vehicle AdLoginEdit My AdLeasing OfferContact UsContributeBuyCarsBuySUVsBuyVansBuyMotorbikesBuyLorriesBuyThree WheelBuyPickupsBuyHeavy-DutyBuySpare PartsSuzuki WAGON R FX 2024 Car (Used)Posted by Family Cars Malabe on 2025-12-14 1:23 pm Malabe< BackContact071 769 2246Price 7490000Get LeasingCentral Finance වෙතින් මාසික වාරිකය රු.1885 සිට ලීසිං පහසුකම්.MakeSuzukiModelWAGON R FXYOM2024Mileage (km)6031GearAutomaticFuel TypePetrolOptionsAIR CONDITION POWER STEERING POWER MIRROR POWER WINDOWEngine (cc)650DetailsSUZUKI WAGON R FX 💥මූලික ගෙවීම ලක්ශ 20/=  ගෙවා ලීසිං පහසුකම් ලබා ගත හැක.💥MANUFACTURED YEAR 2024REGISTERED YEAR 2025💥2 YEARS WARRANTY OR 100000KM💥3 FREE SERVICE✅ AIR CONDITION✅ POWER STEERING✅ POWER SHUTTER✅ POWER MIRROR✅ RETRACTABLE MIRROR✅ DUAL AIRBAGS✅ SAFETY✅ ABS✅ AUTO BRAKE✅ FOG LAMPS✅ FULL OPTIONS✅ PUSH START7490000 LKR6031 KMNO ERRORJUST BUY AND RIDE😊 Please make you valuable calls during 8AM - 7PMConnect us on ☎+94777353344+94717692246+94772216990+94715319577+94112407555+94112407888📌  NO.318/2F NEW KANDY ROAD MALABE📍NEAR CHANDRIKA KUMARATHUNGA MAWATHAWe warmly welcome you all to partner with us to bring color to your dream vehicle.Visit us at🌐 familycars.lk📧 info@familycars.lkto get in touch with the latest updates.#dontdreamitdriveit  #familycarsmalabeMH-271834 Views⚠Report a Problem☆Save Ad to FavoriteSuzuki Cars in Sri LankaSuzuki WAGON R FX Cars in Sri LankaSuzuki WAGON R FX 2024 Cars in Sri LankaSuzuki WAGON R FX Cars in Malabe Sri LankaPlayadstudio.cloudCopyright © Riyasewana Lanka (Pvt) Ltd.Terms & Conditions|Privacy Policy,N/A,N/A,N/A,https://riyasewana.com/buy/suzuki-wagon-r-sale-malabe-10893234
nissan,N/A,1985,"Post Free Vehicle AdLoginEdit My AdLeasing OfferContact UsContributeBuyCarsBuySUVsBuyVansBuyMotorbikesBuyLorriesBuyThree WheelBuyPickupsBuyHeavy-DutyBuySpare PartsNissan Hb11 Box 1985 Car (Used)Posted by Malith Shenal on 2025-12-14 1:32 pm Kuliyapitiya< BackContact077 110 0523Price 895000Get LeasingCentral Finance වෙතින් මාසික වාරිකය රු.1885 සිට ලීසිං පහසුකම්.MakeNissanModelHb11 BoxYOM1985Mileage (km)66000GearManualFuel TypePetrolOptionsAIR CONDITIONEngine (cc)1500Detailsnissan hb11 14-*original booklisence & insurance up to datesuperb body conditionno corrosionspaint condition 75%superb running conditionengine condition 75%original door boardsTV/REVERSE CAMERA/GELONG SUBWOOFERNICKEL BEADINGS 100%brand new front tyres13"" alloywheelsall meters/lights workingAC working@kuliyapitiya 0️⃣7️⃣7️⃣1️⃣1️⃣0️⃣0️⃣5️⃣2️⃣3️⃣නිසාන් hb11 1985ඒසී වැඩබොඩි තත්වය සුපිරි(කෙලින් කටින්)සියලු නිකල් බඩු සුපිරිම තත්වයෙන් පවතියිදිරුම් නැතපේන්ට් තත්වය 75%දාවන තත්වය සුපිරිඉදිරි බ්‍රෑන්ඩ් නිවු ටයර්හොද වාහනයක් සොයන්නෙකුටඔරිජිනල් පොත් පත් සමග සියලු ලියකියවිලි සම්පූර්නයි(අවුරුදු 5ක සියලු නඩත්තු බිල් ඇත)@කුලියපිටිය077110052361 Views⚠Report a Problem☆Save Ad to FavoriteNissan Cars in Sri LankaNissan Hb11 Box Cars in Sri LankaNissan Hb11 Box 1985 Cars in Sri LankaNissan Hb11 Box Cars in Kuliyapitiya Sri Lankaadstudio.cloudCopyright © Riyasewana Lanka (Pvt) Ltd.Terms & Conditions|Privacy Policy",N/A,N/A,N/A,https://riyasewana.com/buy/nissan-hb11-box-sale-kuliyapitiya-10893284
honda,N/A,2014,Post Free Vehicle AdLoginEdit My AdLeasing OfferContact UsContributeBuyCarsBuySUVsBuyVansBuyMotorbikesBuyLorriesBuyThree WheelBuyPickupsBuyHeavy-DutyBuySpare PartsHonda FIT GP5 2014 Car (Used)Posted by Firnaz on 2025-12-14 1:27 pm Kandy< BackContact076 754 4891Price 7400000Get LeasingCentral Finance වෙතින් මාසික වාරිකය රු.1885 සිට ලීසිං පහසුකම්.MakeHondaModelFIT GP5YOM2014Mileage (km)140000GearAutomaticFuel TypeHybridOptionsAIR CONDITION POWER STEERING POWER MIRROR POWER WINDOWEngine (cc)1500Details▪︎Yom 2014▪︎Millage 140000km▪︎First owner▪︎L Grade▪︎Pearl white▪︎Safety▪︎Crusze controlGp5▪︎Yom 2014▪︎Millage 140000km▪︎First owner▪︎L Grade▪︎Pearl white▪︎SafetyWhatsapp 076754489111 Views⚠Report a Problem☆Save Ad to FavoriteHonda Cars in Sri LankaHonda FIT GP5 Cars in Sri LankaHonda FIT GP5 2014 Cars in Sri LankaHonda FIT GP5 Cars in Kandy Sri LankaPlayadstudio.cloudCopyright © Riyasewana Lanka (Pvt) Ltd.Terms & Conditions|Privacy Policy,N/A,N/A,N/A,https://riyasewana.com/buy/honda-fit-gp5-sale-kandy-10893262
suzuki,N/A,2024,Post Free Vehicle AdLoginEdit My AdLeasing OfferContact UsContributeBuyCarsBuySUVsBuyVansBuyMotorbikesBuyLorriesBuyThree WheelBuyPickupsBuyHeavy-DutyBuySpare PartsSuzuki Alto Japan 2024 Car Unregistered (Recondition)Posted by Prasanna Thalavinna on 2025-12-14 1:36 pm Pannipitiya< BackContact077 056 7558Price 6950000Get LeasingCentral Finance වෙතින් මාසික වාරිකය රු.1885 සිට ලීසිං පහසුකම්.MakeSuzukiModelAlto JapanYOM2024Mileage (km)5600GearAutomaticFuel TypeHybridOptionsAIR CONDITION POWER STEERING POWER MIRROR POWER WINDOWEngine (cc)660Detailssuzuki alto japan20245600 kmsafety optionauto gear650 ccjust cleared vehiclevehicle can be seen at prasanna motor house pannipitiyacall for more information0️⃣7️⃣7️⃣0️⃣5️⃣6️⃣7️⃣5️⃣5️⃣8️⃣ - vihaga36 Views⚠Report a Problem☆Save Ad to FavoriteSuzuki Cars in Sri LankaSuzuki Alto Japan Cars in Sri LankaSuzuki Alto Japan 2024 Cars in Sri LankaSuzuki Alto Japan Cars in Pannipitiya Sri LankaPlayadstudio.cloudCopyright © Riyasewana Lanka (Pvt) Ltd.Terms & Conditions|Privacy Policy,N/A,N/A,N/A,https://riyasewana.com/buy/suzuki-alto-japan-sale-pannipitiya-10893305
hyundai,N/A,2000,Post Free Vehicle AdLoginEdit My AdLeasing OfferContact UsContributeBuyCarsBuySUVsBuyVansBuyMotorbikesBuyLorriesBuyThree WheelBuyPickupsBuyHeavy-DutyBuySpare PartsHyundai Accent 2000 Car (Used)Posted by Lahiru Dewakarage on 2025-12-14 1:31 pm Horana< BackContact071 724 2678Price 2450000Get LeasingCentral Finance වෙතින් මාසික වාරිකය රු.1885 සිට ලීසිං පහසුකම්.MakeHyundaiModelAccentYOM2000Mileage (km)233000GearManualFuel TypePetrolOptionsAIR CONDITION POWER STEERING POWER WINDOWEngine (cc)1495Detailsniwase pawichi krana wahanayakihoda tatwayen etamudal apasasutawayak mata denu lebe...72 Views⚠Report a Problem☆Save Ad to FavoriteHyundai Cars in Sri LankaHyundai Accent Cars in Sri LankaHyundai Accent 2000 Cars in Sri LankaHyundai Accent Cars in Horana Sri Lankaadstudio.cloudCopyright © Riyasewana Lanka (Pvt) Ltd.Terms & Conditions|Privacy Policy,N/A,N/A,N/A,https://riyasewana.com/buy/hyundai-accent-sale-horana-10893280
toyota,N/A,2012,N/A,N/A,N/A,N/A,https://riyasewana.com/buy/toyota-prius-sale-kalutara-10893258
honda,N/A,2015,Post Free Vehicle AdLoginEdit My AdLeasing OfferContact UsContributeBuyCarsBuySUVsBuyVansBuyMotorbikesBuyLorriesBuyThree WheelBuyPickupsBuyHeavy-DutyBuySpare PartsHonda DIO 2015 Motorbike (Used)Posted by Dushmantha Gunathilaka on 2025-12-14 2:11 pm Katunayake< BackContact076 907 1279Price 375000Get LeasingCentral Finance වෙතින් මාසික වාරිකය රු.2146 සිට ලීසිං පහසුකම්.MakeHondaModelDIOYOM2015Mileage (km)0Engine (cc)110Start TypeKick / ElectricDetails-3 Views⚠Report a Problem☆Save Ad to FavoriteHonda Motorbikes in Sri LankaHonda DIO Motorbikes in Sri LankaHonda DIO 2015 Motorbikes in Sri LankaHonda DIO Motorbikes in Katunayake Sri Lankaadstudio.cloudCopyright © Riyasewana Lanka (Pvt) Ltd.Terms & Conditions|Privacy Policy,N/A,110,N/A,https://riyasewana.com/buy/honda-dio-sale-katunayake-10893472
suzuki,N/A,2017,Post Free Vehicle AdLoginEdit My AdLeasing OfferContact UsContributeBuyCarsBuySUVsBuyVansBuyMotorbikesBuyLorriesBuyThree WheelBuyPickupsBuyHeavy-DutyBuySpare PartsSuzuki Wagon R Fz 2017 Car (Used)Posted by Senuth Lenadora on 2025-12-14 2:06 pm Katunayake< BackContact074 049 6255Price 6500000Get LeasingCentral Finance වෙතින් මාසික වාරිකය රු.1885 සිට ලීසිං පහසුකම්.MakeSuzukiModelWagon R FzYOM2017Mileage (km)11111GearAutomaticFuel TypePetrolOptionsAIR CONDITIONPOWER STEERINGPOWER MIRRORPOWER WINDOWEngine (cc)660DetailsWagon R Fz Safety 2017Genuine Mileage2 ownerGood conditionCall - 077897573114 Views⚠Report a Problem☆Save Ad to FavoriteSuzuki Cars in Sri LankaSuzuki Wagon R Fz Cars in Sri LankaSuzuki Wagon R Fz 2017 Cars in Sri LankaSuzuki Wagon R Fz Cars in Katunayake Sri Lankaadstudio.cloudCopyright © Riyasewana Lanka (Pvt) Ltd.Terms & Conditions|Privacy Policy,N/A,N/A,N/A,https://riyasewana.com/buy/suzuki-wagon-r-sale-katunayake-10893448
hero,N/A,2011,N/A,N/A,1234,N/A,https://riyasewana.com/buy/hero-honda-pleasure-sale-mirigama-10893470
nissan,N/A,1996,Post Free Vehicle AdLoginEdit My AdLeasing OfferContact UsContributeBuyCarsBuySUVsBuyVansBuyMotorbikesBuyLorriesBuyThree WheelBuyPickupsBuyHeavy-DutyBuySpare PartsNissan FB14 1996 Car (Used)Posted by Charith Ishara on 2025-12-14 1:35 pm Homagama< BackContact075 853 6699Price 3500000Get LeasingCentral Finance වෙතින් මාසික වාරිකය රු.1885 සිට ලීසිං පහසුකම්.MakeNissanModelFB14YOM1996Mileage (km)1800000GearAutomaticFuel TypePetrolOptionsAIR CONDITION POWER STEERING POWER MIRROR POWER WINDOWEngine (cc)1500DetailsEngin running condition 💯Engin diky room originalOriginal interiorOriginal seet flor carpertPower mirrorAir conditionPower steeringSuper saloonPower antennaAll light metar working 💯New tyersNew battry ammaronRegister owner used301-****No error good condition carHomagama kiriwattuduwa075853669968 Views⚠Report a Problem☆Save Ad to FavoriteNissan Cars in Sri LankaNissan FB14 Cars in Sri LankaNissan FB14 1996 Cars in Sri LankaNissan FB14 Cars in Homagama Sri Lankaadstudio.cloudCopyright © Riyasewana Lanka (Pvt) Ltd.Terms & Conditions|Privacy Policy,N/A,N/A,N/A,https://riyasewana.com/buy/nissan-fb14-sale-homagama-10893300
suzuki,N/A,2015,Post Free Vehicle AdLoginEdit My AdLeasing OfferContact UsContributeBuyCarsBuySUVsBuyVansBuyMotorbikesBuyLorriesBuyThree WheelBuyPickupsBuyHeavy-DutyBuySpare PartsSuzuki Alto 800 LXI 2015 Car (Used)Posted by Akland on 2025-12-14 1:22 pm Kadawatha< BackContact076 632 4967Price 3590000Get LeasingCentral Finance වෙතින් මාසික වාරිකය රු.1885 සිට ලීසිං පහසුකම්.MakeSuzukiModelAlto 800 LXIYOM2015Mileage (km)120000GearManualFuel TypePetrolOptionsAIR CONDITION POWER STEERING POWER MIRROR POWER WINDOWEngine (cc)800Detailsකඩවත මාවරමන්ඩිය2015/20152nd ownerHome usedOriginal plentCall 0766324967/0718617721/076566175673 Views⚠Report a Problem☆Save Ad to FavoriteSuzuki Cars in Sri LankaSuzuki Alto 800 LXI Cars in Sri LankaSuzuki Alto 800 LXI 2015 Cars in Sri LankaSuzuki Alto 800 LXI Cars in Kadawatha Sri LankaPlayadstudio.cloudCopyright © Riyasewana Lanka (Pvt) Ltd.Terms & Conditions|Privacy Policy,N/A,N/A,N/A,https://riyasewana.com/buy/suzuki-alto-800-sale-kadawatha-10893228
nissan,N/A,2003,Post Free Vehicle AdLoginEdit My AdLeasing OfferContact UsContributeBuyCarsBuySUVsBuyVansBuyMotorbikesBuyLorriesBuyThree WheelBuyPickupsBuyHeavy-DutyBuySpare PartsNissan FB15nEx Saloon 2003 Car (Used)Posted by Autolanka on 2025-12-14 2:08 pm Kottawa< BackContact076 723 6735Price 1775000Get LeasingCentral Finance වෙතින් මාසික වාරිකය රු.1885 සිට ලීසිං පහසුකම්.MakeNissanModelFB15nEx SaloonYOM2003Mileage (km)1234GearAutomaticFuel TypePetrolOptionsAIR CONDITION POWER STEERING POWER MIRROR POWER WINDOWEngine (cc)-Detailsෆිනෑන්ස් ගෙවාගෙන යාමට පමණයිඅතට 17.75/=ෆිනෑන්ස් 67000 x 52Nissan FB15Ex saloon1500ccAuto full option2000 / 2003Minit conditionLocation kottawa24 Views⚠Report a Problem☆Save Ad to FavoriteNissan Cars in Sri LankaNissan FB15nEx Saloon Cars in Sri LankaNissan FB15nEx Saloon 2003 Cars in Sri LankaNissan FB15nEx Saloon Cars in Kottawa Sri Lankaadstudio.cloudCopyright © Riyasewana Lanka (Pvt) Ltd.Terms & Conditions|Privacy Policy,N/A,N/A,N/A,https://riyasewana.com/buy/nissan-nissan-fb15nex-sale-kottawa-10893463
toyota,N/A,2008,Post Free Vehicle AdLoginEdit My AdLeasing OfferContact UsContributeBuyCarsBuySUVsBuyVansBuyMotorbikesBuyLorriesBuyThree WheelBuyPickupsBuyHeavy-DutyBuySpare PartsPremium AdToyota Allion 260 G Grade 2008 Car (Used)Posted by BANDULA on 2025-12-05 12:08 pm Kurunegala< BackContact071 448 9365Price 8350000Get LeasingCentral Finance වෙතින් මාසික වාරිකය රු.1885 සිට ලීසිං පහසුකම්.MakeToyotaModelAllion 260 G GradeYOM2008Mileage (km)201500GearAutomaticFuel TypePetrolOptionsAIR CONDITION POWER STEERING POWER MIRROR POWER WINDOWEngine (cc)1500DetailsYOM 2008/12YOR 2010Registered Owner201430 KMGenuine MillageService records availableBody kitBlack interiorPower mirrorPower ShutterPush StartKey less entry systemIllumination dashboardOriginal interior no any damagesAccident freeRunning & paint condition 100%Price Negotiable04km from kurunegala town3951 Views⚠Report a Problem☆Save Ad to FavoriteToyota Cars in Sri LankaToyota Allion 260 G Grade Cars in Sri LankaToyota Allion 260 G Grade 2008 Cars in Sri LankaToyota Allion 260 G Grade Cars in Kurunegala Sri LankaPlayadstudio.cloudCopyright © Riyasewana Lanka (Pvt) Ltd.Terms & Conditions|Privacy Policy,N/A,N/A,N/A,https://riyasewana.com/buy/toyota-allion-260-sale-kurunegala-10849122
toyota,N/A,1997,Post Free Vehicle AdLoginEdit My AdLeasing OfferContact UsContributeBuyCarsBuySUVsBuyVansBuyMotorbikesBuyLorriesBuyThree WheelBuyPickupsBuyHeavy-DutyBuySpare PartsToyota CE108 1997 Car (Used)Posted by Lasantha on 2025-12-14 1:40 pm Matara< BackContact071 811 6612Price 2850000Get LeasingCentral Finance වෙතින් මාසික වාරිකය රු.1885 සිට ලීසිං පහසුකම්.MakeToyotaModelCE108YOM1997Mileage (km)231000GearAutomaticFuel TypeDieselOptionsAIR CONDITION POWER STEERINGEngine (cc)2000DetailsToyota Corolla CE108 Elephant Back2C Molly EngineAuto A/C P/SAir BagNew BatteryGood TyersOriginal Body ConditionGood Runing ConditionOriginal InteriorClear DocumentsPrice Can be negotiate aftrr Inspection51 Views⚠Report a Problem☆Save Ad to FavoriteToyota Cars in Sri LankaToyota CE108 Cars in Sri LankaToyota CE108 1997 Cars in Sri LankaToyota CE108 Cars in Matara Sri Lankaadstudio.cloudCopyright © Riyasewana Lanka (Pvt) Ltd.Terms & Conditions|Privacy Policy,N/A,N/A,N/A,https://riyasewana.com/buy/toyota-ce108-sale-matara-10893324
mitsubishi,N/A,1978,Post Free Vehicle AdLoginEdit My AdLeasing OfferContact UsContributeBuyCarsBuySUVsBuyVansBuyMotorbikesBuyLorriesBuyThree WheelBuyPickupsBuyHeavy-DutyBuySpare PartsMitsubishi Lancer 1978 Car (Used)Posted by Manoj Prasanna on 2025-12-14 1:25 pm Kadawatha< BackContact072 345 0517Price 625000Get LeasingCentral Finance වෙතින් මාසික වාරිකය රු.1885 සිට ලීසිං පහසුකම්.MakeMitsubishiModelLancerYOM1978Mileage (km)-GearManualFuel TypePetrolOptions-Engine (cc)1400DetailsGood Running Conditions.A/C Available57 Views⚠Report a Problem☆Save Ad to FavoriteMitsubishi Cars in Sri LankaMitsubishi Lancer Cars in Sri LankaMitsubishi Lancer 1978 Cars in Sri LankaMitsubishi Lancer Cars in Kadawatha Sri Lankaadstudio.cloudCopyright © Riyasewana Lanka (Pvt) Ltd.Terms & Conditions|Privacy Policy,N/A,N/A,N/A,https://riyasewana.com/buy/mitsubishi-lancer-sale-kadawatha-10893246
toyota,N/A,2014,Post Free Vehicle AdLoginEdit My AdLeasing OfferContact UsContributeBuyCarsBuySUVsBuyVansBuyMotorbikesBuyLorriesBuyThree WheelBuyPickupsBuyHeavy-DutyBuySpare PartsPremium AdToyota Axio G Grade 2014 Car (Used)Posted by Daminda Wanigasekara on 2025-12-14 8:33 am Gampaha< BackContact071 483 6225Price 9400000Get LeasingCentral Finance වෙතින් මාසික වාරිකය රු.1885 සිට ලීසිං පහසුකම්.MakeToyotaModelAxio G GradeYOM2014Mileage (km)161000GearAutomaticFuel TypeHybridOptionsAIR CONDITION POWER STEERING POWER MIRROR POWER WINDOWEngine (cc)1500DetailsSecond registered owner vehiclePush start & key less entryDual multi function steeringFront/rear cameraBrand new hybrid battery &ABS unit recently replaceAll services engine tune up &Auto gear oil cheng on timeservice record available (0 to uptodate)Two smart keysNew Japan tyresAccident freeExcellent showroom conditionNothing to do any repairsImmediate sale due to migration93 Views⚠Report a Problem☆Save Ad to FavoriteToyota Cars in Sri LankaToyota Axio G Grade Cars in Sri LankaToyota Axio G Grade 2014 Cars in Sri LankaToyota Axio G Grade Cars in Gampaha Sri LankaPlayadstudio.cloudCopyright © Riyasewana Lanka (Pvt) Ltd.Terms & Conditions|Privacy Policy,N/A,N/A,N/A,https://riyasewana.com/buy/toyota-axio-g-sale-gampaha-10891126
suzuki,N/A,2023,Post Free Vehicle AdLoginEdit My AdLeasing OfferContact UsContributeBuyCarsBuySUVsBuyVansBuyMotorbikesBuyLorriesBuyThree WheelBuyPickupsBuyHeavy-DutyBuySpare PartsSuzuki Wagon R ZX 2023 Car Unregistered (Recondition)Posted by Niyazi on 2025-12-14 1:40 pm Colombo< BackContact077 781 2053Price 8650000Get LeasingCentral Finance වෙතින් මාසික වාරිකය රු.1885 සිට ලීසිං පහසුකම්.MakeSuzukiModelWagon R ZXYOM2023Mileage (km)12000GearAutomaticFuel TypePetrolOptionsAIR CONDITION POWER STEERING POWER MIRROR POWER WINDOWEngine (cc)660Details🏎️Wagon R Custom ZX 2024 Unregistered🏎️Radar Break/ Safety🏎️Cruise Control🏎️HUD Head Up Display🏎️Vehicle Sensing Option🏎️Just 12000KM🏎️black Color🏎️Corner Sensors🏎️Push Start🏎️Seat Heater🏎️Charging ports🏎️Parking Sensor🏎️Lane Departure🏎️Traction Control🏎️Headlights Adjustments🏎️Safety On/Off🏎️Storable Bucket🏎️Adjustable Headrests🏎️Alloy Wheels🏎️Spoiler🏎️Umbrella Holder🏎️Dual Multifunctions🏎️Arm Rest🏎️Nickel Chrome Shell🏎️Push Start🏎️Land Departure🏎️Idle Stop🏎️Retractable Side Mirrors🏎️Slippery Road Side Assist📞0777812053📞0777816943VISIT US ATNO-24 S DE S JAYASINGHE MAWATHA KALUBOWILA DEHIWALACOLOMBOLOCATIONTIP TOP TRADERS https://g.co/kgs/yM389P26 Views⚠Report a Problem☆Save Ad to FavoriteSuzuki Cars in Sri LankaSuzuki Wagon R ZX Cars in Sri LankaSuzuki Wagon R ZX 2023 Cars in Sri LankaSuzuki Wagon R ZX Cars in Colombo Sri Lankaadstudio.cloudCopyright © Riyasewana Lanka (Pvt) Ltd.Terms & Conditions|Privacy Policy,N/A,N/A,N/A,https://riyasewana.com/buy/suzuki-wagon-r-sale-colombo-10893323
honda,N/A,2017,Post Free Vehicle AdLoginEdit My AdLeasing OfferContact UsContributeBuyCarsBuySUVsBuyVansBuyMotorbikesBuyLorriesBuyThree WheelBuyPickupsBuyHeavy-DutyBuySpare PartsHonda Dio 2017 Motorbike (Used)Posted by Mohammed Rikas on 2025-12-14 2:13 pm Kurunegala< BackContact076 060 9798Price 475000Get LeasingCentral Finance වෙතින් මාසික වාරිකය රු.2146 සිට ලීසිං පහසුකම්.MakeHondaModelDioYOM2017Mileage (km)0Engine (cc)110Start TypeKick / ElectricDetails1st ownergood coundicanself.....workbattre.........90%All Document.....clearwariyapolaTEL......07798999785 Views⚠Report a Problem☆Save Ad to FavoriteHonda Motorbikes in Sri LankaHonda Dio Motorbikes in Sri LankaHonda Dio 2017 Motorbikes in Sri LankaHonda Dio Motorbikes in Kurunegala Sri Lankaadstudio.cloudCopyright © Riyasewana Lanka (Pvt) Ltd.Terms & Conditions|Privacy Policy,N/A,110,N/A,https://riyasewana.com/buy/honda-dio-sale-kurunegala-10893483
hero,N/A,2016,Post Free Vehicle AdLoginEdit My AdLeasing OfferContact UsContributeBuyCarsBuySUVsBuyVansBuyMotorbikesBuyLorriesBuyThree WheelBuyPickupsBuyHeavy-DutyBuySpare PartsHero Dash 2016 Motorbike (Used)Posted by Lareef on 2025-12-14 2:05 pm Kurunegala< BackContact076 120 1416Price 268000Get LeasingCentral Finance වෙතින් මාසික වාරිකය රු.2146 සිට ලීසිං පහසුකම්.MakeHeroModelDashYOM2016Mileage (km)38000Engine (cc)110Start TypeKick / ElectricDetailsLady used1st ownerGood conditionAll documents are clearAll functions are workingBoth tyres goodLicense insurance update 2026Kurunegala town4 Views⚠Report a Problem☆Save Ad to FavoriteHero Motorbikes in Sri LankaHero Dash Motorbikes in Sri LankaHero Dash 2016 Motorbikes in Sri LankaHero Dash Motorbikes in Kurunegala Sri Lankaadstudio.cloudCopyright © Riyasewana Lanka (Pvt) Ltd.Terms & Conditions|Privacy Policy,N/A,110,N/A,https://riyasewana.com/buy/hero-dash-sale-kurunegala-10893446
isuzu,N/A,1980,Post Free Vehicle AdLoginEdit My AdLeasing OfferContact UsContributeBuyCarsBuySUVsBuyVansBuyMotorbikesBuyLorriesBuyThree WheelBuyPickupsBuyHeavy-DutyBuySpare PartsIsuzu ELF 250 10.5 1980 Lorry (Used)Posted by Thilanka Amarawickrama on 2025-12-14 2:13 pm Hambantota< BackContact077 730 0839Price 1090000Get LeasingCentral Finance වෙතින් මාසික වාරිකය රු.1949 සිට ලීසිං පහසුකම්.MakeIsuzuModelELF 250 10.5YOM1980Mileage (km)55555GearManualFuel TypeDieselOptions-Engine (cc)2500DetailsC24010 Views⚠Report a Problem☆Save Ad to FavoriteIsuzu Lorries in Sri LankaIsuzu ELF 250 10.5 Lorries in Sri LankaIsuzu ELF 250 10.5 1980 Lorries in Sri LankaIsuzu ELF 250 10.5 Lorries in Hambantota Sri Lankaadstudio.cloudCopyright © Riyasewana Lanka (Pvt) Ltd.Terms & Conditions|Privacy Policy,N/A,N/A,N/A,https://riyasewana.com/buy/isuzu-isuzu-elp-sale-hambantota-10893481
suzuki,N/A,2018,Post Free Vehicle AdLoginEdit My AdLeasing OfferContact UsContributeBuyCarsBuySUVsBuyVansBuyMotorbikesBuyLorriesBuyThree WheelBuyPickupsBuyHeavy-DutyBuySpare PartsSuzuki Spacia Custom Xs Safety Turbo 2018 Car (Used)Posted by Gayani on 2025-12-14 1:25 pm Kurunegala< BackContact070 200 8129Price 7725000Get LeasingCentral Finance වෙතින් මාසික වාරිකය රු.1885 සිට ලීසිං පහසුකම්.MakeSuzukiModelSpacia Custom Xs Safety TurboYOM2018Mileage (km)83000GearAutomaticFuel TypeHybridOptionsAIR CONDITION POWER STEERING POWER MIRROR POWER WINDOWEngine (cc)650Details1st owner(registered owner )Full optionHead up displayDual side auto door6 air bag4way camaraParking sencerTraction controlPadel shiftCruise controlAnroid playerAuto lightAuto head lightLane depaturAuto brake2018/2018Home useGood condition52 Views⚠Report a Problem☆Save Ad to FavoriteSuzuki Cars in Sri LankaSuzuki Spacia Custom Xs Safety Turbo Cars in Sri LankaSuzuki Spacia Custom Xs Safety Turbo 2018 Cars in Sri LankaSuzuki Spacia Custom Xs Safety Turbo Cars in Kurunegala Sri Lankaadstudio.cloudCopyright © Riyasewana Lanka (Pvt) Ltd.Terms & Conditions|Privacy Policy,N/A,N/A,N/A,https://riyasewana.com/buy/suzuki-spacia-custom-sale-kurunegala-10893249
toyota,N/A,1994,Post Free Vehicle AdLoginEdit My AdLeasing OfferContact UsContributeBuyCarsBuySUVsBuyVansBuyMotorbikesBuyLorriesBuyThree WheelBuyPickupsBuyHeavy-DutyBuySpare PartsToyota Dolphin 1994 Van (Used)Posted by Dineskaran on 2025-12-14 2:05 pm Avissawella< BackContact075 598 3848Price 8700000Get LeasingCentral Finance වෙතින් මාසික වාරිකය රු.1885 සිට ලීසිං පහසුකම්.MakeToyotaModelDolphinYOM1994Mileage (km)0GearManualFuel TypeDieselOptionsAIR CONDITION POWER STEERING POWER MIRROR POWER WINDOWEngine (cc)2770Detailsgood running conditionduwel ac wedabodi peeli100%gana venasak Karaganna puluwan22 Views⚠Report a Problem☆Save Ad to FavoriteToyota Vans in Sri LankaToyota Dolphin Vans in Sri LankaToyota Dolphin 1994 Vans in Sri LankaToyota Dolphin Vans in Avissawella Sri Lankaadstudio.cloudCopyright © Riyasewana Lanka (Pvt) Ltd.Terms & Conditions|Privacy Policy,N/A,N/A,N/A,https://riyasewana.com/buy/toyota-dolphin-sale-avissawella-10893442
daihatsu,N/A,2023,Post Free Vehicle AdLoginEdit My AdLeasing OfferContact UsContributeBuyCarsBuySUVsBuyVansBuyMotorbikesBuyLorriesBuyThree WheelBuyPickupsBuyHeavy-DutyBuySpare PartsPremium AdDaihatsu Mira X Limited LED Version 2023 Car Unregistered (Recondition)Posted by Indula on 2025-12-14 8:26 am Colombo< BackContact077 739 3699Price 6650000Get LeasingCentral Finance වෙතින් මාසික වාරිකය රු.1885 සිට ලීසිං පහසුකම්.MakeDaihatsuModelMira X Limited LED VersionYOM2023Mileage (km)10000GearAutomaticFuel TypePetrolOptionsAIR CONDITION POWER STEERING POWER MIRROR POWER WINDOWEngine (cc)650DetailsDaihatsu Mira Safety X Limited 2023LED auto head lampsFactory fitted reverse camera with LED screenOriginal Front CamDigital display meter boardRear wiperNickel platted door handlesRetractable power mirrorsRear Headrestquick sale66/5007773936990️⃣7️⃣7️⃣7️⃣ 3️⃣9️⃣3️⃣ 6️⃣9️⃣9️⃣86 Views⚠Report a Problem☆Save Ad to FavoriteDaihatsu Cars in Sri LankaDaihatsu Mira X Limited LED Version Cars in Sri LankaDaihatsu Mira X Limited LED Version 2023 Cars in Sri LankaDaihatsu Mira X Limited LED Version Cars in Colombo Sri LankaPlayadstudio.cloudCopyright © Riyasewana Lanka (Pvt) Ltd.Terms & Conditions|Privacy Policy,N/A,N/A,N/A,https://riyasewana.com/buy/daihatsu-mira-x-sale-colombo-10891086
suzuki,N/A,2016,Post Free Vehicle AdLoginEdit My AdLeasing OfferContact UsContributeBuyCarsBuySUVsBuyVansBuyMotorbikesBuyLorriesBuyThree WheelBuyPickupsBuyHeavy-DutyBuySpare PartsSuzuki Spacia Custom Turbo 2016 Car (Used)Posted by Aakif Manahil on 2025-12-14 1:24 pm Nittambuwa< BackContact077 399 7394Price 6325000Get LeasingCentral Finance වෙතින් මාසික වාරිකය රු.1885 සිට ලීසිං පහසුකම්.MakeSuzukiModelSpacia Custom TurboYOM2016Mileage (km)100850GearAutomaticFuel TypeHybridOptionsAIR CONDITION POWER STEERING POWER MIRROR POWER WINDOWEngine (cc)650DetailsSuzuki Spacia Custom TurboPrice can be negotiable after inspectionYOM:2016YOR:2018Geniune Milege:100800Push StartAndriod Setup with bird eye camera & sensorSafety brake systemCruise ControlLane departure warningPaddle ShiftDual side multifunction steeringSmart keyKeyless entry & fog lampsLed scoop head lights & Led fog lightsLed day lightAuto Retract winker mirrors power doorRemote power slidingDual  side rear curtainAlloy wheelsFront Arm restFabric seatsRear SpoilerSide skirtsEngine idle stop optionSeat heater and many  more optionsVehicle is in mint condition27 Views⚠Report a Problem☆Save Ad to FavoriteSuzuki Cars in Sri LankaSuzuki Spacia Custom Turbo Cars in Sri LankaSuzuki Spacia Custom Turbo 2016 Cars in Sri LankaSuzuki Spacia Custom Turbo Cars in Nittambuwa Sri Lankaadstudio.cloudCopyright © Riyasewana Lanka (Pvt) Ltd.Terms & Conditions|Privacy Policy,N/A,N/A,N/A,https://riyasewana.com/buy/suzuki-spacia-custom-sale-nittambuwa-10893237
kia,N/A,2017,Post Free Vehicle AdLoginEdit My AdLeasing OfferContact UsContributeBuyCarsBuySUVsBuyVansBuyMotorbikesBuyLorriesBuyThree WheelBuyPickupsBuyHeavy-DutyBuySpare PartsKia Picanto 2017 Car (Used)Posted by K Alex Suraj Perera on 2025-12-14 1:35 pm Katunayake< BackContact077 320 5920Price 6450000Get LeasingCentral Finance වෙතින් මාසික වාරිකය රු.1885 සිට ලීසිං පහසුකම්.MakeKiaModelPicantoYOM2017Mileage (km)49000GearAutomaticFuel TypePetrolOptionsAIR CONDITION POWER STEERING POWER MIRROR POWER WINDOWEngine (cc)998DetailsKIA Picanto facelift 2017 registered year 2018 only one owner all service and maintenance throughout kia company original km done 46000 done 2nd key available 100% original paint vehicle can see at A S Motor traders katunayake close to highway exit 800m ☎️ 077320592018 Views⚠Report a Problem☆Save Ad to FavoriteKia Cars in Sri LankaKia Picanto Cars in Sri LankaKia Picanto 2017 Cars in Sri LankaKia Picanto Cars in Katunayake Sri LankaPlayadstudio.cloudCopyright © Riyasewana Lanka (Pvt) Ltd.Terms & Conditions|Privacy Policy,N/A,N/A,N/A,https://riyasewana.com/buy/kia-picanto-sale-katunayake-10893297
toyota,N/A,2008,N/A,N/A,N/A,N/A,https://riyasewana.com/buy/toyota-vitz-sale-polonnaruwa-10893293
toyota,N/A,2011,N/A,N/A,N/A,N/A,https://riyasewana.com/buy/toyota-allion-260-sale-kurunegala-10893312
toyota,N/A,2000,Post Free Vehicle AdLoginEdit My AdLeasing OfferContact UsContributeBuyCarsBuySUVsBuyVansBuyMotorbikesBuyLorriesBuyThree WheelBuyPickupsBuyHeavy-DutyBuySpare PartsToyota Coaster 2000 Bus (Used)Posted by ARUNA on 2025-12-14 2:05 pm Matara< BackContact077 921 9537Price 9800000MakeToyotaModelCoasterYOM2000Mileage (km)393890GearManualFuel TypeDieselOptionsAIR CONDITION POWER STEERINGEngine (cc)3660Details🔶️Toyota coaster🔶️Brand new imported🔶️Seats 26🔶️14 B manual pumb engin🔶️Adjustable seats/ balconyseats🔶️Original tin body🔶️New paint🔶️All new original tyres andbattery🔶️Tv reverse camera subwoofer🔶️Excellent condition🔶️0779219537/0717571826🔶️Walasmulla14 Views⚠Report a Problem☆Save Ad to FavoriteToyota Buses in Sri LankaToyota Coaster Buses in Sri LankaToyota Coaster 2000 Buses in Sri LankaToyota Coaster Buses in Matara Sri Lankaadstudio.cloudCopyright © Riyasewana Lanka (Pvt) Ltd.Terms & Conditions|Privacy Policy,N/A,N/A,N/A,https://riyasewana.com/buy/toyota-coaster-sale-matara-10893445
suzuki,N/A,2018,Post Free Vehicle AdLoginEdit My AdLeasing OfferContact UsContributeBuyCarsBuySUVsBuyVansBuyMotorbikesBuyLorriesBuyThree WheelBuyPickupsBuyHeavy-DutyBuySpare PartsSuzuki Alto Japan Turbo RS 2018 Car (Used)Posted by Akila on 2025-12-14 1:32 pm Kottawa< BackContact071 920 8720Price 5790000Get LeasingCentral Finance වෙතින් මාසික වාරිකය රු.1885 සිට ලීසිං පහසුකම්.MakeSuzukiModelAlto Japan Turbo RSYOM2018Mileage (km)103000GearAutomaticFuel TypePetrolOptionsAIR CONDITION POWER STEERING POWER MIRROR POWER WINDOWEngine (cc)660DetailsJapan Alto Turbo RSManufacturing 2015Register 20181st OwnerSafetyTurboPush startReverse CameraFactory filted allow wheelsFog lightsSpoilerRear viperAccident freeRunning 100%Full option57.90 Slightly Negotiable071920872051 Views⚠Report a Problem☆Save Ad to FavoriteSuzuki Cars in Sri LankaSuzuki Alto Japan Turbo RS Cars in Sri LankaSuzuki Alto Japan Turbo RS 2018 Cars in Sri LankaSuzuki Alto Japan Turbo RS Cars in Kottawa Sri LankaPlayadstudio.cloudCopyright © Riyasewana Lanka (Pvt) Ltd.Terms & Conditions|Privacy Policy,N/A,N/A,N/A,https://riyasewana.com/buy/suzuki-alto-japan-sale-kottawa-10893286
bajaj,N/A,2012,Post Free Vehicle AdLoginEdit My AdLeasing OfferContact UsContributeBuyCarsBuySUVsBuyVansBuyMotorbikesBuyLorriesBuyThree WheelBuyPickupsBuyHeavy-DutyBuySpare PartsBajaj CT-100 2012 Motorbike (Used)Posted by Mohomed Yoosuf on 2025-12-14 2:12 pm Negombo< BackContact076 883 1913Price 298000Get LeasingCentral Finance වෙතින් මාසික වාරිකය රු.2146 සිට ලීසිං පහසුකම්.MakeBajajModelCT-100YOM2012Mileage (km)12345Engine (cc)100Start TypeKickDetailsBajaj CT 100 2012Engine 💯Condition 💯Running 💯Both Tyres Are GoodBettery GoodDocuments ClearedMore Details Contact Me07688319133 Views⚠Report a Problem☆Save Ad to FavoriteBajaj Motorbikes in Sri LankaBajaj CT-100 Motorbikes in Sri LankaBajaj CT-100 2012 Motorbikes in Sri LankaBajaj CT-100 Motorbikes in Negombo Sri Lankaadstudio.cloudCopyright © Riyasewana Lanka (Pvt) Ltd.Terms & Conditions|Privacy Policy,N/A,100,N/A,https://riyasewana.com/buy/bajaj-ct-100-sale-negombo-10893479
tvs,N/A,2024,Post Free Vehicle AdLoginEdit My AdLeasing OfferContact UsContributeBuyCarsBuySUVsBuyVansBuyMotorbikesBuyLorriesBuyThree WheelBuyPickupsBuyHeavy-DutyBuySpare PartsTVS Ntorq 2024 Motorbike (Used)Posted by Saman on 2025-12-14 2:05 pm Negombo< BackContact075 879 5485Price 695000Get LeasingCentral Finance වෙතින් මාසික වාරිකය රු.2146 සිට ලීසිං පහසුකම්.MakeTVSModelNtorqYOM2024Mileage (km)16000Engine (cc)125Start TypeKickDetailsfirst owner9 Views⚠Report a Problem☆Save Ad to FavoriteTVS Motorbikes in Sri LankaTVS Ntorq Motorbikes in Sri LankaTVS Ntorq 2024 Motorbikes in Sri LankaTVS Ntorq Motorbikes in Negombo Sri LankaPlayadstudio.cloudCopyright © Riyasewana Lanka (Pvt) Ltd.Terms & Conditions|Privacy Policy,N/A,125,N/A,https://riyasewana.com/buy/tvs-ntorq-sale-negombo-10893443
bajaj,N/A,2015,Post Free Vehicle AdLoginEdit My AdLeasing OfferContact UsContributeBuyCarsBuySUVsBuyVansBuyMotorbikesBuyLorriesBuyThree WheelBuyPickupsBuyHeavy-DutyBuySpare PartsBajaj Pulsar 135 Ls 2015 Motorbike (Used)Posted by J.D. Sasinda on 2025-12-14 2:08 pm Kalutara< BackContact071 044 0455Price 308000Get LeasingCentral Finance වෙතින් මාසික වාරිකය රු.2146 සිට ලීසිං පහසුකම්.MakeBajajModelPulsar 135 LsYOM2015Mileage (km)65000Engine (cc)135Start TypeKick / ElectricDetailsBajaj Pulsar 135 Ls (2015)Good running & conditionAll documents are clearFull Price 298000Down Payment 80000Self Start & All Light Meter WorkingLicense Insurance Update 2025Location KalutaraUrgentCall me for more details -0710440455 (w.app available)3 Views⚠Report a Problem☆Save Ad to FavoriteBajaj Motorbikes in Sri LankaBajaj Pulsar 135 Ls Motorbikes in Sri LankaBajaj Pulsar 135 Ls 2015 Motorbikes in Sri LankaBajaj Pulsar 135 Ls Motorbikes in Kalutara Sri Lankaadstudio.cloudCopyright © Riyasewana Lanka (Pvt) Ltd.Terms & Conditions|Privacy Policy,N/A,135,N/A,https://riyasewana.com/buy/bajaj-pulsar-135-sale-kalutara-10893459
suzuki,N/A,2017,Post Free Vehicle AdLoginEdit My AdLeasing OfferContact UsContributeBuyCarsBuySUVsBuyVansBuyMotorbikesBuyLorriesBuyThree WheelBuyPickupsBuyHeavy-DutyBuySpare PartsSuzuki Wagon R Stingray 2017 Car (Used)Posted by Sameera on 2025-12-14 1:35 pm Kadawatha< BackContact077 535 4335Price 6500000Get LeasingCentral Finance වෙතින් මාසික වාරිකය රු.1885 සිට ලීසිං පහසුකම්.MakeSuzukiModelWagon R StingrayYOM2017Mileage (km)84000GearAutomaticFuel TypeHybridOptionsAIR CONDITION POWER STEERING POWER MIRROR POWER WINDOWEngine (cc)650Details2017-2018CAZ2nd owneraccident free 100%original paintoriginal mailege 84000යක්කල තියෙන්නේ62 Views⚠Report a Problem☆Save Ad to FavoriteSuzuki Cars in Sri LankaSuzuki Wagon R Stingray Cars in Sri LankaSuzuki Wagon R Stingray 2017 Cars in Sri LankaSuzuki Wagon R Stingray Cars in Kadawatha Sri Lankaadstudio.cloudCopyright © Riyasewana Lanka (Pvt) Ltd.Terms & Conditions|Privacy Policy,N/A,N/A,N/A,https://riyasewana.com/buy/suzuki-wagon-r-sale-kadawatha-10893298
toyota,N/A,2017,Post Free Vehicle AdLoginEdit My AdLeasing OfferContact UsContributeBuyCarsBuySUVsBuyVansBuyMotorbikesBuyLorriesBuyThree WheelBuyPickupsBuyHeavy-DutyBuySpare PartsToyota Roomy Custom GT 2017 Car (Used)Posted by Niyazi on 2025-12-14 1:34 pm Colombo< BackContact077 781 2053Price 8390000Get LeasingCentral Finance වෙතින් මාසික වාරිකය රු.1885 සිට ලීසිං පහසුකම්.MakeToyotaModelRoomy Custom GTYOM2017Mileage (km)83000GearAutomaticFuel TypePetrolOptionsAIR CONDITION POWER STEERING POWER MIRROR POWER WINDOWEngine (cc)1000Details🔘TOYOTA ROOMY GT CUSTOM TURBO🔘JUST 83000KM🔘SAFETY EDITION AUTO BREAK🔘PUSH START🔘3RD OWNER🔘2017/2020🔘10INCH ANDROID SETUP WITH R CAM🔘RECORDS AVAILABLE WITH IMPORT CERTIFICATE AND JAAI🔘HIGHEST GRADE🔘FULL OPTIONS🔘ATTRACTIVE BLACK COLOR🔘DUAL MULTI FUNCTION🔘REVERSE CAMERA🔘NICKEL HANDLES🔘BOTH SMART KEYS AVAILABLE🔘CRUISE CONTROL🔘DUAL SIDE POWER DOOR🔘SEAT HEATERS🔘LAND DEPATURES🔘AUTO LED LIGHTS🔘BODY KIT🔘ORIGINAL JAPAN SETUP WITH TV/ NAVI STEREO🔘FOG LIGHT🔘IDLING STOP🔘TOUCH AC🔘ORIGINAL CARPETS🔘REAR WIPER🔘ORIGINAL ALLOYS🔘WINKER MIRROR📞077781205348 Views⚠Report a Problem☆Save Ad to FavoriteToyota Cars in Sri LankaToyota Roomy Custom GT Cars in Sri LankaToyota Roomy Custom GT 2017 Cars in Sri LankaToyota Roomy Custom GT Cars in Colombo Sri Lankaadstudio.cloudCopyright © Riyasewana Lanka (Pvt) Ltd.Terms & Conditions|Privacy Policy,N/A,N/A,N/A,https://riyasewana.com/buy/toyota-roomy-custom-sale-colombo-10893292
peugeot,N/A,2003,Post Free Vehicle AdLoginEdit My AdLeasing OfferContact UsContributeBuyCarsBuySUVsBuyVansBuyMotorbikesBuyLorriesBuyThree WheelBuyPickupsBuyHeavy-DutyBuySpare PartsPeugeot 406 2003 Car (Used)Posted by Autolanka on 2025-12-14 2:11 pm Homagama< BackContact076 723 6735Price 2975000Get LeasingCentral Finance වෙතින් මාසික වාරිකය රු.1885 සිට ලීසිං පහසුකම්.MakePeugeotModel406YOM2003Mileage (km)1234GearManualFuel TypePetrolOptionsAIR CONDITION POWER STEERING POWER MIRROR POWER WINDOWEngine (cc)-DetailsPrice 2975000/-Leasing can be arrangePeugeot 406Full option manual2000/2003Location kottawa32 Views⚠Report a Problem☆Save Ad to FavoritePeugeot Cars in Sri LankaPeugeot 406 Cars in Sri LankaPeugeot 406 2003 Cars in Sri LankaPeugeot 406 Cars in Homagama Sri Lankaadstudio.cloudCopyright © Riyasewana Lanka (Pvt) Ltd.Terms & Conditions|Privacy Policy,N/A,N/A,N/A,https://riyasewana.com/buy/peugeot-peugeot-406-sale-homagama-10893473
toyota,N/A,2014,Post Free Vehicle AdLoginEdit My AdLeasing OfferContact UsContributeBuyCarsBuySUVsBuyVansBuyMotorbikesBuyLorriesBuyThree WheelBuyPickupsBuyHeavy-DutyBuySpare PartsToyota Aqua Prius C 2014 Car (Used)Posted by Ahamed on 2025-12-14 1:37 pm Colombo< BackContact077 693 3922Price 8000000Get LeasingCentral Finance වෙතින් මාසික වාරිකය රු.1885 සිට ලීසිං පහසුකම්.MakeToyotaModelAqua Prius CYOM2014Mileage (km)86400GearAutomaticFuel TypeHybridOptionsAIR CONDITIONPOWER STEERINGPOWER MIRRORPOWER WINDOWEngine (cc)1500DetailsToyota Aqua 2014 (Prius C)Brand New ImportedFirst OwnerCAC-xxxx1.5L Hybrid86400 kmIntelligent KeyDual MultifunctionCruise ControlDVD Reverse CameraScoop LightsFog lampsRear Spoiler15 Inch Alloy WheelsCar In Immaculate ConditionPlease Call Us For More Information -0776 93392228 Views⚠Report a Problem☆Save Ad to FavoriteToyota Cars in Sri LankaToyota Aqua Prius C Cars in Sri LankaToyota Aqua Prius C 2014 Cars in Sri LankaToyota Aqua Prius C Cars in Colombo Sri LankaPlayadstudio.cloudCopyright © Riyasewana Lanka (Pvt) Ltd.Terms & Conditions|Privacy Policy,N/A,N/A,N/A,https://riyasewana.com/buy/toyota-aqua-prius-sale-colombo-10893310
toyota,N/A,2018,Post Free Vehicle AdLoginEdit My AdLeasing OfferContact UsContributeBuyCarsBuySUVsBuyVansBuyMotorbikesBuyLorriesBuyThree WheelBuyPickupsBuyHeavy-DutyBuySpare PartsToyota Premio G SUPERIOR 2018 Car (Used)Posted by RAVINDU on 2025-12-14 1:39 pm Matara< BackContact076 166 1160Price 16250000Get LeasingCentral Finance වෙතින් මාසික වාරිකය රු.1885 සිට ලීසිං පහසුකම්.MakeToyotaModelPremio G SUPERIORYOM2018Mileage (km)80000GearAutomaticFuel TypePetrolOptionsAIR CONDITION POWER STEERING POWER MIRROR POWER WINDOWEngine (cc)1500Details1ST OWNER2018/201880000KMTOYOTA LANKA SERVICE RECORD AVAILABLECBFELECTRIC SHEETREAR WIPERදුම් වාර්තා සියල්ල සහිත අනර්ඝ මෝටර් රථයක්38 Views⚠Report a Problem☆Save Ad to FavoriteToyota Cars in Sri LankaToyota Premio G SUPERIOR Cars in Sri LankaToyota Premio G SUPERIOR 2018 Cars in Sri LankaToyota Premio G SUPERIOR Cars in Matara Sri LankaPlayadstudio.cloudCopyright © Riyasewana Lanka (Pvt) Ltd.Terms & Conditions|Privacy Policy,N/A,N/A,N/A,https://riyasewana.com/buy/toyota-premio-g-sale-matara-10893321
toyota,N/A,2023,Post Free Vehicle AdLoginEdit My AdLeasing OfferContact UsContributeBuyCarsBuySUVsBuyVansBuyMotorbikesBuyLorriesBuyThree WheelBuyPickupsBuyHeavy-DutyBuySpare PartsToyota Roomy Custom GT 2023 Car Unregistered (Recondition)Posted by Niyazi on 2025-12-14 2:12 pm Colombo< BackContact077 781 2053Price 11490000Get LeasingCentral Finance වෙතින් මාසික වාරිකය රු.1885 සිට ලීසිං පහසුකම්.MakeToyotaModelRoomy Custom GTYOM2023Mileage (km)22000GearAutomaticFuel TypePetrolOptionsAIR CONDITION POWER STEERING POWER MIRROR POWER WINDOWEngine (cc)1000Details🏎️TOYOTA ROOMY GT CUSTOM TURBOUNREGISTERED🏎️SAFETY EDITION AUTO BREAK🏎️GR-SPORT BODY KITS🏎️SPOILER🏎️NICKEL CHROME DOOR HANDLES🏎️22000KM DONE🏎️PEARL WHITE EXTERIOR🏎️FACTORY FITTED FOUR-WAY CAMERA🏎️FACTORY FITTED VIDEO RECORDER FRONT BACK🏎️FACTORY FITTED CENTRE ARM REST🏎️CHARGING PORTS🏎️USB PORTS🏎️BRAKE HOLD🏎️HAND BRAKE SWITCH🏎️HIGHEST GRADE🏎️CORNER SENSORS🏎️TWO TONE SEATS🏎️FULL OPTIONS🏎️ATTRACTIVE BLUE COLOR🏎️DUAL MULTI FUNCTION🏎️BOTTLE HOLDERS🏎️REAR CURTAINS🏎️BOTH SMART KEYS AVAILABLE🏎️CRUISE CONTROL🏎️DUAL SIDE POWER DOOR🏎️SEAT HEATERS🏎️LAND DEPATURES🏎️AUTO LED LIGHTS🏎️FOG LIGHT🏎️IDLING STOP🏎️TOUCH AC🏎️ORIGINAL CARPETS🏎️REAR WIPER🏎️ORIGINAL ALLOYS🏎️DOOR VISORS🏎️WINKER MIRROR📞0777812053📞0777816943VISIT US ATNO-24 S DE S JAYASINGHE MAWATHA KALUBOWILA DEHIWALACOLOMBOLOCATIONTIP TOP TRADERS https://g.co/kgs/yM389PGet yours now with us!6 Views⚠Report a Problem☆Save Ad to FavoriteToyota Cars in Sri LankaToyota Roomy Custom GT Cars in Sri LankaToyota Roomy Custom GT 2023 Cars in Sri LankaToyota Roomy Custom GT Cars in Colombo Sri Lankaadstudio.cloudCopyright © Riyasewana Lanka (Pvt) Ltd.Terms & Conditions|Privacy Policy,N/A,N/A,N/A,https://riyasewana.com/buy/toyota-roomy-custom-sale-colombo-10893477
toyota,N/A,2025,Post Free Vehicle AdLoginEdit My AdLeasing OfferContact UsContributeBuyCarsBuySUVsBuyVansBuyMotorbikesBuyLorriesBuyThree WheelBuyPickupsBuyHeavy-DutyBuySpare PartsToyota RAIZE 1000CC Z GRADE MODESLLISTA KITTED 2025 SUV (Used)Posted by Isuru on 2025-12-14 2:08 pm Nugegoda< BackContact077 779 2262Price 13300000Get LeasingCentral Finance වෙතින් මාසික වාරිකය රු.1885 සිට ලීසිං පහසුකම්.MakeToyotaModelRAIZE 1000CC Z GRADE MODESLLISTA KITTEDYOM2025Mileage (km)300GearAutomaticFuel TypePetrolOptionsAIR CONDITIONPOWER STEERINGPOWER MIRRORPOWER WINDOWEngine (cc)1000Details“NEW ARRIVAL” BRAND NEW!TOYOTA RAIZE 1000CC Z GRADE MODESLLISTA KITTED 2025- BRAND NEW ( Only 300km )- ⁠FACTORY FITTED MODELLISTA KIT- PEARL WHITE / SHINING WHITE PEARL- 1000CC TURBO- 2 TONE BLACK TOP- ⁠4 WAY CAMERA- MULTIFUNCTIONAL STEERING WHEEL- TWO TONE INTERIOR ( RED & BLACK )- FULLY SAFTEY SYSTEM- ANDROID AND APPLE CAR PLAY- DIGITAL CLUSTER- KEYLESS ENTRY- PUSH START- BREAK HOLD- ELECTRONIC HAND BREAK- FRONT AND BACK PARKING SENSORS- ADAPTIVE CRUISE CONTROL- REAR REFLECTOR FOG- REAR WIPER- ⁠POWER MODE13300000AND MORE…07777922626 Views⚠Report a Problem☆Save Ad to FavoriteToyota SUVs in Sri LankaToyota RAIZE 1000CC Z GRADE MODESLLISTA KITTED SUVs in Sri LankaToyota RAIZE 1000CC Z GRADE MODESLLISTA KITTED 2025 SUVs in Sri LankaToyota RAIZE 1000CC Z GRADE MODESLLISTA KITTED SUVs in Nugegoda Sri LankaPlayadstudio.cloudCopyright © Riyasewana Lanka (Pvt) Ltd.Terms & Conditions|Privacy Policy,N/A,N/A,N/A,https://riyasewana.com/buy/toyota-raize-1000cc-sale-nugegoda-10893457
bajaj,N/A,2007,Post Free Vehicle AdLoginEdit My AdLeasing OfferContact UsContributeBuyCarsBuySUVsBuyVansBuyMotorbikesBuyLorriesBuyThree WheelBuyPickupsBuyHeavy-DutyBuySpare PartsBajaj Discover 2007 Motorbike Brand NewPosted by Sumith on 2025-12-14 2:04 pm Homagama< BackContact071 490 6006Price 245000Get LeasingCentral Finance වෙතින් මාසික වාරිකය රු.2146 සිට ලීසිං පහසුකම්.MakeBajajModelDiscoverYOM2007Mileage (km)71220Engine (cc)125Start TypeKick / ElectricDetailsBAJAJ DISCOVERY 125CC NEW BATTERY AND NEW TYRES ORIGINAL  MILAGE RECORD AVAILABLE 2ND  OWNER NO ACCIDENT LIGHT KIKSELECT START SIGNAL LIGHT  BREAK LIGHT HEAD DIM LIGHTMETRES WORKING ORIGINAL BOOK.27 Views⚠Report a Problem☆Save Ad to FavoriteBajaj Motorbikes in Sri LankaBajaj Discover Motorbikes in Sri LankaBajaj Discover 2007 Motorbikes in Sri LankaBajaj Discover Motorbikes in Homagama Sri Lankaadstudio.cloudCopyright © Riyasewana Lanka (Pvt) Ltd.Terms & Conditions|Privacy Policy,N/A,125,N/A,https://riyasewana.com/buy/bajaj-discover-sale-homagama-10893441
tvs,N/A,2012,Post Free Vehicle AdLoginEdit My AdLeasing OfferContact UsContributeBuyCarsBuySUVsBuyVansBuyMotorbikesBuyLorriesBuyThree WheelBuyPickupsBuyHeavy-DutyBuySpare PartsTVS TVS 2012 Motorbike (Used)Posted by Lahiru Sandaruwan on 2025-12-14 2:11 pm Kurunegala< BackContact078 485 6682Price 145000Get LeasingCentral Finance වෙතින් මාසික වාරිකය රු.2146 සිට ලීසිං පහසුකම්.MakeTVSModelTVSYOM2012Mileage (km)35000Engine (cc)Start TypeKick / ElectricDetails-12 Views⚠Report a Problem☆Save Ad to FavoriteTVS Motorbikes in Sri LankaTVS TVS Motorbikes in Sri LankaTVS TVS 2012 Motorbikes in Sri LankaTVS TVS Motorbikes in Kurunegala Sri Lankaadstudio.cloudCopyright © Riyasewana Lanka (Pvt) Ltd.Terms & Conditions|Privacy Policy,N/A,start type,N/A,https://riyasewana.com/buy/tvs-tvs-sale-kurunegala-10893471
suzuki,N/A,2014,Post Free Vehicle AdLoginEdit My AdLeasing OfferContact UsContributeBuyCarsBuySUVsBuyVansBuyMotorbikesBuyLorriesBuyThree WheelBuyPickupsBuyHeavy-DutyBuySpare PartsSuzuki Every Wagon 2014 Van (Used)Posted by Ekanayake on 2025-12-14 2:05 pm Kurunegala< BackContact077 321 4725Price 5750000Get LeasingCentral Finance වෙතින් මාසික වාරිකය රු.1885 සිට ලීසිං පහසුකම්.MakeSuzukiModelEvery WagonYOM2014Mileage (km)103350GearAutomaticFuel TypePetrolOptionsAIR CONDITIONPOWER STEERINGPOWER MIRRORPOWER WINDOWEngine (cc)650DetailsPersonally used mint conditionDual side power doorNew batteryAuto stepAndroid playerSeat heatersAll options smoothly working17 Views⚠Report a Problem☆Save Ad to FavoriteSuzuki Vans in Sri LankaSuzuki Every Wagon Vans in Sri LankaSuzuki Every Wagon 2014 Vans in Sri LankaSuzuki Every Wagon Vans in Kurunegala Sri Lankaadstudio.cloudCopyright © Riyasewana Lanka (Pvt) Ltd.Terms & Conditions|Privacy Policy,N/A,N/A,N/A,https://riyasewana.com/buy/suzuki-every-wagon-sale-kurunegala-10893444
honda,N/A,2010,Post Free Vehicle AdLoginEdit My AdLeasing OfferContact UsContributeBuyCarsBuySUVsBuyVansBuyMotorbikesBuyLorriesBuyThree WheelBuyPickupsBuyHeavy-DutyBuySpare PartsHonda CRZ 2010 Car (Used)Posted by Sesatha Auto Kadawatha on 2025-12-14 1:29 pm Kadawatha< BackContact077 731 6279Price 6150000Get LeasingCentral Finance වෙතින් මාසික වාරිකය රු.1885 සිට ලීසිං පහසුකම්.MakeHondaModelCRZYOM2010Mileage (km)120000GearAutomaticFuel TypeHybridOptionsAIR CONDITION POWER STEERING POWER MIRROR POWER WINDOWEngine (cc)1498Detailsmanufacture 2010registered 2012full option hybrid Auto gearmutifunction paddle shiftcruze controloriginal interrial good running condition car for sale price is negotiate after inspection 0777316279 kadawatha66 Views⚠Report a Problem☆Save Ad to FavoriteHonda Cars in Sri LankaHonda CRZ Cars in Sri LankaHonda CRZ 2010 Cars in Sri LankaHonda CRZ Cars in Kadawatha Sri Lankaadstudio.cloudCopyright © Riyasewana Lanka (Pvt) Ltd.Terms & Conditions|Privacy Policy,N/A,N/A,N/A,https://riyasewana.com/buy/honda-crz-sale-kadawatha-10893274
bajaj,N/A,2016,N/A,N/A,125,N/A,https://riyasewana.com/buy/bajaj-125-sale-ampara-10893461
honda,N/A,2017,Post Free Vehicle AdLoginEdit My AdLeasing OfferContact UsContributeBuyCarsBuySUVsBuyVansBuyMotorbikesBuyLorriesBuyThree WheelBuyPickupsBuyHeavy-DutyBuySpare PartsHonda Dio 2017 Motorbike (Used)Posted by Wings on 2025-12-14 2:11 pm Matale< BackContact075 045 4565Price 545000Get LeasingCentral Finance වෙතින් මාසික වාරිකය රු.2146 සිට ලීසිං පහසුකම්.MakeHondaModelDioYOM2017Mileage (km)31425Engine (cc)110Start TypeKick / ElectricDetailsORIGINAL PAINTLOW MILLAGESHOW ROOM CONDITIONJUST BUY AND RIDE7 Views⚠Report a Problem☆Save Ad to FavoriteHonda Motorbikes in Sri LankaHonda Dio Motorbikes in Sri LankaHonda Dio 2017 Motorbikes in Sri LankaHonda Dio Motorbikes in Matale Sri Lankaadstudio.cloudCopyright © Riyasewana Lanka (Pvt) Ltd.Terms & Conditions|Privacy Policy,N/A,110,N/A,https://riyasewana.com/buy/honda-dio-sale-matale-10893474
suzuki,N/A,2019,Post Free Vehicle AdLoginEdit My AdLeasing OfferContact UsContributeBuyCarsBuySUVsBuyVansBuyMotorbikesBuyLorriesBuyThree WheelBuyPickupsBuyHeavy-DutyBuySpare PartsPremium AdSuzuki Baleno 2019 Car (Used)Posted by Wijesundera‪‬ on 2025-12-08 10:04 am Kottawa< BackContact070 305 8380Price 8000000Get LeasingCentral Finance වෙතින් මාසික වාරිකය රු.1885 සිට ලීසිං පහසුකම්.MakeSuzukiModelBalenoYOM2019Mileage (km)58000GearAutomaticFuel TypePetrolOptionsAIR CONDITION POWER STEERING POWER WINDOWEngine (cc)1000DetailsSuzuki Baleno 2019 TurboKey Details:Manufacturing Year: 2019Mileage: 58000 kmOwnership: 1st OwnerService History: Regularly serviced full maintenance records available - engine tuneup gear box oil change doneTires: Brand new set recently fitted and front new break padsRed interior leather seatsApple car playAuto ACKeyless entry push start auto lightsNewly fitted batteryLocation: PannipitiyaAsking Price: 8 millionContact: 0703058380936 Views⚠Report a Problem☆Save Ad to FavoriteSuzuki Cars in Sri LankaSuzuki Baleno Cars in Sri LankaSuzuki Baleno 2019 Cars in Sri LankaSuzuki Baleno Cars in Kottawa Sri Lankaadstudio.cloudCopyright © Riyasewana Lanka (Pvt) Ltd.Terms & Conditions|Privacy Policy,N/A,N/A,N/A,https://riyasewana.com/buy/suzuki-baleno-sale-kottawa-10862762
honda,N/A,2018,Post Free Vehicle AdLoginEdit My AdLeasing OfferContact UsContributeBuyCarsBuySUVsBuyVansBuyMotorbikesBuyLorriesBuyThree WheelBuyPickupsBuyHeavy-DutyBuySpare PartsHonda Grace Sensing 2018 Car (Used)Posted by Dush Carz Ent on 2025-12-14 1:21 pm Kurunegala< BackContact071 910 0555Price 10750000Get LeasingCentral Finance වෙතින් මාසික වාරිකය රු.1885 සිට ලීසිං පහසුකම්.MakeHondaModelGrace SensingYOM2018Mileage (km)120000GearAutomaticFuel TypeHybridOptionsAIR CONDITION POWER STEERING POWER MIRROR POWER WINDOWEngine (cc)1500DetailsGrace new shell model 2017register 20192nd owner(both doctors)DVD japanReverse camera japanauto brakemultifunctioncruise controlalloy wheelLED headlightsfuel consumption 28dual clutch rereplaced( with warrenty)Brandnew tyresService record2 keysDual clutch warrenty available40 Views⚠Report a Problem☆Save Ad to FavoriteHonda Cars in Sri LankaHonda Grace Sensing Cars in Sri LankaHonda Grace Sensing 2018 Cars in Sri LankaHonda Grace Sensing Cars in Kurunegala Sri Lankaadstudio.cloudCopyright © Riyasewana Lanka (Pvt) Ltd.Terms & Conditions|Privacy Policy,N/A,N/A,N/A,https://riyasewana.com/buy/honda-grace-sensing-sale-kurunegala-10893224
toyota,N/A,2019,Post Free Vehicle AdLoginEdit My AdLeasing OfferContact UsContributeBuyCarsBuySUVsBuyVansBuyMotorbikesBuyLorriesBuyThree WheelBuyPickupsBuyHeavy-DutyBuySpare PartsToyota Axio Wxb CBL 2019 Car (Used)Posted by Maduka on 2025-12-14 1:37 pm Hambantota< BackContact070 233 7639Price 13750000Get LeasingCentral Finance වෙතින් මාසික වාරිකය රු.1885 සිට ලීසිං පහසුකම්.MakeToyotaModelAxio Wxb CBLYOM2019Mileage (km)110000GearAutomaticFuel TypePetrolOptionsAIR CONDITION POWER STEERING POWER MIRROR POWER WINDOWEngine (cc)1490DetailsToyota Axio WxbManufacture 2019Register 2019Perl whiteBlack interiorAuto driveOriginal millageA-Z Records (sterling maintain )Interior condition 100%Original paintමිල ගනන් සාකච්ඡා කරගත හැක45 Views⚠Report a Problem☆Save Ad to FavoriteToyota Cars in Sri LankaToyota Axio Wxb CBL Cars in Sri LankaToyota Axio Wxb CBL 2019 Cars in Sri LankaToyota Axio Wxb CBL Cars in Hambantota Sri LankaPlayadstudio.cloudCopyright © Riyasewana Lanka (Pvt) Ltd.Terms & Conditions|Privacy Policy,N/A,N/A,N/A,https://riyasewana.com/buy/toyota-axio-wxb-sale-hambantota-10893307
toyota,N/A,1998,Post Free Vehicle AdLoginEdit My AdLeasing OfferContact UsContributeBuyCarsBuySUVsBuyVansBuyMotorbikesBuyLorriesBuyThree WheelBuyPickupsBuyHeavy-DutyBuySpare PartsToyota Corolla 110 1998 Car (Used)Posted by Sandaruwan Wijesooriya on 2025-12-14 1:34 pm Kurunegala< BackContact077 059 0511Price 42900000Get LeasingCentral Finance වෙතින් මාසික වාරිකය රු.1885 සිට ලීසිං පහසුකම්.MakeToyotaModelCorolla 110YOM1998Mileage (km)220000GearAutomaticFuel TypeDieselOptionsAIR CONDITION POWER STEERING POWER MIRROR POWER WINDOWEngine (cc)2000Details1998register 2002full options Autogood conditionskurunegala33 Views⚠Report a Problem☆Save Ad to FavoriteToyota Cars in Sri LankaToyota Corolla 110 Cars in Sri LankaToyota Corolla 110 1998 Cars in Sri LankaToyota Corolla 110 Cars in Kurunegala Sri LankaPlayadstudio.cloudCopyright © Riyasewana Lanka (Pvt) Ltd.Terms & Conditions|Privacy Policy,N/A,N/A,N/A,https://riyasewana.com/buy/toyota-corolla-110-sale-kurunegala-10893296
hero,N/A,2018,Post Free Vehicle AdLoginEdit My AdLeasing OfferContact UsContributeBuyCarsBuySUVsBuyVansBuyMotorbikesBuyLorriesBuyThree WheelBuyPickupsBuyHeavy-DutyBuySpare PartsHero Maestro 2018 Motorbike (Used)Posted by Lochana on 2025-12-14 2:09 pm Kadawatha< BackContact075 636 5188Price 248000Get LeasingCentral Finance වෙතින් මාසික වාරිකය රු.2146 සිට ලීසිං පහසුකම්.MakeHeroModelMaestroYOM2018Mileage (km)45000Engine (cc)110Start TypeKick / ElectricDetailsEngine 100%Clear documentCl me0760415357078726051013 Views⚠Report a Problem☆Save Ad to FavoriteHero Motorbikes in Sri LankaHero Maestro Motorbikes in Sri LankaHero Maestro 2018 Motorbikes in Sri LankaHero Maestro Motorbikes in Kadawatha Sri Lankaadstudio.cloudCopyright © Riyasewana Lanka (Pvt) Ltd.Terms & Conditions|Privacy Policy,N/A,110,N/A,https://riyasewana.com/buy/hero-maestro-sale-kadawatha-10893466
suzuki,N/A,2014,Post Free Vehicle AdLoginEdit My AdLeasing OfferContact UsContributeBuyCarsBuySUVsBuyVansBuyMotorbikesBuyLorriesBuyThree WheelBuyPickupsBuyHeavy-DutyBuySpare PartsSuzuki WAGON R FZ 2014 Car (Used)Posted by Family Cars Malabe on 2025-12-14 1:24 pm Malabe< BackContact071 769 2246Price 6390000Get LeasingCentral Finance වෙතින් මාසික වාරිකය රු.1885 සිට ලීසිං පහසුකම්.MakeSuzukiModelWAGON R FZYOM2014Mileage (km)98600GearAutomaticFuel TypePetrolOptionsAIR CONDITION POWER STEERING POWER MIRROR POWER WINDOWEngine (cc)650DetailsSUZUKI WAGON R FZ 💥මූලික ගෙවීම ලක්ශ 18/=  ගෙවා ලීසිං පහසුකම් ලබා ගත හැක.💥MANUFACTURED YEAR 2014REGISTERED YEAR 20152 PREVIOUS OWNER✅ AIR CONDITION✅ POWER STEERING✅ POWER SHUTTER✅ POWER MIRROR✅ RETRACTABLE MIRROR✅ ALLOY WHEELS✅ DUAL AIRBAGS✅ FULL OPTIONS✅ PUSH START✅ SAFETY✅ ABS✅ REVERSE CAMERA✅ REVERSE SENSOR6390000 LKR98600 KMNO ERRORJUST BUY AND RIDE📌  NO.318/2F NEW KANDY ROAD MALABE📍NEAR CHANDRIKA KUMARATHUNGA MAWATHAWe warmly welcome you all to partner with us to bring color to your dream vehicle.Visit us at🌐 familycars.lk📧 info@familycars.lkConnect us on ☎+94777353344+94717692246+94772216990+94715319577+94112407555+94112407888to get in touch with the latest updates.#dontdreamitdriveit  #familycarsmalabe44 Views⚠Report a Problem☆Save Ad to FavoriteSuzuki Cars in Sri LankaSuzuki WAGON R FZ Cars in Sri LankaSuzuki WAGON R FZ 2014 Cars in Sri LankaSuzuki WAGON R FZ Cars in Malabe Sri Lankaadstudio.cloudCopyright © Riyasewana Lanka (Pvt) Ltd.Terms & Conditions|Privacy Policy,N/A,N/A,N/A,https://riyasewana.com/buy/suzuki-wagon-r-sale-malabe-10893244
nissan,N/A,2004,Post Free Vehicle AdLoginEdit My AdLeasing OfferContact UsContributeBuyCarsBuySUVsBuyVansBuyMotorbikesBuyLorriesBuyThree WheelBuyPickupsBuyHeavy-DutyBuySpare PartsNissan N16 2004 Car (Used)Posted by Ishini on 2025-12-14 2:09 pm Kandy< BackContact077 876 0866Price 4495000Get LeasingCentral Finance වෙතින් මාසික වාරිකය රු.1885 සිට ලීසිං පහසුකම්.MakeNissanModelN16YOM2004Mileage (km)0GearAutomaticFuel TypePetrolOptionsAIR CONDITION POWER STEERING POWER MIRROR POWER WINDOWEngine (cc)1500DetailsFull option.doctor kenek pawichchi karanne.ada kurunagal pannalin wahane baluwaki.satiye dawas wala kandy hospital eka lagin baliya hakiya.10 Views⚠Report a Problem☆Save Ad to FavoriteNissan Cars in Sri LankaNissan N16 Cars in Sri LankaNissan N16 2004 Cars in Sri LankaNissan N16 Cars in Kandy Sri Lankaadstudio.cloudCopyright © Riyasewana Lanka (Pvt) Ltd.Terms & Conditions|Privacy Policy,N/A,N/A,N/A,https://riyasewana.com/buy/nissan-n16-sale-kandy-10893465
honda,N/A,2012,Post Free Vehicle AdLoginEdit My AdLeasing OfferContact UsContributeBuyCarsBuySUVsBuyVansBuyMotorbikesBuyLorriesBuyThree WheelBuyPickupsBuyHeavy-DutyBuySpare PartsHonda Fit GP1 2012 Car (Used)Posted by Hashith Fernando on 2025-12-14 2:07 pm Kottawa< BackContact077 961 8513Price 6590000Get LeasingCentral Finance වෙතින් මාසික වාරිකය රු.1885 සිට ලීසිං පහසුකම්.MakeHondaModelFit GP1YOM2012Mileage (km)124639GearAutomaticFuel TypePetrolOptionsAIR CONDITION POWER STEERING POWER MIRROR POWER WINDOWEngine (cc)1300Details2013 RegistedSmart key10” Android Player with Reverse cameraNot oil burn chassi rangeSporty Allow wheelsRear SpoilerFog lightAuto lightWell maintained vehicle11 Views⚠Report a Problem☆Save Ad to FavoriteHonda Cars in Sri LankaHonda Fit GP1 Cars in Sri LankaHonda Fit GP1 2012 Cars in Sri LankaHonda Fit GP1 Cars in Kottawa Sri LankaPlayadstudio.cloudCopyright © Riyasewana Lanka (Pvt) Ltd.Terms & Conditions|Privacy Policy,N/A,N/A,N/A,https://riyasewana.com/buy/honda-fit-gp1-sale-kottawa-10893454
suzuki,N/A,2011,Post Free Vehicle AdLoginEdit My AdLeasing OfferContact UsContributeBuyCarsBuySUVsBuyVansBuyMotorbikesBuyLorriesBuyThree WheelBuyPickupsBuyHeavy-DutyBuySpare PartsSuzuki Maruti 800 2011 Car (Used)Posted by Dilanka Gunasekara on 2025-12-14 2:10 pm Piliyandala< BackContact077 337 2213Price 2350000Get LeasingCentral Finance වෙතින් මාසික වාරිකය රු.1885 සිට ලීසිං පහසුකම්.MakeSuzukiModelMaruti 800YOM2011Mileage (km)117000GearManualFuel TypePetrolOptionsAIR CONDITIONEngine (cc)800DetailsSuzuki Maruti 8002011 Brand new2nd ownerA/C perfectGood tyersGood batteryGood paintOriginal seat set with seat coversaccident freewell maintain carPrice negotiable inspection only18 Views⚠Report a Problem☆Save Ad to FavoriteSuzuki Cars in Sri LankaSuzuki Maruti 800 Cars in Sri LankaSuzuki Maruti 800 2011 Cars in Sri LankaSuzuki Maruti 800 Cars in Piliyandala Sri LankaPlayadstudio.cloudCopyright © Riyasewana Lanka (Pvt) Ltd.Terms & Conditions|Privacy Policy,N/A,N/A,N/A,https://riyasewana.com/buy/suzuki-maruti-800-sale-piliyandala-10893469
suzuki,N/A,2005,Post Free Vehicle AdLoginEdit My AdLeasing OfferContact UsContributeBuyCarsBuySUVsBuyVansBuyMotorbikesBuyLorriesBuyThree WheelBuyPickupsBuyHeavy-DutyBuySpare PartsSuzuki Swift Beetle 2005 Car (Used)Posted by Sachith on 2025-12-14 1:27 pm Piliyandala< BackContact077 374 1712Price 4650000Get LeasingCentral Finance වෙතින් මාසික වාරිකය රු.1885 සිට ලීසිං පහසුකම්.MakeSuzukiModelSwift BeetleYOM2005Mileage (km)199000GearAutomaticFuel TypePetrolOptionsAIR CONDITION POWER STEERING POWER MIRROR POWER WINDOWEngine (cc)1320Details*2005 Suzuki Swift beetle*1300cc japan 🇯🇵*4th owner*200000km genuine mileage *Emission test reports available*Running engine interior  exterior tires in good condition*Expecting 46.5/- price can be negotiate after inspection*Vehicle can see from piliyandala*Please contact me through077374171265 Views⚠Report a Problem☆Save Ad to FavoriteSuzuki Cars in Sri LankaSuzuki Swift Beetle Cars in Sri LankaSuzuki Swift Beetle 2005 Cars in Sri LankaSuzuki Swift Beetle Cars in Piliyandala Sri LankaPlayadstudio.cloudCopyright © Riyasewana Lanka (Pvt) Ltd.Terms & Conditions|Privacy Policy,N/A,N/A,N/A,https://riyasewana.com/buy/suzuki-swift-beetle-sale-piliyandala-10893261
bajaj,N/A,2012,Post Free Vehicle AdLoginEdit My AdLeasing OfferContact UsContributeBuyCarsBuySUVsBuyVansBuyMotorbikesBuyLorriesBuyThree WheelBuyPickupsBuyHeavy-DutyBuySpare PartsBajaj Discover 150 2012 Motorbike (Used)Posted by Sadun on 2025-12-14 2:07 pm Ja-Ela< BackContact078 236 9753Price 275000Get LeasingCentral Finance වෙතින් මාසික වාරිකය රු.2146 සිට ලීසිං පහසුකම්.MakeBajajModelDiscover 150YOM2012Mileage (km)221111Engine (cc)150Start TypeKick / ElectricDetailsDiscovery 150 ❤️Enjin 💯 aluthin sada etha✅🧀Running 💯Bettry / tyar/ self start ✅Document clar ✅Price -2.75Location -ja elaContact -0782369753/07581271042 Views⚠Report a Problem☆Save Ad to FavoriteBajaj Motorbikes in Sri LankaBajaj Discover 150 Motorbikes in Sri LankaBajaj Discover 150 2012 Motorbikes in Sri LankaBajaj Discover 150 Motorbikes in Ja-Ela Sri Lankaadstudio.cloudCopyright © Riyasewana Lanka (Pvt) Ltd.Terms & Conditions|Privacy Policy,N/A,150,N/A,https://riyasewana.com/buy/bajaj-discover-150-sale-ja-ela-10893455
bajaj,N/A,2006,Post Free Vehicle AdLoginEdit My AdLeasing OfferContact UsContributeBuyCarsBuySUVsBuyVansBuyMotorbikesBuyLorriesBuyThree WheelBuyPickupsBuyHeavy-DutyBuySpare PartsBajaj 2 Stroke 2006 Three Wheel (Used)Posted by Nuwandarshana on 2025-12-14 2:13 pm Nittambuwa< BackContact076 771 5357Price 300000Get LeasingCentral Finance වෙතින් මාසික වාරිකය රු.2146 සිට ලීසිං පහසුකම්.MakeBajajModel2 StrokeYOM2006Mileage (km)1212GearManualFuel TypePetrolOptions-Engine (cc)145Details07677153570740264851දැනට ෆිනෑන්ස් නැතමූලික ගෙවීම 3i22 Views⚠Report a Problem☆Save Ad to FavoriteBajaj Three Wheels in Sri LankaBajaj 2 Stroke Three Wheels in Sri LankaBajaj 2 Stroke 2006 Three Wheels in Sri LankaBajaj 2 Stroke Three Wheels in Nittambuwa Sri Lankaadstudio.cloudCopyright © Riyasewana Lanka (Pvt) Ltd.Terms & Conditions|Privacy Policy,N/A,N/A,N/A,https://riyasewana.com/buy/bajaj-2-stroke-sale-nittambuwa-10893482
bajaj,N/A,2010,Post Free Vehicle AdLoginEdit My AdLeasing OfferContact UsContributeBuyCarsBuySUVsBuyVansBuyMotorbikesBuyLorriesBuyThree WheelBuyPickupsBuyHeavy-DutyBuySpare PartsBajaj Re 2010 Three Wheel (Used)Posted by Chaminda on 2025-12-14 2:08 pm Warakapola< BackContact077 764 8029Price 1020000Get LeasingCentral Finance වෙතින් මාසික වාරිකය රු.2146 සිට ලීසිං පහසුකම්.MakeBajajModelReYOM2010Mileage (km)68000GearManualFuel TypePetrolOptions-Engine (cc)175DetailsFinance නැහැ.අඩුපාඩු නැහැ.දාවන තත්වය 100%යි. අතේ 1යි60ක් තියෙනම් finance ඒකක් දාල දෙන්නම්. Finance දාල ගන්න අයට පමණි  කෑගල්ල ගම්පහ කුරුණෑගල නුවර දිස්ත්‍රික්කයේ අයනම් වඩාත් හොඳයි.19 Views⚠Report a Problem☆Save Ad to FavoriteBajaj Three Wheels in Sri LankaBajaj Re Three Wheels in Sri LankaBajaj Re 2010 Three Wheels in Sri LankaBajaj Re Three Wheels in Warakapola Sri Lankaadstudio.cloudCopyright © Riyasewana Lanka (Pvt) Ltd.Terms & Conditions|Privacy Policy,N/A,N/A,N/A,https://riyasewana.com/buy/bajaj-re-sale-warakapola-10893460
micro,N/A,2012,Post Free Vehicle AdLoginEdit My AdLeasing OfferContact UsContributeBuyCarsBuySUVsBuyVansBuyMotorbikesBuyLorriesBuyThree WheelBuyPickupsBuyHeavy-DutyBuySpare PartsMicro Panda 2012 Car (Used)Posted by Chamini on 2025-12-14 1:30 pm Panadura< BackContact076 980 1500Price 2675000Get LeasingCentral Finance වෙතින් මාසික වාරිකය රු.1885 සිට ලීසිං පහසුකම්.MakeMicroModelPandaYOM2012Mileage (km)83000GearManualFuel TypePetrolOptionsAIR CONDITION POWER STEERING POWER MIRROR POWER WINDOWEngine (cc)1300DetailsPanda 1.33 rd ownerDvd playerCentral lock remote keyBrand new tyerAC 💯Interior 💯Running 💯0️⃣7️⃣6️⃣9️⃣8️⃣0️⃣1️⃣5️⃣0️⃣0️⃣☎️30 Views⚠Report a Problem☆Save Ad to FavoriteMicro Cars in Sri LankaMicro Panda Cars in Sri LankaMicro Panda 2012 Cars in Sri LankaMicro Panda Cars in Panadura Sri Lankaadstudio.cloudCopyright © Riyasewana Lanka (Pvt) Ltd.Terms & Conditions|Privacy Policy,N/A,N/A,N/A,https://riyasewana.com/buy/micro-panda-sale-panadura-10893279
toyota,N/A,2010,Post Free Vehicle AdLoginEdit My AdLeasing OfferContact UsContributeBuyCarsBuySUVsBuyVansBuyMotorbikesBuyLorriesBuyThree WheelBuyPickupsBuyHeavy-DutyBuySpare PartsToyota Premio 2010 Car (Used)Posted by BINURA on 2025-12-14 1:24 pm Kurunegala< BackContact072 894 8935Price 10500000Get LeasingCentral Finance වෙතින් මාසික වාරිකය රු.1885 සිට ලීසිං පහසුකම්.MakeToyotaModelPremioYOM2010Mileage (km)131000GearAutomaticFuel TypePetrolOptionsAIR CONDITIONPOWER STEERINGPOWER MIRRORPOWER WINDOWEngine (cc)1500DetailsToyota Premio G SuperiorYOM-2010YOR-2012Genuine mileage 131000 kmMultifunction steering wheelRetractable mirrorsNew tyresPush startKeyless entryRear Wiper31 Views⚠Report a Problem☆Save Ad to FavoriteToyota Cars in Sri LankaToyota Premio Cars in Sri LankaToyota Premio 2010 Cars in Sri LankaToyota Premio Cars in Kurunegala Sri LankaPlayadstudio.cloudCopyright © Riyasewana Lanka (Pvt) Ltd.Terms & Conditions|Privacy Policy,N/A,N/A,N/A,https://riyasewana.com/buy/toyota-premio-sale-kurunegala-10893240
toyota,N/A,2017,Post Free Vehicle AdLoginEdit My AdLeasing OfferContact UsContributeBuyCarsBuySUVsBuyVansBuyMotorbikesBuyLorriesBuyThree WheelBuyPickupsBuyHeavy-DutyBuySpare PartsPremium AdToyota Tank 2017 Car (Used)Posted by Chinthaka on 2025-11-26 4:58 pm Katunayake< BackContact071 806 7737Price 7650000Get LeasingCentral Finance වෙතින් මාසික වාරිකය රු.1885 සිට ලීසිං පහසුකම්.MakeToyotaModelTankYOM2017Mileage (km)82000GearAutomaticFuel TypePetrolOptionsAIR CONDITION POWER STEERING POWER MIRROR POWER WINDOWEngine (cc)1000Details2nd Owner Home Use Genuine Milage/Records available New Tyre New Battery (Yuasa) Untouched Sparewheel907 Views⚠Report a Problem☆Save Ad to FavoriteToyota Cars in Sri LankaToyota Tank Cars in Sri LankaToyota Tank 2017 Cars in Sri LankaToyota Tank Cars in Katunayake Sri Lankaadstudio.cloudCopyright © Riyasewana Lanka (Pvt) Ltd.Terms & Conditions|Privacy Policy,N/A,N/A,N/A,https://riyasewana.com/buy/toyota-tank-sale-katunayake-10821912
honda,N/A,2018,N/A,N/A,110,N/A,https://riyasewana.com/buy/honda-navi-sale-matara-10893458
honda,N/A,2018,Post Free Vehicle AdLoginEdit My AdLeasing OfferContact UsContributeBuyCarsBuySUVsBuyVansBuyMotorbikesBuyLorriesBuyThree WheelBuyPickupsBuyHeavy-DutyBuySpare PartsHonda CRV 2018 SUV (Used)Posted by Nimantha Prasad on 2025-12-14 2:10 pm Dambulla< BackContact071 733 6065Price 17000000Get LeasingCentral Finance වෙතින් මාසික වාරිකය රු.1885 සිට ලීසිං පහසුකම්.MakeHondaModelCRVYOM2018Mileage (km)85000GearAutomaticFuel TypePetrolOptionsAIR CONDITION POWER STEERING POWER MIRROR POWER WINDOWEngine (cc)1500Detailsonda CRVManufacture year - 2018Registered year - 2018Mileage - 85000KMExterior - REDOptions - Full option modelSeats - 7 seatersunroof moonroofblack leather interiorelectric sheetmemory sheetmultifunctionvehicle stability assistCruise control8 AirbagsECO modeTraction controlPower bootservice records available Stafford maintainedAdditional info:Original factory floor carpets.Original factory door visors.All 4 new tires (All tires 6 months old).Wheel alignment done.Rat Mesh Guard Installed Both Front And Rear.Recently Done Full Service With Total Flush And Replacement Of Transmission & Brake Fluid.Tinted Windows & Front Windscreen UV Rejection Film Applied.Nothing To DoJust Buy And RidePrice - 17.0 million (Slightly negotiable only after inspection)Only genuine buyers welcome7 Views⚠Report a Problem☆Save Ad to FavoriteHonda SUVs in Sri LankaHonda CRV SUVs in Sri LankaHonda CRV 2018 SUVs in Sri LankaHonda CRV SUVs in Dambulla Sri LankaPlayadstudio.cloudCopyright © Riyasewana Lanka (Pvt) Ltd.Terms & Conditions|Privacy Policy,N/A,N/A,N/A,https://riyasewana.com/buy/honda-crv-sale-dambulla-10893467
audi,N/A,2012,Post Free Vehicle AdLoginEdit My AdLeasing OfferContact UsContributeBuyCarsBuySUVsBuyVansBuyMotorbikesBuyLorriesBuyThree WheelBuyPickupsBuyHeavy-DutyBuySpare PartsAudi A4 1 Owner 2012 Car (Used)Posted by Amarasinghe on 2025-12-14 1:27 pm Colombo< BackContact077 849 9005Price 11275000Get LeasingCentral Finance වෙතින් මාසික වාරිකය රු.1885 සිට ලීසිං පහසුකම්.MakeAudiModelA4 1 OwnerYOM2012Mileage (km)60000GearAutomaticFuel TypePetrolOptionsAIR CONDITION POWER STEERING POWER MIRROR POWER WINDOWEngine (cc)1800DetailsAudi A4 B8 1.8TFSI“ONE OF THE LOWEST MILEAGE AUDI A4 IN THE ISLAND”2011 End Imported through Agent(Senok Automobiles) and Registered on 2012.1ST Owner Vehicle.Single Owner had been used for past 13 Years.60000KMS (37000MILES) done Only.All proofs are available to verify the mileage.Maintenance are done by Senok Automobiles(Agent) and german specialists.•1.8TFSI Engine•Automatic Transmission with Sport Mode•Paddle Shifters•Electric seats for Driving and Passenger Side•3 Driving Modes (Dynamic/comfort/Sport)•Dual Climate Control•Rear AC Vents•Audi Symphony Surround system•Rear Side Privacy Curtains•Dual Exhaust•Black Edition Grill•Daytime Running Lamps•Factory Alloys with New Continental Tyres& Many More options.All the Service History from Day one to nowEmission Test ReportsInsurance Copies from 2012 are available to verify the mileageAll 3 Keys including manual KeyUntouched Spare Wheeloriginal Floor MatsUntouched First Aid KitOwners Manual and Audi Catalogues with pouch are available with the vehicle.Only had been pumped 95 octane and fully synthetic oil from day one to now.All the repairs and services are completed recently spending around 400000/=.Not single engine oil leak or Coolant Leaks present.Accident Free.(Not a single structural damage)It does around 10-11km/l in city and 14-16km/l in highways.Expecting Price is 11300000/=.Price is slightly negotiable after inspection.Reasonable offers are welcome after inspection.Serious Inquiries Only.46 Views⚠Report a Problem☆Save Ad to FavoriteAudi Cars in Sri LankaAudi A4 1 Owner Cars in Sri LankaAudi A4 1 Owner 2012 Cars in Sri LankaAudi A4 1 Owner Cars in Colombo Sri Lankaadstudio.cloudCopyright © Riyasewana Lanka (Pvt) Ltd.Terms & Conditions|Privacy Policy,N/A,N/A,N/A,https://riyasewana.com/buy/audi-a4-1-sale-colombo-10893266
daihatsu,N/A,2025,Post Free Vehicle AdLoginEdit My AdLeasing OfferContact UsContributeBuyCarsBuySUVsBuyVansBuyMotorbikesBuyLorriesBuyThree WheelBuyPickupsBuyHeavy-DutyBuySpare PartsDaihatsu Mira X Limited 2025 Car (Used)Posted by Chamin on 2025-12-14 2:13 pm Kadawatha< BackContact072 379 3680Price 7050000Get LeasingCentral Finance වෙතින් මාසික වාරිකය රු.1885 සිට ලීසිං පහසුකම්.MakeDaihatsuModelMira X LimitedYOM2025Mileage (km)2000GearAutomaticFuel TypePetrolOptionsAIR CONDITION POWER STEERING POWER MIRROR POWER WINDOWEngine (cc)660DetailsDaihatsu MIRAX limited2025 march2229kmsAuction Grade 6Interior grade - AExterior grade - ALED head lightsReverse CameraPower Shutters03 Year/ 100000kms Warranty03 labour free services16 Views⚠Report a Problem☆Save Ad to FavoriteDaihatsu Cars in Sri LankaDaihatsu Mira X Limited Cars in Sri LankaDaihatsu Mira X Limited 2025 Cars in Sri LankaDaihatsu Mira X Limited Cars in Kadawatha Sri LankaPlayadstudio.cloudCopyright © Riyasewana Lanka (Pvt) Ltd.Terms & Conditions|Privacy Policy,N/A,N/A,N/A,https://riyasewana.com/buy/daihatsu-mira-x-sale-kadawatha-10893480
honda,N/A,2013,Post Free Vehicle AdLoginEdit My AdLeasing OfferContact UsContributeBuyCarsBuySUVsBuyVansBuyMotorbikesBuyLorriesBuyThree WheelBuyPickupsBuyHeavy-DutyBuySpare PartsHonda INSIGHT ZE3 2013 Car (Used)Posted by Shiraz on 2025-12-14 1:37 pm Colombo< BackContact077 511 2442Price 7675000Get LeasingCentral Finance වෙතින් මාසික වාරිකය රු.1885 සිට ලීසිං පහසුකම්.MakeHondaModelINSIGHT ZE3YOM2013Mileage (km)120000GearAutomaticFuel TypeHybridOptionsAIR CONDITION POWER STEERING POWER MIRROR POWER WINDOWEngine (cc)1500DetailsHONDA INSIGHT ZE32013 MANUFACTURER1st OWNER120000 km COMPANY MAINTAINED1500 ccPADDLE SHIFTMULTI FUNCTIONTEAK PANALNEW TYRESALLOY WHEELANDROID SETUPAND MORE OPTIONS0775112442077395693745 Views⚠Report a Problem☆Save Ad to FavoriteHonda Cars in Sri LankaHonda INSIGHT ZE3 Cars in Sri LankaHonda INSIGHT ZE3 2013 Cars in Sri LankaHonda INSIGHT ZE3 Cars in Colombo Sri Lankaadstudio.cloudCopyright © Riyasewana Lanka (Pvt) Ltd.Terms & Conditions|Privacy Policy,N/A,N/A,N/A,https://riyasewana.com/buy/honda-insight-ze3-sale-colombo-10893308
nissan,N/A,1997,Post Free Vehicle AdLoginEdit My AdLeasing OfferContact UsContributeBuyCarsBuySUVsBuyVansBuyMotorbikesBuyLorriesBuyThree WheelBuyPickupsBuyHeavy-DutyBuySpare PartsNissan March K11 1997 Car (Used)Posted by Mervin on 2025-12-14 2:10 pm Dehiwala-Mount-Lavinia< BackContact071 325 1985Price 550000Get LeasingCentral Finance වෙතින් මාසික වාරිකය රු.1885 සිට ලීසිං පහසුකම්.MakeNissanModelMarch K11YOM1997Mileage (km)89000GearAutomaticFuel TypePetrolOptionsAIR CONDITION POWER STEERING POWER MIRROR POWER WINDOWEngine (cc)1000DetailsNissan March K1102 DoorAuto GearAlloy wheelsBeat Silencergood conditionRatmalana2285000/- Full priceNo finance at the momentFinance can arrange up to 1700000/-0️⃣7️⃣1️⃣3️⃣2️⃣5️⃣1️⃣9️⃣8️⃣5️⃣https://www.facebook.com/share/r/1AFCrpvW2S/36 Views⚠Report a Problem☆Save Ad to FavoriteNissan Cars in Sri LankaNissan March K11 Cars in Sri LankaNissan March K11 1997 Cars in Sri LankaNissan March K11 Cars in Dehiwala-Mount-Lavinia Sri Lankaadstudio.cloudCopyright © Riyasewana Lanka (Pvt) Ltd.Terms & Conditions|Privacy Policy,N/A,N/A,N/A,https://riyasewana.com/buy/nissan-march-k11-sale-dehiwala-mount-lavinia-10893468
toyota,N/A,2025,Post Free Vehicle AdLoginEdit My AdLeasing OfferContact UsContributeBuyCarsBuySUVsBuyVansBuyMotorbikesBuyLorriesBuyThree WheelBuyPickupsBuyHeavy-DutyBuySpare PartsToyota Roomy Custom GT 2025 Car Unregistered (Recondition)Posted by Niyazi on 2025-12-14 2:09 pm Colombo< BackContact077 781 2053Price 11900000Get LeasingCentral Finance වෙතින් මාසික වාරිකය රු.1885 සිට ලීසිං පහසුකම්.MakeToyotaModelRoomy Custom GTYOM2025Mileage (km)0GearAutomaticFuel TypePetrolOptionsAIR CONDITION POWER STEERING POWER MIRROR POWER WINDOWEngine (cc)1000Details🏎️TOYOTA ROOMY GT CUSTOM TURBOUNREGISTERED🏎️2025🏎️PEARL WHITE TWO TONE BLACKTOP🏎️(00) MILEAGE UNIT🏎️SAFETY EDITION AUTO BREAK🏎️FOUR-WAY CAMERA🏎️CHARGING PORTS🏎️USB PORTS🏎️CARPETS🏎️DOOR VISORS🏎️BRAKE HOLD🏎️HAND BRAKE SWITCH🏎️HIGHEST GRADE🏎️CORNER SENSORS🏎️TWO TONE SEATS🏎️FULL OPTIONS🏎️DUAL MULTI FUNCTION🏎️SIDE CURTAINS🏎️REAR CURTAINS🏎️CRUISE CONTROL🏎️DUAL SIDE POWER DOOR🏎️SEAT HEATERS🏎️LAND DEPATURES🏎️AUTO LED LIGHTS🏎️FOG LIGHT🏎️IDLING STOP🏎️TOUCH AC🏎️REAR WIPER🏎️ORIGINAL ALLOYS🏎️WINKER MIRROR📞0777812053📞0777816943VISIT US ATNO-24 S DE S JAYASINGHE MAWATHA KALUBOWILA DEHIWALACOLOMBOLOCATIONTIP TOP TRADERS https://g.co/kgs/yM389PGet yours now with us!13 Views⚠Report a Problem☆Save Ad to FavoriteToyota Cars in Sri LankaToyota Roomy Custom GT Cars in Sri LankaToyota Roomy Custom GT 2025 Cars in Sri LankaToyota Roomy Custom GT Cars in Colombo Sri Lankaadstudio.cloudCopyright © Riyasewana Lanka (Pvt) Ltd.Terms & Conditions|Privacy Policy,N/A,N/A,N/A,https://riyasewana.com/buy/toyota-roomy-custom-sale-colombo-10893464
hyundai,N/A,2024,Post Free Vehicle AdLoginEdit My AdLeasing OfferContact UsContributeBuyCarsBuySUVsBuyVansBuyMotorbikesBuyLorriesBuyThree WheelBuyPickupsBuyHeavy-DutyBuySpare PartsHyundai Grand I10 2024 Car (Used)Posted by Owner on 2025-12-14 1:33 pm Colombo< BackContact070 699 5355Price 7900000Get LeasingCentral Finance වෙතින් මාසික වාරිකය රු.1885 සිට ලීසිං පහසුකම්.MakeHyundaiModelGrand I10YOM2024Mileage (km)5500GearAutomaticFuel TypePetrolOptionsAIR CONDITIONPOWER STEERINGPOWER MIRRORPOWER WINDOWEngine (cc)1200DetailsBrand new car with Abans warrantyTwo more free services availableBrand new price Rs 8.9Mn.1200cc 4 cylinder engine.Very economical.Full optionDual multi functionPush startDaytime running lightsAuto lightsCruise controlApple CarPlay and android.Retractable power mirrorRear AC ventsLeather and fabric mix interiorRed lines.Diamond cut alloy wheelsTwo smart keys available3M tint done for entire car.34 Views⚠Report a Problem☆Save Ad to FavoriteHyundai Cars in Sri LankaHyundai Grand I10 Cars in Sri LankaHyundai Grand I10 2024 Cars in Sri LankaHyundai Grand I10 Cars in Colombo Sri Lankaadstudio.cloudCopyright © Riyasewana Lanka (Pvt) Ltd.Terms & Conditions|Privacy Policy,N/A,N/A,N/A,https://riyasewana.com/buy/hyundai-grand-i10-sale-colombo-10893290
tvs,N/A,2019,Post Free Vehicle AdLoginEdit My AdLeasing OfferContact UsContributeBuyCarsBuySUVsBuyVansBuyMotorbikesBuyLorriesBuyThree WheelBuyPickupsBuyHeavy-DutyBuySpare PartsTVS Apache RTR 160 2v 2019 Motorbike (Used)Posted by Swaagath on 2025-12-14 2:07 pm Colombo< BackContact078 648 0916Price 140000Get LeasingCentral Finance වෙතින් මාසික වාරිකය රු.2146 සිට ලීසිං පහසුකම්.MakeTVSModelApache RTR 160 2vYOM2019Mileage (km)32000Engine (cc)160Start TypeKick / ElectricDetails🏍️ TVS APACHE RTR 160 2V 🇮🇳⭕️ 2nd Owner⭕️ Number- BIK- XXXX⭕️ 2019 Manufactured / 2019 Registered.⭕️ All Documents Clear 💸⭕️ Original Key 🔑⭕️ Low Mileage.⭕️ Brand New Tyres⭕️ Smooth Engine 💯 🧀⭕️ All MetersLights and Sensors are Working👌💥 FULL MECHANICAL SERVICE DONE ✅️..⚡ license insurance updated📍 Location - MattakkuliyaVia WhatsApp👇🏼https://wa.me/94786480916☎️ For More Details 0️⃣7️⃣8️⃣6️⃣4️⃣8️⃣0️⃣9️⃣1️⃣6️⃣13 Views⚠Report a Problem☆Save Ad to FavoriteTVS Motorbikes in Sri LankaTVS Apache RTR 160 2v Motorbikes in Sri LankaTVS Apache RTR 160 2v 2019 Motorbikes in Sri LankaTVS Apache RTR 160 2v Motorbikes in Colombo Sri Lankaadstudio.cloudCopyright © Riyasewana Lanka (Pvt) Ltd.Terms & Conditions|Privacy Policy,N/A,160,N/A,https://riyasewana.com/buy/tvs-apache-rtr-sale-colombo-10893451
honda,N/A,2018,Post Free Vehicle AdLoginEdit My AdLeasing OfferContact UsContributeBuyCarsBuySUVsBuyVansBuyMotorbikesBuyLorriesBuyThree WheelBuyPickupsBuyHeavy-DutyBuySpare PartsHonda VEZEL RS SENSING LED 2018 SUV (Used)Posted by DEVANGI on 2025-12-14 2:12 pm Colombo< BackContact074 297 6890Price 12750000Get LeasingCentral Finance වෙතින් මාසික වාරිකය රු.1885 සිට ලීසිං පහසුකම්.MakeHondaModelVEZEL RS SENSING LEDYOM2018Mileage (km)89000GearAutomaticFuel TypeHybridOptionsAIR CONDITION POWER STEERING POWER MIRROR POWER WINDOWEngine (cc)1490Details☘️ HONDA VEZEL RS SENSING LED☘️ CBD-XXXX☘️ 1ST OWNER☘️ ORIGINAL PAINT 💯☘️ LOW MILLAGE 88000KM☘️ COMPANY MAINTAIN7 Views⚠Report a Problem☆Save Ad to FavoriteHonda SUVs in Sri LankaHonda VEZEL RS SENSING LED SUVs in Sri LankaHonda VEZEL RS SENSING LED 2018 SUVs in Sri LankaHonda VEZEL RS SENSING LED SUVs in Colombo Sri LankaPlayadstudio.cloudCopyright © Riyasewana Lanka (Pvt) Ltd.Terms & Conditions|Privacy Policy,N/A,N/A,N/A,https://riyasewana.com/buy/honda-vezel-rs-sale-colombo-10893476
nissan,N/A,1992,N/A,N/A,N/A,N/A,https://riyasewana.com/buy/nissan-fb-13-sale-kurunegala-10893456
suzuki,N/A,2016,Post Free Vehicle AdLoginEdit My AdLeasing OfferContact UsContributeBuyCarsBuySUVsBuyVansBuyMotorbikesBuyLorriesBuyThree WheelBuyPickupsBuyHeavy-DutyBuySpare PartsSuzuki Alto Japan 2016 Car (Used)Posted by Sineth Samarathunga on 2025-12-14 2:06 pm Kandy< BackContact077 612 3413Price 5250000Get LeasingCentral Finance වෙතින් මාසික වාරිකය රු.1885 සිට ලීසිං පහසුකම්.MakeSuzukiModelAlto JapanYOM2016Mileage (km)76000GearAutomaticFuel TypePetrolOptionsAIR CONDITIONPOWER STEERINGPOWER WINDOWEngine (cc)650DetailsSuzuki Alto1st ownerYOM 2016YOR 201876000kmsGenuine mileageAll records availableOriginal paintRunning 100%17 Views⚠Report a Problem☆Save Ad to FavoriteSuzuki Cars in Sri LankaSuzuki Alto Japan Cars in Sri LankaSuzuki Alto Japan 2016 Cars in Sri LankaSuzuki Alto Japan Cars in Kandy Sri LankaPlayadstudio.cloudCopyright © Riyasewana Lanka (Pvt) Ltd.Terms & Conditions|Privacy Policy,N/A,N/A,N/A,https://riyasewana.com/buy/suzuki-alto-japan-sale-kandy-10893449
toyota,N/A,2013,Post Free Vehicle AdLoginEdit My AdLeasing OfferContact UsContributeBuyCarsBuySUVsBuyVansBuyMotorbikesBuyLorriesBuyThree WheelBuyPickupsBuyHeavy-DutyBuySpare PartsPremium AdToyota Prius S 2013 Car (Used)Posted by Lasitha Gunawardena on 2025-12-14 8:42 am Galle< BackContact071 683 4300Price 11000000Get LeasingCentral Finance වෙතින් මාසික වාරිකය රු.1885 සිට ලීසිං පහසුකම්.MakeToyotaModelPrius SYOM2013Mileage (km)205000GearAutomaticFuel TypeHybridOptionsAIR CONDITION POWER STEERING POWER MIRROR POWER WINDOWEngine (cc)1800DetailsThis car is registered in Japan 2014 and imported to Sri Lanka in same year.First owner.Serviced by Toyota Lanka for 11 Years. New genuine Toyota Battery installed in July 2023.92 Views⚠Report a Problem☆Save Ad to FavoriteToyota Cars in Sri LankaToyota Prius S Cars in Sri LankaToyota Prius S 2013 Cars in Sri LankaToyota Prius S Cars in Galle Sri LankaPlayadstudio.cloudCopyright © Riyasewana Lanka (Pvt) Ltd.Terms & Conditions|Privacy Policy,N/A,N/A,N/A,https://riyasewana.com/buy/toyota-prius-s-sale-galle-10891198
toyota,N/A,2012,Post Free Vehicle AdLoginEdit My AdLeasing OfferContact UsContributeBuyCarsBuySUVsBuyVansBuyMotorbikesBuyLorriesBuyThree WheelBuyPickupsBuyHeavy-DutyBuySpare PartsToyota Prius S Touring 2012 Car (Used)Posted by Ruwinda on 2025-12-14 1:28 pm Wennappuwa< BackContact077 277 6188Price 8950000Get LeasingCentral Finance වෙතින් මාසික වාරිකය රු.1885 සිට ලීසිං පහසුකම්.MakeToyotaModelPrius S TouringYOM2012Mileage (km)180000GearAutomaticFuel TypeHybridOptionsAIR CONDITION POWER STEERING POWER MIRROR POWER WINDOWEngine (cc)1800DetailsS Touring17inch Alloy wheelCruise ControlHead Light washerScoop LightLow profile tyreBattery replaced 6 months before103 Views⚠Report a Problem☆Save Ad to FavoriteToyota Cars in Sri LankaToyota Prius S Touring Cars in Sri LankaToyota Prius S Touring 2012 Cars in Sri LankaToyota Prius S Touring Cars in Wennappuwa Sri LankaPlayadstudio.cloudCopyright © Riyasewana Lanka (Pvt) Ltd.Terms & Conditions|Privacy Policy,N/A,N/A,N/A,https://riyasewana.com/buy/toyota-prius-s-sale-wennappuwa-10893271
honda,N/A,2016,Post Free Vehicle AdLoginEdit My AdLeasing OfferContact UsContributeBuyCarsBuySUVsBuyVansBuyMotorbikesBuyLorriesBuyThree WheelBuyPickupsBuyHeavy-DutyBuySpare PartsHonda Grace EX 2016 Car (Used)Posted by Manoj Nishantha on 2025-12-14 1:31 pm Battaramulla< BackContact077 386 0435Price 9600000Get LeasingCentral Finance වෙතින් මාසික වාරිකය රු.1885 සිට ලීසිං පහසුකම්.MakeHondaModelGrace EXYOM2016Mileage (km)146000GearAutomaticFuel TypeHybridOptionsAIR CONDITIONPOWER STEERINGPOWER MIRRORPOWER WINDOWEngine (cc)1500Details✅Ownership: 2nd owner✅YOR:2017✅YOM:2016 November✅Made in Japan✅A-Z service records ( Stafford company maintenance)✅genuine mileage✅original two keys✅original kenwood sound system with 8 speakersEX- The top tier adding comforttech and safetyBoasts premium touches like leather and safetyPrice is negotiable☑️Push Start – No keys no stressHeated Seats - For more comfort when necessaryPaddle Shifters – Total control sporty feelDual Multi-Function Steering – Control everything without lifting a handCruise Control – Relax mode on highwaysAuto Brake Assist – Brakes smarter saferAuto Headlights + Scoop Lights – Day or night you’re sorted⁠Auto Power Mirrors – Folds in adjusts when reversing⁠Exclusive Honda Alloy Wheels – Only found on this trim!⁠Automatic Emergency Braking – Extra safety layer⁠8 Airbags – Full protection for you & passengers⁠Dual Zone Climate Control – Set your temp let others set theirsFog Lamps – Better vision in bad weatherHalf Leather Seats – Clean comfy classyRetractable Winker Mirrors + Auto Fold – Parking made smoothRear Wiper – Clear view in the rainReverse Camera – Park with confidenceHybrid Fuel Economy – Your wallet will thank you.Price is negotiable after inspection.….22 Views⚠Report a Problem☆Save Ad to FavoriteHonda Cars in Sri LankaHonda Grace EX Cars in Sri LankaHonda Grace EX 2016 Cars in Sri LankaHonda Grace EX Cars in Battaramulla Sri Lankaadstudio.cloudCopyright © Riyasewana Lanka (Pvt) Ltd.Terms & Conditions|Privacy Policy,N/A,N/A,N/A,https://riyasewana.com/buy/honda-grace-ex-sale-battaramulla-10893283
suzuki,N/A,2015,Post Free Vehicle AdLoginEdit My AdLeasing OfferContact UsContributeBuyCarsBuySUVsBuyVansBuyMotorbikesBuyLorriesBuyThree WheelBuyPickupsBuyHeavy-DutyBuySpare PartsSuzuki Alto K10 2015 Car (Used)Posted by Dhanuka on 2025-12-14 2:12 pm Ratnapura< BackContact077 775 5427Price 4190000Get LeasingCentral Finance වෙතින් මාසික වාරිකය රු.1885 සිට ලීසිං පහසුකම්.MakeSuzukiModelAlto K10YOM2015Mileage (km)117350GearManualFuel TypePetrolOptionsAIR CONDITIONPOWER STEERINGPOWER WINDOWEngine (cc)1000Details2015/2015117500 KMPrevious One OwnerA-Z Emissions Reports AvailableOriginal Paint💯 Accident FreeAll Records Available service3.1M LKR Leasing Facility can Be ArrangeExpecting  price NegotiableSeen @ Godakawela077775542717 Views⚠Report a Problem☆Save Ad to FavoriteSuzuki Cars in Sri LankaSuzuki Alto K10 Cars in Sri LankaSuzuki Alto K10 2015 Cars in Sri LankaSuzuki Alto K10 Cars in Ratnapura Sri LankaPlayadstudio.cloudCopyright © Riyasewana Lanka (Pvt) Ltd.Terms & Conditions|Privacy Policy,N/A,N/A,N/A,https://riyasewana.com/buy/suzuki-k10-sale-ratnapura-10893475
toyota,N/A,1999,Post Free Vehicle AdLoginEdit My AdLeasing OfferContact UsContributeBuyCarsBuySUVsBuyVansBuyMotorbikesBuyLorriesBuyThree WheelBuyPickupsBuyHeavy-DutyBuySpare PartsToyota Sprinter XE Vintage 1999 Car (Used)Posted by Sandaruwan Wijesooriya on 2025-12-14 1:28 pm Kurunegala< BackContact077 059 0511Price 3750000Get LeasingCentral Finance වෙතින් මාසික වාරිකය රු.1885 සිට ලීසිං පහසුකම්.MakeToyotaModelSprinter XE VintageYOM1999Mileage (km)188000GearAutomaticFuel TypePetrolOptionsAIR CONDITION POWER STEERING POWER MIRROR POWER WINDOWEngine (cc)1330DetailsManufacture 1999Registerd  2002Full options Auto1300cc148000kmCristal lightRevese camaraAllwellNew batteryAccident freePrice negotiable after the inspectionKurunegala45 Views⚠Report a Problem☆Save Ad to FavoriteToyota Cars in Sri LankaToyota Sprinter XE Vintage Cars in Sri LankaToyota Sprinter XE Vintage 1999 Cars in Sri LankaToyota Sprinter XE Vintage Cars in Kurunegala Sri Lankaadstudio.cloudCopyright © Riyasewana Lanka (Pvt) Ltd.Terms & Conditions|Privacy Policy,N/A,N/A,N/A,https://riyasewana.com/buy/toyota-sprinter-xe-sale-kurunegala-10893270
tata,N/A,2004,Post Free Vehicle AdLoginEdit My AdLeasing OfferContact UsContributeBuyCarsBuySUVsBuyVansBuyMotorbikesBuyLorriesBuyThree WheelBuyPickupsBuyHeavy-DutyBuySpare PartsTata Indica 2004 Car (Used)Posted by Achintha Jayatilake on 2025-12-14 2:12 pm Malabe< BackContact075 044 9969Price 1800000(Ongoing Lease)Get LeasingCentral Finance වෙතින් මාසික වාරිකය රු.1885 සිට ලීසිං පහසුකම්.MakeTataModelIndicaYOM2004Mileage (km)1150000GearManualFuel TypePetrolOptionsAIR CONDITION POWER STEERINGEngine (cc)1400DetailsIn Mint ConditionHave to replace the radiation fan and some small interior workFull payment - 1800000/-OrContinuing with Finance 800000/- hand and 29000×34months11 Views⚠Report a Problem☆Save Ad to FavoriteTata Cars in Sri LankaTata Indica Cars in Sri LankaTata Indica 2004 Cars in Sri LankaTata Indica Cars in Malabe Sri Lankaadstudio.cloudCopyright © Riyasewana Lanka (Pvt) Ltd.Terms & Conditions|Privacy Policy,N/A,N/A,N/A,https://riyasewana.com/buy/tata-indica-sale-malabe-10893478
suzuki,N/A,2018,Post Free Vehicle AdLoginEdit My AdLeasing OfferContact UsContributeBuyCarsBuySUVsBuyVansBuyMotorbikesBuyLorriesBuyThree WheelBuyPickupsBuyHeavy-DutyBuySpare PartsSuzuki Wagon R Stingray 2018 Car (Used)Posted by Thushan S on 2025-12-14 1:24 pm Kalutara< BackContact070 303 2089Price 6400000Get LeasingCentral Finance වෙතින් මාසික වාරිකය රු.1885 සිට ලීසිං පහසුකම්.MakeSuzukiModelWagon R StingrayYOM2018Mileage (km)62220GearAutomaticFuel TypePetrolOptionsAIR CONDITION POWER STEERING POWER MIRROR POWER WINDOWEngine (cc)650DetailsSUSUKI WAGON R STINGRAY(2017/2018)Multifunction steering wheelSeat heatersCenter lockRemote keySecurity systemAC  100%Running  100%Paint  100%Engine  100%ABS / Air bag modelOriginal DocumentsAndroid playerFRIST OwnerJust Buy & Run* Call +94 70 3032082* Location -kaluthara* Price 6 00 000 LKR ( negotible)Full option AutoMint Condition 100 %12 ward Battery (new)price for cash 62/=263 Views⚠Report a Problem☆Save Ad to FavoriteSuzuki Cars in Sri LankaSuzuki Wagon R Stingray Cars in Sri LankaSuzuki Wagon R Stingray 2018 Cars in Sri LankaSuzuki Wagon R Stingray Cars in Kalutara Sri Lankaadstudio.cloudCopyright © Riyasewana Lanka (Pvt) Ltd.Terms & Conditions|Privacy Policy,N/A,N/A,N/A,https://riyasewana.com/buy/suzuki-wagon-r-sale-kalutara-10893243
toyota,N/A,2025,Post Free Vehicle AdLoginEdit My AdLeasing OfferContact UsContributeBuyCarsBuySUVsBuyVansBuyMotorbikesBuyLorriesBuyThree WheelBuyPickupsBuyHeavy-DutyBuySpare PartsToyota Riaze Z Grade 2025 Car (Used)Posted by Pinsara Enterprises on 2025-12-14 1:39 pm Boralesgamuwa< BackContact077 419 9999Price 13400000Get LeasingCentral Finance වෙතින් මාසික වාරිකය රු.1885 සිට ලීසිං පහසුකම්.MakeToyotaModelRiaze Z GradeYOM2025Mileage (km)-GearAutomaticFuel TypePetrolOptionsAIR CONDITIONPOWER STEERINGPOWER MIRRORPOWER WINDOWEngine (cc)1000Details2025 Toyota Raize Z GradePetrol1000CCFull optionAuto4Way CameraDual Safety Parking SensorsLane AssitTraction controlIdle StopBrand newPinsara EnterprisesKatuwawalaBorelasgamuwa28 Views⚠Report a Problem☆Save Ad to FavoriteToyota Cars in Sri LankaToyota Riaze Z Grade Cars in Sri LankaToyota Riaze Z Grade 2025 Cars in Sri LankaToyota Riaze Z Grade Cars in Boralesgamuwa Sri Lankaadstudio.cloudCopyright © Riyasewana Lanka (Pvt) Ltd.Terms & Conditions|Privacy Policy,N/A,N/A,N/A,https://riyasewana.com/buy/toyota-riaze-z-sale-boralesgamuwa-10893318
