Class of Vehicle,Make/Manufa. Name,Model,Country,Fuel Used,Cylinder Capacity,District,Registration Status,No of vehicle,Model_Code,Clean_Name
MOTOR CYCLE,HONDA,PCX 160,JAPAN,PETROL,157.0,GALLE,RECONDITIONED,3,,PCX 160
MOTOR CYCLE,HONDA,ADV 160,JAPAN,PETROL,157.0,MANNAR,RECONDITIONED,1,,ADV 160
MOTOR CYCLE,HONDA,ADV 160,JAPAN,PETROL,157.0,PUTTALAM,RECONDITIONED,2,,ADV 160
MOTOR CYCLE,HONDA,PCX 125,VIETNAM,PETROL,124.0,KURUNEGALA,RECONDITIONED,4,,PCX 125
MOTOR CYCLE,KAWASAKI,8BK-EX250Y,JAPAN,PETROL,248.0,AMPARA,RECONDITIONED,1,8BK-EX250Y,Unknown
MOTOR LORRY (COMMERCIAL),MITSUBISHI,TKG-FEA50,JAPAN,DIESEL,2990.0,MATALE,RECONDITIONED,1,TKG-FEA50,CANTER
MOTOR CYCLE,HONDA,PCX,VIETNAM,PETROL,157.0,PUTTALAM,RECONDITIONED,1,,PCX
MOTOR CYCLE,HONDA,PCX,VIETNAM,PETROL,156.0,KURUNEGALA,RECONDITIONED,2,,PCX
LAND VEHICLE (SMALL),KUBOTA,K18,JAPAN,DIESEL,422.0,GAMPAHA,RECONDITIONED,1,,K18
SPECIAL PURPOSE VEHICLE,KOMATSU,WA350-1SHOVEL LOADER,JAPAN,DIESEL,0.0,MATARA,RECONDITIONED,1,WA350-1SHOVEL,LOADER
CAR,MG,MG4 ELECTRIC,THAILAND,ELECTRIC,125.0,COLOMBO,RECONDITIONED,1,,MG4 ELECTRIC
SPECIAL PURPOSE VEHICLE,TOYOTA,KC-BU102A TYMMS3,JAPAN,DIESEL,4100.0,HAMBANTOTA,RECONDITIONED,1,KC-BU102A,TYMMS3
MOTOR CYCLE,HONDA,PCX 160,VIETNAM,PETROL,157.0,AMPARA,RECONDITIONED,1,,PCX 160
MOTOR CYCLE,HONDA,PCX 160,VIETNAM,PETROL,157.0,KURUNEGALA,RECONDITIONED,1,,PCX 160
CAR,G.M.C.,HUMMER EV3X,UNITED KINGDOM,ELECTRIC,610.0,KANDY,RECONDITIONED,1,,HUMMER EV3X
LAND VEHICLE (SMALL),KUBOTA,K700,JAPAN,DIESEL,508.0,GAMPAHA,RECONDITIONED,1,,K700
CAR,MERCEDES BENZ,EQE300 SUV,GERMANY,ELECTRIC,180.0,GAMPAHA,NEW,1,,EQE300 SUV
CAR,AUDI,E-TRON-50-QUATTRO,GERMANY,ELECTRIC,230.0,COLOMBO,NEW,1,,E-TRON-50-QUATTRO
MOTOR CYCLE,RISE,LEADER R80,SRI LANKA,ELECTRIC,2.0,PUTTALAM,BRAND NEW-L/MANUFACT,11,,LEADER R80
MOTOR CYCLE,RISE,LEADER R 100,SRI LANKA,ELECTRIC,2.0,RATNAPURA,BRAND NEW-L/MANUFACT,2,,LEADER R 100
TRACTOR TRAILER/BOWSER,LOCALLY BUILT,LOW BED TRAILER,SRI LANKA,NOT STATED,0.0,TRINCOMALEE,LOCALLY BUILT,3,,LOW BED TRAILER
TRACTOR TRAILER/BOWSER,LOCALLY BUILT,TRACTOR TRAILER,SRI LANKA,NOT STATED,0.0,MATARA,LOCALLY BUILT,2,,TRACTOR TRAILER
TRACTOR TRAILER/BOWSER,LOCALLY BUILT,LOW BED TRAILER,SRI LANKA,NOT STATED,0.0,VAVUNIYA,LOCALLY BUILT,2,,LOW BED TRAILER
MOTOR TRICYCLE VAN,PIAGGIO,APE XTRA LD,INDIA,DIESEL,435.0,GAMPAHA,BOUGHT FROM AUCTION,1,,APE XTRA LD
TRACTOR TRAILER/BOWSER,LOCALLY BUILT,LAW BED TRAILER,SRI LANKA,NOT STATED,0.0,POLONNARUWA,LOCALLY BUILT,3,,LAW BED TRAILER
TRACTOR TRAILER/BOWSER,LOCALLY BUILT,LAW BED TRAILER,SRI LANKA,NOT STATED,0.0,TRINCOMALEE,LOCALLY BUILT,2,,LAW BED TRAILER
TRACTOR TRAILER/BOWSER,LOCALLY BUILT,LOW BED TRAILER,SRI LANKA,NOT STATED,0.0,MULLATIVU,LOCALLY BUILT,1,,LOW BED TRAILER
TRACTOR TRAILER/BOWSER,LOCALLY BUILT,LOW BED TRAILER,SRI LANKA,NOT STATED,0.0,BADULLA,LOCALLY BUILT,1,,LOW BED TRAILER
CAR,DFSK,GLORY I AUTO,SRI LANKA,PETROL,1498.0,NUWARA-ELIYA,LOCALLY BUILT,1,,GLORY I AUTO
MOTOR CYCLE,TVS,IQUBE,INDIA,ELECTRIC,3.34,KURUNEGALA,BRAND NEW,2,,IQUBE
MOTOR CYCLE,ATHER,450X,INDIA,ELECTRIC,3.0,KALUTARA,BRAND NEW,1,,450X
MOTOR CYCLE,QUANLE,ZS,CHINA,ELECTRIC,1.2,COLOMBO,BRAND NEW,5,,ZS
MOTOR CYCLE,YADEA,EZEEGO,CHINA,ELECTRIC,1.2,GAMPAHA,BRAND NEW,3,,EZEEGO
MOTOR CYCLE,NWOW,TK 10,CHINA,ELECTRIC,0.8,GAMPAHA,BRAND NEW,5,,TK 10
MOTOR CYCLE,YADEA,EPOC H,CHINA,ELECTRIC,2.0,MATARA,BRAND NEW,7,,EPOC H
MOTOR CYCLE,YADEA,T 9,CHINA,ELECTRIC,2.0,BADULLA,BRAND NEW,2,,T 9
MOTOR CYCLE,YADEA,T5,CHINA,ELECTRIC,1.2,MATALE,BRAND NEW,20,,T5
MOTOR CYCLE,YADEA,EPOC H,CHINA,ELECTRIC,2.0,COLOMBO,BRAND NEW,8,,EPOC H
MOTOR CYCLE,YADEA,RUIBIN,CHINA,ELECTRIC,0.8,KURUNEGALA,BRAND NEW,1,,RUIBIN
MOTOR CYCLE,DAYWANG(DW)SL,E-MOTORCYCLE,CHINA,ELECTRIC,0.8,COLOMBO,BRAND NEW,1,,E-MOTORCYCLE
MOTOR CYCLE,LUYUAN,M-MHH-Z45LJ,CHINA,ELECTRIC,2.0,GALLE,BRAND NEW,2,,M-MHH-Z45LJ
MOTOR CYCLE,QUANLE,ZL,CHINA,ELECTRIC,2.0,HAMBANTOTA,BRAND NEW,9,,ZL
MOTOR CYCLE,QUANLE,ZL,CHINA,ELECTRIC,2.0,RATNAPURA,BRAND NEW,6,,ZL
MOTOR CYCLE,QUANLE,G18,CHINA,ELECTRIC,2.0,HAMBANTOTA,BRAND NEW,11,,G18
LAND VEHICLE,TAFE,45DI,INDIA,DIESEL,2500.0,POLONNARUWA,BRAND NEW,3,,45DI
MOTOR CYCLE,QUANLE,ZL,CHINA,ELECTRIC,2.0,MONERAGALA,BRAND NEW,2,,ZL
MOTOR CYCLE,VINFAST,KLARA SZ,VIETNAM,ELECTRIC,3.0,COLOMBO,BRAND NEW,2,,KLARA SZ
LAND VEHICLE (SMALL),LAND FORCE,RK 80,THAILAND,DIESEL,443.0,KEGALLE,BRAND NEW,1,,RK 80
MOTOR CYCLE,YADEA,RUIBIN,CHINA,ELECTRIC,0.8,KILINOCHCHI,BRAND NEW,1,,RUIBIN
COMMERCIAL,LANKA ASHOK LEYLAND,VIKING,INDIA,DIESEL,6014.0,POLONNARUWA,BRAND NEW,1,,VIKING
LAND VEHICLE (SMALL),VIKYNO,RV125-2,VIETNAM,DIESEL,624.0,TRINCOMALEE,BRAND NEW,1,RV125-2,Unknown
COMMERCIAL,HIGER,KLQ6128K,CHINA,DIESEL,8400.0,COLOMBO,BRAND NEW,4,,KLQ6128K
MOTOR CYCLE,DASTOL,DW-28,CHINA,ELECTRIC,2.0,COLOMBO,BRAND NEW,1,DW-28,Unknown
MOTOR CYCLE,TAILG,SAI BEI,CHINA,ELECTRIC,1.5,HAMBANTOTA,BRAND NEW,1,,SAI BEI
MOTOR CYCLE,LUYUAN,MS70 Z23E,CHINA,ELECTRIC,1.2,GALLE,BRAND NEW,4,,MS70 Z23E
MOTOR CYCLE,LENCAR,ERC80,SRI LANKA,ELECTRIC,1.2,KALUTARA,BRAND NEW,1,,ERC80
MOTOR CYCLE,LUYUAN,S90 PLUS,CHINA,ELECTRIC,1.5,GALLE,BRAND NEW,1,,S90 PLUS
MOTOR CYCLE,HONDA,ADV 160,THAILAND,PETROL,156.0,COLOMBO,RECONDITIONED,1,,ADV 160
MOTOR CYCLE,HONDA,PCX 125,JAPAN,PETROL,124.0,GAMPAHA,RECONDITIONED,2,,PCX 125
LAND VEHICLE (SMALL),KUBOTA,K550,JAPAN,DIESEL,375.0,MONERAGALA,RECONDITIONED,1,,K550
MOTOR LORRY (COMMERCIAL),ISUZU,BKG-NKR85AN,JAPAN,DIESEL,2990.0,KURUNEGALA,RECONDITIONED,1,BKG-NKR85AN,Unknown
LAND VEHICLE (SMALL),KUBOTA,K750,JAPAN,DIESEL,401.0,KURUNEGALA,RECONDITIONED,1,,K750
MOTOR CYCLE,ROYAL ENFIELD,CLASSIC 350,INDIA,PETROL,349.0,PUTTALAM,RECONDITIONED,1,,CLASSIC 350
MOTOR CYCLE,ROYAL ENFIELD,CLASSIC 350,INDIA,PETROL,349.0,BATTICALOA,RECONDITIONED,1,,CLASSIC 350
COMMERCIAL,TOYOTA,BDG-XZB40 COASTER,JAPAN,DIESEL,4000.0,GAMPAHA,RECONDITIONED,1,BDG-XZB40,COASTER
MOTOR CYCLE,HONDA,PCX 125,JAPAN,PETROL,125.0,GAMPAHA,RECONDITIONED,1,,PCX 125
CAR,MG,MG4,THAILAND,ELECTRIC,125.0,COLOMBO,RECONDITIONED,3,,MG4
CAR,BYD,BYD ATTO 3,THAILAND,ELECTRIC,150.0,COLOMBO,RECONDITIONED,2,,BYD ATTO 3
CAR,BYD,BYD ATTO 3 ELECTRIC,THAILAND,ELECTRIC,150.0,COLOMBO,RECONDITIONED,1,,BYD ATTO 3 ELECTRIC
MOTOR CYCLE,HONDA,PCX 160,VIETNAM,PETROL,156.0,GAMPAHA,RECONDITIONED,1,,PCX 160
CAR,TESLA,MODEL Y RWD,CHINA,ELECTRIC,194.0,JAFFNA,RECONDITIONED,1,,MODEL Y RWD
CAR,TESLA,MODEL 3,CHINA,ELECTRIC,194.0,AMPARA,RECONDITIONED,1,,MODEL 3
MOTOR LORRY (COMMERCIAL),MITSUBISHI,TKG-FEB90,JAPAN,DIESEL,2990.0,KURUNEGALA,RECONDITIONED,1,TKG-FEB90,Unknown
CAR,TESLA,MODEL Y RWD,U.S.A,ELECTRIC,194.0,MATARA,RECONDITIONED,1,,MODEL Y RWD
LAND VEHICLE,SONALIKA,DI-50RX-2WD,INDIA,DIESEL,2893.0,BADULLA,RECONDITIONED,1,DI-50RX-2WD,Unknown
CAR,MG,MG4 ELECTRIC X,THAILAND,ELECTRIC,125.0,GAMPAHA,RECONDITIONED,1,,MG4 ELECTRIC X
CAR,B.M.W.,I5E DRIVE 40,GERMANY,ELECTRIC,250.0,COLOMBO,NEW,1,,I5E DRIVE 40
MOTOR CYCLE,RISE,LEADER R80,SRI LANKA,ELECTRIC,2.0,HAMBANTOTA,BRAND NEW-L/MANUFACT,11,,LEADER R80
MOTOR CYCLE,RISE,LEADER R80,SRI LANKA,ELECTRIC,2.0,KURUNEGALA,BRAND NEW-L/MANUFACT,6,,LEADER R80
MOTOR CYCLE,RISE,LEADER R80,SRI LANKA,ELECTRIC,2.0,NUWARA-ELIYA,BRAND NEW-L/MANUFACT,1,,LEADER R80
MOTOR CYCLE,RISE,LEADER R80,SRI LANKA,ELECTRIC,2.0,AMPARA,BRAND NEW-L/MANUFACT,2,,LEADER R80
TRACTOR TRAILER/BOWSER,LOCALLY BUILT,LOW BED TRAILER,SRI LANKA,NOT STATED,0.0,ANURADHAPURA,LOCALLY BUILT,12,,LOW BED TRAILER
TRACTOR TRAILER/BOWSER,LOCALLY BUILT,TRACTOR TRAILER,SRI LANKA,NOT STATED,0.0,PUTTALAM,LOCALLY BUILT,8,,TRACTOR TRAILER
TRACTOR TRAILER/BOWSER,LOCALLY BUILT,LAW BED TRAILER,SRI LANKA,NOT STATED,0.0,KURUNEGALA,LOCALLY BUILT,3,,LAW BED TRAILER
TRACTOR TRAILER/BOWSER,LOCALLY BUILT,TRACTOR TRAILER,SRI LANKA,NOT STATED,0.0,COLOMBO,LOCALLY BUILT,3,,TRACTOR TRAILER
TRACTOR TRAILER/BOWSER,LOCALLY BUILT,LAW BED TRAILER,SRI LANKA,NOT STATED,0.0,VAVUNIYA,LOCALLY BUILT,1,,LAW BED TRAILER
MOTOR CYCLE,SUZUKI,BURGMAN,INDIA,PETROL,125.0,MATALE,BOUGHT FROM AUCTION,1,,BURGMAN
MOTOR LORRY (COMMERCIAL),J M C,JX1044TC2R,SRI LANKA,DIESEL,2771.0,GAMPAHA,LOCALLY BUILT,2,,JX1044TC2R
MOTOR CYCLE,ATHER,450X,INDIA,ELECTRIC,3.0,COLOMBO,BRAND NEW,5,,450X
MOTOR CYCLE,QUANLE,ZS,CHINA,ELECTRIC,1.2,MONERAGALA,BRAND NEW,4,,ZS
MOTOR CYCLE,QUANLE,ZS,CHINA,ELECTRIC,1.2,AMPARA,BRAND NEW,3,,ZS
MOTOR CYCLE,YADEA,T5,CHINA,ELECTRIC,1.2,HAMBANTOTA,BRAND NEW,140,,T5
MOTOR CYCLE,YADEA,EPOC H,CHINA,ELECTRIC,2.0,KALUTARA,BRAND NEW,6,,EPOC H
MOTOR CYCLE,YADEA,T5,CHINA,ELECTRIC,1.2,AMPARA,BRAND NEW,22,,T5
LAND VEHICLE,KUBOTA,L3408,JAPAN,DIESEL,1647.0,TRINCOMALEE,BRAND NEW,1,,L3408
CAR,TOYOTA,LAND CRUISER,U.S.A,DIESEL,5700.0,COLOMBO,BRAND NEW,1,,LAND CRUISER
MOTOR CYCLE,YADEA,T 9,CHINA,ELECTRIC,2.0,HAMBANTOTA,BRAND NEW,9,,T 9
MOTOR CYCLE,NWOW,SE,CHINA,ELECTRIC,0.8,GAMPAHA,BRAND NEW,26,,SE
MOTOR CYCLE,WUYANG HONDA,WH150-3,CHINA,PETROL,150.0,JAFFNA,BRAND NEW,1,WH150-3,Unknown
MOTOR CYCLE,LUYUAN ALFA,MKK-Z23E-12-C,CHINA,ELECTRIC,1.2,HAMBANTOTA,BRAND NEW,7,MKK-Z23E-12-C,Unknown
COMMERCIAL,LANKA ASHOK LEYLAND,VIKING,INDIA,DIESEL,6014.0,KALUTARA,BRAND NEW,4,,VIKING
MOTOR CYCLE,YADEA,EPOC H,CHINA,ELECTRIC,2.0,BADULLA,BRAND NEW,4,,EPOC H
MOTOR CYCLE,YADEA,EPOC H,CHINA,ELECTRIC,2.0,GAMPAHA,BRAND NEW,4,,EPOC H
MOTOR CYCLE,TVS,IQUBE,INDIA,ELECTRIC,3.34,RATNAPURA,BRAND NEW,6,,IQUBE
MOTOR CYCLE,NWOW,SE,CHINA,ELECTRIC,0.8,PUTTALAM,BRAND NEW,2,,SE
MOTOR CYCLE,LUYUAN ALFA,MKK-Z23E-12-C,CHINA,ELECTRIC,1.2,POLONNARUWA,BRAND NEW,5,MKK-Z23E-12-C,Unknown
LAND VEHICLE (SMALL),NEW LION,RK 80,THAILAND,DIESEL,443.0,MATALE,BRAND NEW,1,,RK 80
MOTOR CYCLE,OPAI,YW-06,CHINA,ELECTRIC,2.0,MONERAGALA,BRAND NEW,1,YW-06,Unknown
MOTOR CYCLE,YADEA,T 9,CHINA,ELECTRIC,2.0,RATNAPURA,BRAND NEW,3,,T 9
PRIMER MOVER,TATA,SIGNA 4018,INDIA,DIESEL,5883.0,KALUTARA,BRAND NEW,1,,SIGNA 4018
COMMERCIAL,HIGER,KLQ6952KQ,CHINA,DIESEL,6500.0,COLOMBO,BRAND NEW,1,,KLQ6952KQ
MOTOR CYCLE,HONDA,PCX,JAPAN,PETROL,156.0,MATARA,RECONDITIONED,1,,PCX
SPECIAL PURPOSE VEHICLE,J.C.B,3CX,UNITED KINGDOM,DIESEL,4400.0,COLOMBO,RECONDITIONED,1,,3CX
MOTOR CYCLE,HONDA,8BJ-JK05,JAPAN,PETROL,124.0,PUTTALAM,RECONDITIONED,1,8BJ-JK05,Unknown
MOTOR CYCLE,HONDA,PCX 160,JAPAN,PETROL,157.0,MATALE,RECONDITIONED,1,,PCX 160
CAR,TOYOTA,5BA-M700A,JAPAN,PETROL,996.0,COLOMBO,RECONDITIONED,1,5BA-M700A,Unknown
LAND VEHICLE,MASSEY FERGUSON,135,GERMANY,DIESEL,2502.0,JAFFNA,RECONDITIONED,1,,135
MOTOR CYCLE,HONDA,PCX,JAPAN,PETROL,124.0,PUTTALAM,RECONDITIONED,5,,PCX
MOTOR CYCLE,HONDA,PCX 125,VIETNAM,PETROL,124.0,KEGALLE,RECONDITIONED,1,,PCX 125
LAND VEHICLE (SMALL),KUBOTA,K550A,JAPAN,DIESEL,375.0,JAFFNA,RECONDITIONED,1,,K550A
MOTOR CYCLE,HONDA,PCX 125,VIETNAM,PETROL,124.0,COLOMBO,RECONDITIONED,1,,PCX 125
CAR,HONDA,DBA-JH1 N WGN,JAPAN,PETROL,650.0,KANDY,RECONDITIONED,1,DBA-JH1,N WGN
MOTOR CYCLE,HONDA,PCX 160,VIETNAM,PETROL,157.0,TRINCOMALEE,RECONDITIONED,1,,PCX 160
CAR,MG,MG4V,THAILAND,ELECTRIC,125.0,COLOMBO,RECONDITIONED,1,,MG4V
CAR,BYD,ATTO 3,THAILAND,ELECTRIC,150.0,COLOMBO,RECONDITIONED,2,,ATTO 3
LAND VEHICLE,KUBOTA,L1-185,JAPAN,DIESEL,1299.0,MATALE,RECONDITIONED,1,L1-185,Unknown
CAR,TESLA,ZAA-3L13T,CHINA,ELECTRIC,194.0,COLOMBO,RECONDITIONED,1,ZAA-3L13T,Unknown
LAND VEHICLE (SMALL),KUBOTA,K550,JAPAN,DIESEL,375.0,GAMPAHA,RECONDITIONED,1,,K550
CAR,B.M.W.,ZAA-32FK45-25,GERMANY,ELECTRIC,250.0,COLOMBO,RECONDITIONED,1,ZAA-32FK45-25,Unknown
MOTOR CYCLE,RISE,LEADER R80,SRI LANKA,ELECTRIC,2.0,GAMPAHA,BRAND NEW-L/MANUFACT,9,,LEADER R80
MOTOR CYCLE,RISE,LEADER R80,SRI LANKA,ELECTRIC,2.0,MATARA,BRAND NEW-L/MANUFACT,10,,LEADER R80
MOTOR CYCLE,RISE,LEADER,SRI LANKA,ELECTRIC,2.0,MONERAGALA,BRAND NEW-L/MANUFACT,1,,LEADER
TRACTOR TRAILER/BOWSER,LOCALLY BUILT,TRACTOR TRAILER,SRI LANKA,NOT STATED,0.0,JAFFNA,LOCALLY BUILT,22,,TRACTOR TRAILER
TRACTOR TRAILER/BOWSER,LOCALLY BUILT,TRACTOR TRAILER,SRI LANKA,NOT STATED,0.0,MULLATIVU,LOCALLY BUILT,16,,TRACTOR TRAILER
TRACTOR TRAILER/BOWSER,LOCALLY BUILT,TRACTOR TRAILER,SRI LANKA,NOT STATED,0.0,KILINOCHCHI,LOCALLY BUILT,15,,TRACTOR TRAILER
TRACTOR TRAILER/BOWSER,LOCALLY BUILT,LAW BED TRAILER,SRI LANKA,NOT STATED,0.0,AMPARA,LOCALLY BUILT,8,,LAW BED TRAILER
TRACTOR TRAILER/BOWSER,LOCALLY BUILT,TRACTOR TRAILER,SRI LANKA,NOT STATED,0.0,MANNAR,LOCALLY BUILT,9,,TRACTOR TRAILER
TRACTOR TRAILER/BOWSER,LOCALLY BUILT,TRAILER BOWSER,SRI LANKA,NOT STATED,0.0,BADULLA,LOCALLY BUILT,1,,TRAILER BOWSER
TRACTOR TRAILER/BOWSER,SACHINTHA,TRAILER BOWSER,SRI LANKA,NOT STATED,0.0,ANURADHAPURA,LOCALLY BUILT,1,,TRAILER BOWSER
MOTOR TRICYCLE VAN,PIAGGIO,APE XTRA LD,INDIA,DIESEL,435.0,MATARA,BOUGHT FROM AUCTION,1,,APE XTRA LD
MOTOR CYCLE,SUZUKI,BURGMAN,INDIA,PETROL,125.0,GAMPAHA,BOUGHT FROM AUCTION,1,,BURGMAN
MOTOR CYCLE,ATHER,450X,INDIA,ELECTRIC,3.0,RATNAPURA,BRAND NEW,2,,450X
MOTOR CYCLE,QUANLE,ZS,CHINA,ELECTRIC,1.2,KURUNEGALA,BRAND NEW,13,,ZS
MOTOR CYCLE,QUANLE,Q1,CHINA,ELECTRIC,1.2,AMPARA,BRAND NEW,1,,Q1
MOTOR CYCLE,QUANLE,XGW,CHINA,ELECTRIC,1.2,KURUNEGALA,BRAND NEW,6,,XGW
MOTOR CYCLE,QUANLE,Q1,CHINA,ELECTRIC,1.2,KURUNEGALA,BRAND NEW,5,,Q1
MOTOR CYCLE,YADEA,T5,CHINA,ELECTRIC,1.2,MONERAGALA,BRAND NEW,26,,T5
MOTOR CYCLE,YADEA,T5,CHINA,ELECTRIC,1.2,JAFFNA,BRAND NEW,22,,T5
MOTOR CYCLE,YADEA,T5,CHINA,ELECTRIC,1.2,POLONNARUWA,BRAND NEW,60,,T5
MOTOR CYCLE,YADEA,EPOC H,CHINA,ELECTRIC,2.0,ANURADHAPURA,BRAND NEW,7,,EPOC H
MOTOR CYCLE,NWOW,TK 10,CHINA,ELECTRIC,0.8,PUTTALAM,BRAND NEW,1,,TK 10
MOTOR CYCLE,NWOW,ARS,CHINA,ELECTRIC,0.45,KALUTARA,BRAND NEW,3,,ARS
MOTOR CYCLE,YADEA,EPOC H,CHINA,ELECTRIC,2.0,MONERAGALA,BRAND NEW,3,,EPOC H
MOTOR CYCLE,YADEA,EPOC H,CHINA,ELECTRIC,2.0,GALLE,BRAND NEW,5,,EPOC H
MOTOR CYCLE,YADEA,T 9,CHINA,ELECTRIC,2.0,GALLE,BRAND NEW,5,,T 9
MOTOR CYCLE,YADEA,T 9,CHINA,ELECTRIC,2.0,AMPARA,BRAND NEW,1,,T 9
COMMERCIAL,LANKA ASHOK LEYLAND,VIKING,INDIA,DIESEL,6014.0,COLOMBO,BRAND NEW,4,,VIKING
MOTOR CYCLE,LUYUAN,M-MHH-Z45LJ,CHINA,ELECTRIC,2.0,HAMBANTOTA,BRAND NEW,2,,M-MHH-Z45LJ
MOTOR LORRY (COMMERCIAL),ISUZU,FTR34UU-PDN,JAPAN,DIESEL,7790.0,GAMPAHA,BRAND NEW,1,,FTR34UU-PDN
LAND VEHICLE (SMALL),VIKYNO,RV125-2,VIETNAM,DIESEL,624.0,HAMBANTOTA,BRAND NEW,5,RV125-2,Unknown
MOTOR CYCLE,NWOW,EDB,CHINA,ELECTRIC,0.35,COLOMBO,BRAND NEW,1,,EDB
MOTOR CYCLE,OYFLY,TDM-LTW,CHINA,ELECTRIC,2.0,KURUNEGALA,BRAND NEW,1,TDM-LTW,Unknown
MOTOR CYCLE,SOLID,LEO,CHINA,ELECTRIC,1.2,PUTTALAM,BRAND NEW,2,,LEO
MOTOR CYCLE,LUYUAN,MNK3,CHINA,ELECTRIC,1.5,HAMBANTOTA,BRAND NEW,1,,MNK3
LAND VEHICLE,TAFE,7250 DI,INDIA,DIESEL,2500.0,BATTICALOA,BRAND NEW,1,,7250 DI
MOTOR CYCLE,OYFLY,TDM-LTW,CHINA,ELECTRIC,2.0,KALUTARA,BRAND NEW,1,TDM-LTW,Unknown
MOTOR CYCLE,REVOLT,RV 400,INDIA,ELECTRIC,3.0,PUTTALAM,BRAND NEW,2,,RV 400
MOTOR CYCLE,REVOLT,RV 400,INDIA,ELECTRIC,3.0,GALLE,BRAND NEW,1,,RV 400
MOTOR CYCLE,TAILG,MENGSU,CHINA,ELECTRIC,1.0,HAMBANTOTA,BRAND NEW,1,,MENGSU
MOTOR CYCLE,YADEA,T5,CHINA,ELECTRIC,1.2,MANNAR,BRAND NEW,3,,T5
MOTOR CYCLE,YADEA,EPOC H,CHINA,ELECTRIC,2.0,POLONNARUWA,BRAND NEW,3,,EPOC H
MOTOR CYCLE,TVS,IQUBE,INDIA,ELECTRIC,3.34,MATARA,BRAND NEW,4,,IQUBE
LAND VEHICLE,KARTAR,GLOBETRAC 4736 4WD,INDIA,DIESEL,3117.0,MULLATIVU,BRAND NEW,4,,GLOBETRAC 4736 4WD
PRIMER MOVER,TATA,SIGNA 4018,INDIA,DIESEL,5883.0,COLOMBO,BRAND NEW,2,,SIGNA 4018
MOTOR CYCLE,LUYUAN ALFA,MKK-Z23E-12-C,CHINA,ELECTRIC,1.2,KALUTARA,BRAND NEW,1,MKK-Z23E-12-C,Unknown
MOTOR CYCLE,OYFLY,TDM BO2,CHINA,ELECTRIC,1.0,COLOMBO,BRAND NEW,2,,TDM BO2
DUAL PURPOSE (COMMERCIAL),DAIMLER,HBD-S321V HIJET,JAPAN,PETROL,650.0,GAMPAHA,RECONDITIONED,1,HBD-S321V,HIJET
MOTOR CYCLE,HONDA,PCX,JAPAN,PETROL,124.0,COLOMBO,RECONDITIONED,2,,PCX
MOTOR CYCLE,HONDA,PCX 160,JAPAN,PETROL,157.0,PUTTALAM,RECONDITIONED,9,,PCX 160
MOTOR CYCLE,HONDA,PCX 125,VIETNAM,PETROL,124.0,GAMPAHA,RECONDITIONED,8,,PCX 125
MOTOR CYCLE,SUZUKI,BURGMAN,JAPAN,PETROL,124.0,KEGALLE,RECONDITIONED,1,,BURGMAN
LAND VEHICLE,MASSEY FERGUSON,240,GERMANY,DIESEL,2502.0,JAFFNA,RECONDITIONED,1,,240
DUAL PURPOSE (COMMERCIAL),SUZUKI,HBD-DA17V EVERY,JAPAN,PETROL,650.0,KANDY,RECONDITIONED,2,HBD-DA17V,EVERY
CAR,VOLVO,5AA-UB420TXCM XC60,SWEDEN,PETROL,1960.0,COLOMBO,RECONDITIONED,1,5AA-UB420TXCM,XC60
MOTOR CYCLE,HONDA,PCX 125,VIETNAM,PETROL,124.0,PUTTALAM,RECONDITIONED,4,,PCX 125
MOTOR CYCLE,HONDA,PCX,JAPAN,PETROL,124.0,GAMPAHA,RECONDITIONED,2,,PCX
CAR,TOYOTA,3BA-ZRE212  COROLLA,JAPAN,PETROL,1790.0,COLOMBO,RECONDITIONED,1,3BA-ZRE212,COROLLA
CAR,TESLA,MODEL 3 ELECTRIC,U.S.A,ELECTRIC,194.0,KALUTARA,RECONDITIONED,1,,MODEL 3 ELECTRIC
CAR,MERCEDES BENZ,EQB 250,GERMANY,ELECTRIC,140.0,COLOMBO,RECONDITIONED,1,,EQB 250
MOTOR CYCLE,HONDA,PCX 125,JAPAN,PETROL,125.0,COLOMBO,RECONDITIONED,1,,PCX 125
MOTOR CYCLE,RISE,LEADER R80,SRI LANKA,ELECTRIC,2.0,KALUTARA,BRAND NEW-L/MANUFACT,4,,LEADER R80
MOTOR CYCLE,RISE,LEADER R80,SRI LANKA,ELECTRIC,2.0,COLOMBO,BRAND NEW-L/MANUFACT,5,,LEADER R80
DUAL PURPOSE (COMMERCIAL),EMPEROR,LN130,SRI LANKA,DIESEL,2446.0,GAMPAHA,LOCALLY ASSEMBLED,1,,LN130
MOTOR CYCLE,RISE,LEADER R 100,SRI LANKA,ELECTRIC,2.0,GALLE,BRAND NEW-L/MANUFACT,15,,LEADER R 100
MOTOR CYCLE,RISE,LEADER,SRI LANKA,ELECTRIC,2.0,KALUTARA,BRAND NEW-L/MANUFACT,1,,LEADER
TRACTOR TRAILER/BOWSER,LOCALLY BUILT,LAW BED TRAILER,SRI LANKA,NOT STATED,0.0,RATNAPURA,LOCALLY BUILT,1,,LAW BED TRAILER
TRACTOR TRAILER/BOWSER,LOCALLY BUILT,TRACTOR TRAILER,SRI LANKA,NOT STATED,0.0,MONERAGALA,LOCALLY BUILT,15,,TRACTOR TRAILER
LORRY TRAILER/BOWSER,DUTCH LANKA TRAILER,DLST-40/40T,SRI LANKA,NOT STATED,0.0,COLOMBO,LOCALLY BUILT,10,DLST-40,/40T
COMMERCIAL,TOYOTA,GDH301R-GDFDY HIACE,JAPAN,DIESEL,2755.0,BADULLA,BRAND NEW,1,,GDH301R-GDFDY HIACE
MOTOR CYCLE,QUANLE,ZL,CHINA,ELECTRIC,2.0,MATALE,BRAND NEW,1,,ZL
MOTOR CYCLE,QUANLE,G18,CHINA,ELECTRIC,2.0,GALLE,BRAND NEW,4,,G18
MOTOR CYCLE,QUANLE,ZL,CHINA,ELECTRIC,2.0,COLOMBO,BRAND NEW,1,,ZL
MOTOR CYCLE,YADEA,EPOC H,CHINA,ELECTRIC,2.0,PUTTALAM,BRAND NEW,5,,EPOC H
MOTOR CYCLE,YADEA,T5,CHINA,ELECTRIC,1.2,KILINOCHCHI,BRAND NEW,7,,T5
MOTOR CYCLE,YADEA,T5,CHINA,ELECTRIC,1.2,KALUTARA,BRAND NEW,46,,T5
PRIMER MOVER,TATA,SIGNA 4018,INDIA,DIESEL,5883.0,GAMPAHA,BRAND NEW,6,,SIGNA 4018
MOTOR CYCLE,SOLID,LEO,CHINA,ELECTRIC,1.2,GAMPAHA,BRAND NEW,16,,LEO
MOTOR CYCLE,TVS,IQUBE,INDIA,ELECTRIC,3.34,TRINCOMALEE,BRAND NEW,1,,IQUBE
MOTOR CYCLE,TERRA,A4000 I,VIETNAM,ELECTRIC,1.9,KURUNEGALA,BRAND NEW,2,,A4000 I
MOTOR CYCLE,YADEA,M6,CHINA,ELECTRIC,1.2,KURUNEGALA,BRAND NEW,1,,M6
MOTOR CYCLE,LIMA,ELO-07,CHINA,ELECTRIC,1.5,KILINOCHCHI,BRAND NEW,1,ELO-07,Unknown
MOTOR CYCLE,YADEA,T5,CHINA,ELECTRIC,1.2,KEGALLE,BRAND NEW,13,,T5
MOTOR CYCLE,YADEA,T5,CHINA,ELECTRIC,1.2,TRINCOMALEE,BRAND NEW,17,,T5
MOTOR CYCLE,YADEA,RUIBIN,CHINA,ELECTRIC,0.8,ANURADHAPURA,BRAND NEW,1,,RUIBIN
MOTOR CYCLE,DASTOL,DW-28,CHINA,ELECTRIC,2.0,GALLE,BRAND NEW,1,DW-28,Unknown
MOTOR CYCLE,QUANLE,XGW,CHINA,ELECTRIC,1.2,HAMBANTOTA,BRAND NEW,7,,XGW
MOTOR CYCLE,QUANLE,ZS,CHINA,ELECTRIC,1.2,RATNAPURA,BRAND NEW,3,,ZS
LAND VEHICLE,KUBOTA,L 4508,JAPAN,DIESEL,2197.0,ANURADHAPURA,BRAND NEW,2,,L 4508
MOTOR CYCLE,ATHER,450X,INDIA,ELECTRIC,3.0,PUTTALAM,BRAND NEW,2,,450X
MOTOR CYCLE,NWOW,WSP,CHINA,ELECTRIC,1.5,HAMBANTOTA,BRAND NEW,1,,WSP
LAND VEHICLE,TAFE,45DI,INDIA,DIESEL,2500.0,KILINOCHCHI,BRAND NEW,4,,45DI
MOTOR CYCLE,BAJAJ,PULSAR N160,SRI LANKA,PETROL,164.82,AMPARA,BRAND NEW,1,,PULSAR N160
MOTOR CYCLE,HONDA,PCX 160,JAPAN,PETROL,157.0,ANURADHAPURA,RECONDITIONED,2,,PCX 160
MOTOR CYCLE,HONDA,PCX,JAPAN,PETROL,124.0,KANDY,RECONDITIONED,1,,PCX
MOTOR CYCLE,HONDA,PCX 125,VIETNAM,PETROL,125.0,KANDY,RECONDITIONED,1,,PCX 125
LAND VEHICLE (SMALL),KUBOTA,K750,JAPAN,DIESEL,401.0,ANURADHAPURA,RECONDITIONED,1,,K750
COMMERCIAL,NISSAN,PDG-EHW41 CIVILIAN,JAPAN,DIESEL,2950.0,GAMPAHA,RECONDITIONED,1,PDG-EHW41,CIVILIAN
SPECIAL PURPOSE VEHICLE,TOYOTA,GENEO 45,JAPAN,DIESEL,4616.0,COLOMBO,RECONDITIONED,1,,GENEO 45
MOTOR CYCLE,KAWASAKI,NINJA ZX25R,JAPAN,PETROL,249.0,GAMPAHA,RECONDITIONED,1,,NINJA ZX25R
CAR,MG,MG4 ELECTRIC,THAILAND,ELECTRIC,125.0,GAMPAHA,RECONDITIONED,1,,MG4 ELECTRIC
LAND VEHICLE (SMALL),KUBOTA,K600-GA75,JAPAN,DIESEL,422.0,KANDY,RECONDITIONED,1,K600-GA75,Unknown
MOTOR CYCLE,HONDA,PCX,JAPAN,PETROL,157.0,KURUNEGALA,RECONDITIONED,1,,PCX
MOTOR CYCLE,HONDA,PCX,JAPAN,PETROL,157.0,COLOMBO,RECONDITIONED,1,,PCX
LAND VEHICLE,MASSEY FERGUSON,MF240,ENGLAND,DIESEL,2500.0,KALUTARA,RECONDITIONED,1,,MF240
MOTOR CYCLE,ROYAL ENFIELD,BULLET,INDIA,PETROL,349.0,MULLATIVU,RECONDITIONED,1,,BULLET
MOTOR CYCLE,HONDA,ADV 160,JAPAN,PETROL,157.0,HAMBANTOTA,RECONDITIONED,1,,ADV 160
CAR,SUZUKI,DBA-HA36S,JAPAN,PETROL,650.0,KEGALLE,RECONDITIONED,1,DBA-HA36S,Unknown
DUAL PURPOSE (COMMERCIAL),NISSAN,HBD-DR17V,JAPAN,PETROL,650.0,GAMPAHA,RECONDITIONED,1,HBD-DR17V,Unknown
CAR,B.M.W.,I5 EDRIVE 40 M SPORT,UNITED KINGDOM,ELECTRIC,250.0,COLOMBO,RECONDITIONED,1,,I5 EDRIVE 40 M SPORT
LAND VEHICLE (SMALL),KUBOTA,K7,JAPAN,DIESEL,395.0,POLONNARUWA,RECONDITIONED,1,,K7
CAR,B.M.W.,I 7X DRIVE 60M SPORT,UNITED KINGDOM,ELECTRIC,400.0,COLOMBO,RECONDITIONED,1,,I 7X DRIVE 60M SPORT
LAND VEHICLE (SMALL),KUBOTA,K550A,JAPAN,DIESEL,375.0,KURUNEGALA,RECONDITIONED,1,,K550A
MOTOR CYCLE,HONDA,PCX 160,JAPAN,PETROL,157.0,AMPARA,RECONDITIONED,1,,PCX 160
CAR,BYD,SEAL,THAILAND,ELECTRIC,150.0,KANDY,NEW,1,,SEAL
MOTOR CYCLE,RISE,LEADER R 100,SRI LANKA,ELECTRIC,2.0,KALUTARA,BRAND NEW-L/MANUFACT,1,,LEADER R 100
MOTOR CYCLE,RISE,LEADER,SRI LANKA,ELECTRIC,2.0,POLONNARUWA,BRAND NEW-L/MANUFACT,1,,LEADER
TRACTOR TRAILER/BOWSER,LOCALLY BUILT,LOW BED TRAILER,SRI LANKA,NOT STATED,0.0,BATTICALOA,LOCALLY BUILT,2,,LOW BED TRAILER
TRACTOR TRAILER/BOWSER,LOCALLY BUILT,TRACTOR TRAILER,SRI LANKA,NOT STATED,0.0,MATALE,LOCALLY BUILT,6,,TRACTOR TRAILER
LORRY TRAILER/BOWSER,TANTRI,TFB-40,SRI LANKA,NOT STATED,0.0,COLOMBO,LOCALLY BUILT,4,TFB-40,Unknown
CAR,LAND ROVER,DISCOVERY 3 TDV6S,UNITED KINGDOM,DIESEL,2720.0,GAMPAHA,BOUGHT FROM AUCTION,1,,DISCOVERY 3 TDV6S
TRACTOR TRAILER/BOWSER,LOCALLY BUILT,LOW BED TRAILER,SRI LANKA,NOT STATED,0.0,AMPARA,LOCALLY BUILT,2,,LOW BED TRAILER
TRACTOR TRAILER/BOWSER,LOCALLY BUILT,LAW BED TRAILER,SRI LANKA,NOT STATED,0.0,BATTICALOA,LOCALLY BUILT,1,,LAW BED TRAILER
TRACTOR TRAILER/BOWSER,LOCALLY BUILT,TRAILER BOWSER,SRI LANKA,NOT STATED,0.0,JAFFNA,LOCALLY BUILT,1,,TRAILER BOWSER
TRACTOR TRAILER/BOWSER,LOCALLY BUILT,LOW BED TRAILER,SRI LANKA,NOT STATED,0.0,MATARA,LOCALLY BUILT,1,,LOW BED TRAILER
OTHER SPECIAL PURPOSE VEHICLE,TATA DAEWOO,A79C7 NOVUS,KOREA,DIESEL,11051.0,COLOMBO,BRAND NEW,1,,A79C7 NOVUS
MOTOR CYCLE,ATHER,450X,INDIA,ELECTRIC,3.0,GAMPAHA,BRAND NEW,3,,450X
MOTOR CYCLE,QUANLE,XGW,CHINA,ELECTRIC,1.2,ANURADHAPURA,BRAND NEW,6,,XGW
MOTOR CYCLE,LUYUAN,MNK3,CHINA,ELECTRIC,1.5,GAMPAHA,BRAND NEW,2,,MNK3
MOTOR CYCLE,YADEA,T5,CHINA,ELECTRIC,1.2,RATNAPURA,BRAND NEW,15,,T5
MOTOR CYCLE,YADEA,T5,CHINA,ELECTRIC,1.2,COLOMBO,BRAND NEW,59,,T5
COMMERCIAL,LANKA ASHOK LEYLAND,VIKING,INDIA,DIESEL,6014.0,GAMPAHA,BRAND NEW,8,,VIKING
COMMERCIAL,LANKA ASHOK LEYLAND,VIKING,INDIA,DIESEL,6014.0,JAFFNA,BRAND NEW,2,,VIKING
MOTOR CYCLE,NWOW,V11,CHINA,ELECTRIC,1.0,COLOMBO,BRAND NEW,1,,V11
MOTOR CYCLE,YADEA,E8S PRO,CHINA,ELECTRIC,2.0,KURUNEGALA,BRAND NEW,6,,E8S PRO
MOTOR CYCLE,LIMA,ELO-07,CHINA,ELECTRIC,1.5,KURUNEGALA,BRAND NEW,13,ELO-07,Unknown
MOTOR CYCLE,LIMA,JV 1.5G,CHINA,ELECTRIC,1.5,HAMBANTOTA,BRAND NEW,1,,JV 1.5G
COMMERCIAL,LANKA ASHOK LEYLAND,VIKING,INDIA,DIESEL,6014.0,KANDY,BRAND NEW,3,,VIKING
MOTOR CYCLE,LUYUAN,M-MHH-Z30LJ,CHINA,ELECTRIC,2.0,GAMPAHA,BRAND NEW,1,,M-MHH-Z30LJ
MOTOR CYCLE,LUYUAN,M-MHH-Z30LJ,CHINA,ELECTRIC,2.0,GALLE,BRAND NEW,3,,M-MHH-Z30LJ
LAND VEHICLE,TAFE,45DI,INDIA,DIESEL,2500.0,BATTICALOA,BRAND NEW,10,,45DI
MOTOR CYCLE,HUAIHAI,HUAIHAI,CHINA,ELECTRIC,2.0,MATARA,BRAND NEW,7,,HUAIHAI
MOTOR CYCLE,OPAI,YW-06,CHINA,ELECTRIC,2.0,RATNAPURA,BRAND NEW,1,YW-06,Unknown
COMMERCIAL,LANKA ASHOK LEYLAND,VIKING,INDIA,DIESEL,6014.0,HAMBANTOTA,BRAND NEW,2,,VIKING
MOTOR CYCLE,QUANLE,Q1,CHINA,ELECTRIC,1.2,KALUTARA,BRAND NEW,1,,Q1
MOTOR CYCLE,QUANLE,ZL,CHINA,ELECTRIC,2.0,GALLE,BRAND NEW,3,,ZL
MOTOR CYCLE,LUYUAN,MNK3,CHINA,ELECTRIC,1.5,ANURADHAPURA,BRAND NEW,1,,MNK3
MOTOR CYCLE,HONDA,PCX 160,JAPAN,PETROL,157.0,KALUTARA,RECONDITIONED,3,,PCX 160
MOTOR CYCLE,HONDA,PCX 160,JAPAN,PETROL,157.0,KURUNEGALA,RECONDITIONED,4,,PCX 160
MOTOR CYCLE,HONDA,PCX 124,JAPAN,PETROL,124.0,BATTICALOA,RECONDITIONED,1,,PCX 124
MOTOR CYCLE,HONDA,PCX,VIETNAM,PETROL,124.0,KEGALLE,RECONDITIONED,2,,PCX
MOTOR CYCLE,HONDA,ADV 160,JAPAN,PETROL,157.0,AMPARA,RECONDITIONED,1,,ADV 160
MOTOR CYCLE,HONDA,PCX 160,VIETNAM,PETROL,157.0,COLOMBO,RECONDITIONED,2,,PCX 160
MOTOR CYCLE,ROYAL ENFIELD,METEOR,INDIA,PETROL,349.0,JAFFNA,RECONDITIONED,1,,METEOR
MOTOR CYCLE,HONDA,PCX 125,VIETNAM,PETROL,125.0,BATTICALOA,RECONDITIONED,1,,PCX 125
CAR,TOYOTA,6BA-MXAA54  RAV 4,JAPAN,PETROL,1980.0,COLOMBO,RECONDITIONED,1,6BA-MXAA54,RAV 4
MOTOR CYCLE,HONDA,PCX,VIETNAM,PETROL,124.0,COLOMBO,RECONDITIONED,1,,PCX
CAR,KIA,EV 5 VEHICLE,THAILAND,ELECTRIC,160.0,KANDY,RECONDITIONED,1,,EV 5 VEHICLE
CAR,NISSAN,5BA-NT32  X-TRAIL,JAPAN,PETROL,1990.0,COLOMBO,RECONDITIONED,1,5BA-NT32,X-TRAIL
CAR,M.G.,MG4,THAILAND,ELECTRIC,125.0,COLOMBO,RECONDITIONED,1,,MG4
MOTOR CYCLE,ROYAL ENFIELD,CLASSIC 350,INDIA,PETROL,349.0,MULLATIVU,RECONDITIONED,1,,CLASSIC 350
DUAL PURPOSE (COMMERCIAL),NISSAN,HBD-DR17V,JAPAN,PETROL,650.0,KANDY,RECONDITIONED,1,HBD-DR17V,Unknown
MOTOR LORRY (COMMERCIAL),MITSUBISHI,TKG FEB90,JAPAN,DIESEL,2990.0,KURUNEGALA,RECONDITIONED,1,,TKG FEB90
LAND VEHICLE (SMALL),KUBOTA,K600A,JAPAN,DIESEL,422.0,ANURADHAPURA,RECONDITIONED,1,,K600A
CAR,B.M.W.,I7X DRIVE 60M SPORTS,GERMANY,ELECTRIC,400.0,GAMPAHA,NEW,1,,I7X DRIVE 60M SPORTS
CAR,MERCEDES BENZ,EQE 300 SUV,GERMANY,ELECTRIC,180.0,COLOMBO,NEW,1,,EQE 300 SUV
MOTOR CYCLE,RISE,LEADER R80,SRI LANKA,ELECTRIC,2.0,MONERAGALA,BRAND NEW-L/MANUFACT,6,,LEADER R80
MOTOR CYCLE,RISE,LEADER R80,SRI LANKA,ELECTRIC,2.0,MATALE,BRAND NEW-L/MANUFACT,3,,LEADER R80
MOTOR CYCLE,RISE,LEADER,SRI LANKA,ELECTRIC,2.0,JAFFNA,BRAND NEW-L/MANUFACT,1,,LEADER
MOTOR CYCLE,TVS,NTORQ 125,SRI LANKA,PETROL,124.79,KURUNEGALA,BRAND NEW-L/MANUFACT,1,,NTORQ 125
MOTOR CYCLE,RISE,LEADER R 100,SRI LANKA,ELECTRIC,2.0,ANURADHAPURA,BRAND NEW-L/MANUFACT,2,,LEADER R 100
TRACTOR TRAILER/BOWSER,LOCALLY BUILT,TRACTOR TRAILER,SRI LANKA,NOT STATED,0.0,KILINOCHCHI,LOCALLY ASSEMBLED,1,,TRACTOR TRAILER
TRACTOR TRAILER/BOWSER,LOCALLY BUILT,TRACTOR TRAILER,SRI LANKA,NOT STATED,0.0,KURUNEGALA,LOCALLY BUILT,16,,TRACTOR TRAILER
TRACTOR TRAILER/BOWSER,LOCALLY BUILT,TRACTOR TRAILER,SRI LANKA,NOT STATED,0.0,GAMPAHA,LOCALLY BUILT,6,,TRACTOR TRAILER
TRACTOR TRAILER/BOWSER,LOCALLY BUILT,TRACTOR TRAILER,SRI LANKA,NOT STATED,0.0,TRINCOMALEE,LOCALLY BUILT,13,,TRACTOR TRAILER
TRACTOR TRAILER/BOWSER,LOCALLY BUILT,TRACTOR TRAILER,SRI LANKA,NOT STATED,0.0,VAVUNIYA,LOCALLY BUILT,12,,TRACTOR TRAILER
TRACTOR TRAILER/BOWSER,LOCALLY BUILT,TRACTOR TRAILER,SRI LANKA,NOT STATED,0.0,HAMBANTOTA,LOCALLY BUILT,16,,TRACTOR TRAILER
CAR,DFSK,GLORY I AUTO,SRI LANKA,PETROL,1498.0,GAMPAHA,LOCALLY BUILT,2,,GLORY I AUTO
TRACTOR TRAILER/BOWSER,LOCALLY BUILT,LAW BED TRAILER,SRI LANKA,NOT STATED,0.0,BADULLA,LOCALLY BUILT,1,,LAW BED TRAILER
TRACTOR TRAILER/BOWSER,LOCALLY BUILT,LAW BED TRAILER,SRI LANKA,NOT STATED,0.0,MONERAGALA,LOCALLY BUILT,1,,LAW BED TRAILER
CAR,DFSK,GLORY I AUTO,SRI LANKA,PETROL,1498.0,COLOMBO,LOCALLY BUILT,2,,GLORY I AUTO
MOTOR TRICYCLE VAN,PIAGGIO,APE XTRA LD,INDIA,DIESEL,435.0,RATNAPURA,BOUGHT FROM AUCTION,1,,APE XTRA LD
MOTOR CYCLE,REVOLT,RV 400,INDIA,ELECTRIC,3.0,COLOMBO,BRAND NEW,5,,RV 400
MOTOR CYCLE,TVS,IQUBE,INDIA,ELECTRIC,3.34,COLOMBO,BRAND NEW,25,,IQUBE
MOTOR CYCLE,LUYUAN ALFA,MKK-Z23E-12-C,CHINA,ELECTRIC,1.2,MATARA,BRAND NEW,3,MKK-Z23E-12-C,Unknown
MOTOR CYCLE,QUANLE,XGW,CHINA,ELECTRIC,1.2,GAMPAHA,BRAND NEW,26,,XGW
MOTOR CYCLE,YADEA,T5,CHINA,ELECTRIC,1.2,BADULLA,BRAND NEW,10,,T5
MOTOR CYCLE,YADEA,T5,CHINA,ELECTRIC,1.2,KANDY,BRAND NEW,7,,T5
MOTOR CYCLE,YADEA,T5,CHINA,ELECTRIC,1.2,ANURADHAPURA,BRAND NEW,138,,T5
SPECIAL PURPOSE VEHICLE,JAC,CPD25,CHINA,ELECTRIC,80.0,COLOMBO,BRAND NEW,2,,CPD25
LAND VEHICLE (SMALL),VIKYNO,RV125-2,VIETNAM,DIESEL,624.0,KEGALLE,BRAND NEW,1,RV125-2,Unknown
MOTOR CYCLE,NWOW,SE,CHINA,ELECTRIC,0.8,KALUTARA,BRAND NEW,4,,SE
MOTOR CYCLE,NWOW,SE,CHINA,ELECTRIC,0.8,COLOMBO,BRAND NEW,16,,SE
MOTOR CYCLE,TERRA,A4000I,VIETNAM,ELECTRIC,1.9,KURUNEGALA,BRAND NEW,1,,A4000I
MOTOR CYCLE,LIMA,ELO-07,CHINA,ELECTRIC,1.5,RATNAPURA,BRAND NEW,2,ELO-07,Unknown
LAND VEHICLE,KUBOTA,L3408,JAPAN,DIESEL,1647.0,KANDY,BRAND NEW,1,,L3408
MOTOR CYCLE,YADEA,RUIBIN,CHINA,ELECTRIC,0.8,AMPARA,BRAND NEW,2,,RUIBIN
MOTOR CYCLE,VINFAST,EVO 200,VIETNAM,ELECTRIC,2.5,COLOMBO,BRAND NEW,2,,EVO 200
MOTOR CYCLE,VINFAST,FELIZ,VIETNAM,ELECTRIC,3.0,COLOMBO,BRAND NEW,2,,FELIZ
MOTOR CYCLE,QUANLE,ZL,CHINA,ELECTRIC,2.0,KURUNEGALA,BRAND NEW,8,,ZL
LAND VEHICLE (SMALL),LAND FORCE,RK80,THAILAND,DIESEL,416.0,ANURADHAPURA,BRAND NEW,1,,RK80
LAND VEHICLE,TAFE,45DI,INDIA,DIESEL,2500.0,TRINCOMALEE,BRAND NEW,9,,45DI
LAND VEHICLE (SMALL),VIKYNO,RV125-2,VIETNAM,DIESEL,624.0,KURUNEGALA,BRAND NEW,1,RV125-2,Unknown
LAND VEHICLE,JOHN DEERE,5047D,INDIA,DIESEL,2940.0,ANURADHAPURA,BRAND NEW,1,,5047D
MOTOR CYCLE,LIMA,ELO-07,CHINA,ELECTRIC,1.5,MATARA,BRAND NEW,3,ELO-07,Unknown
MOTOR CYCLE,QUANLE,XGW,CHINA,ELECTRIC,1.2,MATALE,BRAND NEW,1,,XGW
MOTOR CYCLE,LUYUAN,M-MHH-Z30LJ,CHINA,ELECTRIC,2.0,MONERAGALA,BRAND NEW,1,,M-MHH-Z30LJ
MOTOR CYCLE,QUANLE,ZL,CHINA,ELECTRIC,2.0,AMPARA,BRAND NEW,2,,ZL
MOTOR CYCLE,QUANLE,G18,CHINA,ELECTRIC,2.0,RATNAPURA,BRAND NEW,2,,G18
MOTOR CYCLE,LUYUAN,MYT,CHINA,ELECTRIC,0.8,KALUTARA,BRAND NEW,1,,MYT
MOTOR CYCLE,HONDA,PCX 125,JAPAN,PETROL,124.0,COLOMBO,RECONDITIONED,4,,PCX 125
LAND VEHICLE (SMALL),KUBOTA,K7,JAPAN,DIESEL,395.0,MATALE,RECONDITIONED,1,,K7
SPECIAL PURPOSE VEHICLE,MITSUBISHI,WS200L WHEEL LOADER,JAPAN,DIESEL,1500.0,GAMPAHA,RECONDITIONED,1,,WS200L WHEEL LOADER
MOTOR CYCLE,HONDA,PCX 125,VIETNAM,PETROL,124.0,ANURADHAPURA,RECONDITIONED,1,,PCX 125
MOTOR CYCLE,HONDA,8BK-KF47,JAPAN,PETROL,157.0,KEGALLE,RECONDITIONED,1,8BK-KF47,Unknown
CAR,HONDA,DBA-JH1 N WGN,JAPAN,PETROL,650.0,BADULLA,RECONDITIONED,1,DBA-JH1,N WGN
MOTOR CYCLE,HONDA,ADV 160,THAILAND,PETROL,157.0,COLOMBO,RECONDITIONED,1,,ADV 160
CAR,MERCEDES BENZ,DAA-205077,GERMANY,PETROL,1490.0,COLOMBO,RECONDITIONED,1,DAA-205077,Unknown
SPECIAL PURPOSE VEHICLE,TCM,SSL607 SKID LOADER,JAPAN,DIESEL,2197.0,VAVUNIYA,RECONDITIONED,1,,SSL607 SKID LOADER
PRIMER MOVER,MAN,TGX 26.470,UNITED KINGDOM,DIESEL,12419.0,COLOMBO,RECONDITIONED,6,,TGX 26.470
MOTOR CYCLE,HONDA,BENY,JAPAN,PETROL,124.0,KURUNEGALA,RECONDITIONED,1,,BENY
MOTOR CYCLE,ROYAL ENFIELD,CLASSIC 350,INDIA,PETROL,349.0,COLOMBO,RECONDITIONED,1,,CLASSIC 350
SPECIAL PURPOSE VEHICLE,YANMAR,V4-5 WHEEL LOADER,JAPAN,DIESEL,1496.0,PUTTALAM,RECONDITIONED,1,V4-5,WHEEL LOADER
LAND VEHICLE (SMALL),KUBOTA,K75,JAPAN,DIESEL,1001.0,COLOMBO,RECONDITIONED,1,,K75
LAND VEHICLE (SMALL),KUBOTA,K8,JAPAN,DIESEL,465.0,GAMPAHA,RECONDITIONED,1,,K8
DUAL PURPOSE (COMMERCIAL),SUZUKI,EBD-DA17V EVERY,JAPAN,PETROL,650.0,GAMPAHA,RECONDITIONED,1,EBD-DA17V,EVERY
SPECIAL PURPOSE VEHICLE,TCM,805 WHEEL LOADER,JAPAN,DIESEL,1490.0,JAFFNA,RECONDITIONED,1,,805 WHEEL LOADER
MOTOR CYCLE,HONDA,MONKEY125,THAILAND,PETROL,124.0,GALLE,RECONDITIONED,1,,MONKEY125
CAR,TESLA,MODEL Y - RWD,CHINA,ELECTRIC,194.0,COLOMBO,RECONDITIONED,1,,MODEL Y - RWD
MOTOR LORRY (COMMERCIAL),MITSUBISHI,TKG-FK61F,JAPAN,DIESEL,7540.0,ANURADHAPURA,RECONDITIONED,1,TKG-FK61F,Unknown
MOTOR CYCLE,WOLF,4,CHINA,ELECTRIC,1.0,BADULLA,NEW,1,,4
MOTOR CYCLE,RISE,LEADER R80,SRI LANKA,ELECTRIC,2.0,RATNAPURA,BRAND NEW-L/MANUFACT,9,,LEADER R80
MOTOR CYCLE,RISE,LEADER R 100,SRI LANKA,ELECTRIC,2.0,POLONNARUWA,BRAND NEW-L/MANUFACT,1,,LEADER R 100
TRACTOR TRAILER/BOWSER,LOCALLY BUILT,LOW BED TRAILER,SRI LANKA,NOT STATED,0.0,POLONNARUWA,LOCALLY BUILT,4,,LOW BED TRAILER
TRACTOR TRAILER/BOWSER,LOCALLY BUILT,TRACTOR TRAILER,SRI LANKA,NOT STATED,0.0,ANURADHAPURA,LOCALLY BUILT,32,,TRACTOR TRAILER
MOTOR LORRY (COMMERCIAL),J M C,JX1044TC2R,SRI LANKA,DIESEL,2771.0,COLOMBO,LOCALLY BUILT,3,,JX1044TC2R
TRACTOR TRAILER/BOWSER,LOCALLY BUILT,LOW BED TRAILER,SRI LANKA,NOT STATED,0.0,MONERAGALA,LOCALLY BUILT,1,,LOW BED TRAILER
TRACTOR TRAILER/BOWSER,LOCALLY BUILT,TRACTOR TRAILER,SRI LANKA,NOT STATED,0.0,AMPARA,LOCALLY BUILT,14,,TRACTOR TRAILER
TRACTOR TRAILER/BOWSER,LOCALLY BUILT,TRACTOR TRAILER,SRI LANKA,NOT STATED,0.0,RATNAPURA,LOCALLY BUILT,3,,TRACTOR TRAILER
LORRY TRAILER/BOWSER,TANTRI,TSK-20,SRI LANKA,NOT STATED,0.0,GAMPAHA,LOCALLY BUILT,1,TSK-20,Unknown
TRACTOR TRAILER/BOWSER,SACHINTHA,TRAILER BOWSER,SRI LANKA,NOT STATED,0.0,GAMPAHA,LOCALLY BUILT,1,,TRAILER BOWSER
TRACTOR TRAILER/BOWSER,LOCALLY BUILT,LOW BED TRAILER,SRI LANKA,NOT STATED,0.0,MATALE,LOCALLY BUILT,2,,LOW BED TRAILER
DUAL PURPOSE (COMMERCIAL),TOYOTA,CR27,JAPAN,DIESEL,1970.0,KANDY,BOUGHT FROM AUCTION,1,,CR27
MOTOR TRICYCLE VAN,PIAGGIO,APE  XTRA LD,INDIA,DIESEL,435.0,COLOMBO,BOUGHT FROM AUCTION,1,,APE  XTRA LD
MOTOR CYCLE,QUANLE,Q1,CHINA,ELECTRIC,1.2,GAMPAHA,BRAND NEW,8,,Q1
MOTOR CYCLE,YADEA,T5,CHINA,ELECTRIC,1.2,GAMPAHA,BRAND NEW,53,,T5
MOTOR CYCLE,SOLID,LEO,CHINA,ELECTRIC,1.2,MATARA,BRAND NEW,2,,LEO
MOTOR CYCLE,DASTOL,DW-28,CHINA,ELECTRIC,2.0,HAMBANTOTA,BRAND NEW,4,DW-28,Unknown
MOTOR CYCLE,NWOW,ARS,CHINA,ELECTRIC,0.45,COLOMBO,BRAND NEW,3,,ARS
MOTOR CYCLE,LIMA,ELO-07,CHINA,ELECTRIC,1.5,ANURADHAPURA,BRAND NEW,3,ELO-07,Unknown
COMMERCIAL,LANKA ASHOK LEYLAND,VIKING,INDIA,DIESEL,6014.0,BADULLA,BRAND NEW,1,,VIKING
MOTOR CYCLE,YADEA,E8S PRO,CHINA,ELECTRIC,2.0,KANDY,BRAND NEW,4,,E8S PRO
MOTOR CYCLE,YADEA,E8S PRO,CHINA,ELECTRIC,2.0,ANURADHAPURA,BRAND NEW,2,,E8S PRO
LAND VEHICLE,KARTAR,GLOBETRAC 4736 4WD,INDIA,DIESEL,3117.0,MONERAGALA,BRAND NEW,2,,GLOBETRAC 4736 4WD
MOTOR CYCLE,BAJAJ,CT 100 ES,SRI LANKA,PETROL,102.0,PUTTALAM,BRAND NEW,1,,CT 100 ES
MOTOR CYCLE,ATHER,450X,INDIA,ELECTRIC,3.0,ANURADHAPURA,BRAND NEW,1,,450X
LAND VEHICLE,TAFE,45DI,INDIA,DIESEL,2700.0,HAMBANTOTA,BRAND NEW,1,,45DI
MOTOR CYCLE,QUANLE,ZS,CHINA,ELECTRIC,1.2,GALLE,BRAND NEW,2,,ZS
MOTOR CYCLE,SUPER SOCO,TS STREET HUNTER,CHINA,ELECTRIC,2.5,COLOMBO,BRAND NEW,3,,TS STREET HUNTER
MOTOR CYCLE,VMOTO,CPX,CHINA,ELECTRIC,4.3,GAMPAHA,BRAND NEW,1,,CPX
MOTOR CYCLE,SUZUKI,BURGMAN STREET EX,INDIA,PETROL,124.0,BATTICALOA,RECONDITIONED,1,,BURGMAN STREET EX
MOTOR LORRY (COMMERCIAL),ISUZU,SKG-NKR85A ELF,JAPAN,DIESEL,2990.0,GAMPAHA,RECONDITIONED,1,SKG-NKR85A,ELF
MOTOR CYCLE,HONDA,8BJ-JK05,JAPAN,PETROL,124.0,KANDY,RECONDITIONED,1,8BJ-JK05,Unknown
MOTOR CYCLE,HONDA,PCX 125,VIETNAM,PETROL,125.0,GAMPAHA,RECONDITIONED,1,,PCX 125
MOTOR CYCLE,HONDA,PCX 160,JAPAN,PETROL,157.0,GAMPAHA,RECONDITIONED,5,,PCX 160
LAND VEHICLE (SMALL),KUBOTA,K8,JAPAN,DIESEL,465.0,GALLE,RECONDITIONED,1,,K8
MOTOR CYCLE,HONDA,PCX,JAPAN,PETROL,124.0,BATTICALOA,RECONDITIONED,1,,PCX
MOTOR CYCLE,SUZUKI,GS125,JAPAN,PETROL,124.0,KURUNEGALA,RECONDITIONED,1,,GS125
CAR,HONDA,DBA-JH1 N WGN,JAPAN,PETROL,650.0,RATNAPURA,RECONDITIONED,1,DBA-JH1,N WGN
MOTOR CYCLE,RISE,LEADER R80,SRI LANKA,ELECTRIC,2.0,GALLE,BRAND NEW-L/MANUFACT,10,,LEADER R80
MOTOR CYCLE,RISE,LEADER R80,SRI LANKA,ELECTRIC,2.0,ANURADHAPURA,BRAND NEW-L/MANUFACT,25,,LEADER R80
MOTOR CYCLE,RISE,LEADER R80,SRI LANKA,ELECTRIC,2.0,POLONNARUWA,BRAND NEW-L/MANUFACT,1,,LEADER R80
MOTOR CYCLE,SUZUKI,BURGMAN,INDIA,PETROL,124.0,KALUTARA,BOUGHT FROM AUCTION,1,,BURGMAN
TRACTOR TRAILER/BOWSER,LOCALLY BUILT,TRAILER BOWSER,SRI LANKA,NOT STATED,0.0,HAMBANTOTA,LOCALLY BUILT,1,,TRAILER BOWSER
TRACTOR TRAILER/BOWSER,LOCALLY BUILT,LOW BED TRAILER,SRI LANKA,NOT STATED,0.0,COLOMBO,LOCALLY BUILT,1,,LOW BED TRAILER
DUAL PURPOSE (COMMERCIAL),TOYOTA,ABF-S402M,JAPAN,PETROL,1500.0,HAMBANTOTA,BOUGHT FROM AUCTION,1,ABF-S402M,Unknown
LORRY TRAILER/BOWSER,TANTRI,TFB-40,SRI LANKA,NOT STATED,0.0,JAFFNA,LOCALLY BUILT,1,TFB-40,Unknown
TRACTOR TRAILER/BOWSER,LOCALLY BUILT,TRAILER BOWSER,SRI LANKA,NOT STATED,0.0,KURUNEGALA,LOCALLY BUILT,1,,TRAILER BOWSER
COMMERCIAL,TOYOTA,HIACE GDH301R-GDFDY,JAPAN,DIESEL,2755.0,BADULLA,BRAND NEW,1,,HIACE GDH301R-GDFDY
LAND VEHICLE,TAFE,45DI,INDIA,DIESEL,2500.0,ANURADHAPURA,BRAND NEW,2,,45DI
PRIMER MOVER,LANKA ASHOK LEYLAND,U4019,INDIA,DIESEL,5759.0,GAMPAHA,BRAND NEW,3,,U4019
COMMERCIAL,LANKA ASHOK LEYLAND,VIKING,INDIA,DIESEL,6014.0,MATARA,BRAND NEW,7,,VIKING
MOTOR CYCLE,LUYUAN,MNK3,CHINA,ELECTRIC,1.5,COLOMBO,BRAND NEW,2,,MNK3
MOTOR CYCLE,YADEA,T5,CHINA,ELECTRIC,1.2,KURUNEGALA,BRAND NEW,205,,T5
MOTOR CYCLE,YADEA,T5,CHINA,ELECTRIC,1.2,MATARA,BRAND NEW,60,,T5
MOTOR CYCLE,SOLID,LEO,CHINA,ELECTRIC,1.2,KURUNEGALA,BRAND NEW,3,,LEO
MOTOR CYCLE,YADEA,T 9,CHINA,ELECTRIC,2.0,MATARA,BRAND NEW,7,,T 9
MOTOR CYCLE,NWOW,TK 10,CHINA,ELECTRIC,0.8,COLOMBO,BRAND NEW,15,,TK 10
MOTOR CYCLE,YADEA,T 9,CHINA,ELECTRIC,2.0,ANURADHAPURA,BRAND NEW,2,,T 9
MOTOR CYCLE,NWOW,TK 10,CHINA,ELECTRIC,0.8,KALUTARA,BRAND NEW,3,,TK 10
MOTOR CYCLE,YADEA,T 9,CHINA,ELECTRIC,2.0,KURUNEGALA,BRAND NEW,2,,T 9
COMMERCIAL,LANKA ASHOK LEYLAND,VIKING,INDIA,DIESEL,6014.0,KURUNEGALA,BRAND NEW,4,,VIKING
MOTOR CYCLE,YADEA,E8S PRO,CHINA,ELECTRIC,2.0,GAMPAHA,BRAND NEW,1,,E8S PRO
MOTOR CYCLE,YADEA,T5,CHINA,ELECTRIC,1.2,MULLATIVU,BRAND NEW,7,,T5
LAND VEHICLE,TAFE,45DI,INDIA,DIESEL,2500.0,AMPARA,BRAND NEW,4,,45DI
LAND VEHICLE (SMALL),SIFANG,GN12DI,CHINA,DIESEL,815.0,POLONNARUWA,BRAND NEW,2,,GN12DI
MOTOR CYCLE,QUANLE,ZS,CHINA,ELECTRIC,1.2,GAMPAHA,BRAND NEW,10,,ZS
MOTOR CYCLE,QUANLE,XGW,CHINA,ELECTRIC,1.2,BADULLA,BRAND NEW,1,,XGW
MOTOR CYCLE,SOLID,LEO,CHINA,ELECTRIC,1.2,BADULLA,BRAND NEW,1,,LEO
LAND VEHICLE (SMALL),LAND FORCE,RK125,THAILAND,DIESEL,624.0,RATNAPURA,BRAND NEW,1,,RK125
MOTOR CYCLE,OPAI,OPY-EM-005,CHINA,ELECTRIC,2.4,PUTTALAM,BRAND NEW,1,OPY-EM-005,Unknown
MOTOR CYCLE,ATHER,450X,INDIA,ELECTRIC,3.0,JAFFNA,BRAND NEW,2,,450X
MOTOR CYCLE,SUPER SOCO,TS STREET HUNTER,CHINA,ELECTRIC,2.5,GALLE,BRAND NEW,2,,TS STREET HUNTER
MOTOR CYCLE,YADEA,T 9,CHINA,ELECTRIC,2.0,PUTTALAM,BRAND NEW,2,,T 9
MOTOR CYCLE,YADEA,RUIBIN,CHINA,ELECTRIC,0.8,TRINCOMALEE,BRAND NEW,1,,RUIBIN
MOTOR CYCLE,LUYUAN ALFA,M-MKK-Z30LJ-12-C,CHINA,ELECTRIC,1.8,KEGALLE,BRAND NEW,1,,M-MKK-Z30LJ-12-C
MOTOR CYCLE,QUANLE,Q1,CHINA,ELECTRIC,1.2,HAMBANTOTA,BRAND NEW,1,,Q1
MOTOR CYCLE,TVS,TVS XL 100,SRI LANKA,PETROL,99.7,ANURADHAPURA,BRAND NEW,1,,TVS XL 100
MOTOR CYCLE,HONDA,PCX 160,JAPAN,PETROL,157.0,COLOMBO,RECONDITIONED,12,,PCX 160
MOTOR CYCLE,HONDA,ADV 160,JAPAN,PETROL,157.0,GAMPAHA,RECONDITIONED,4,,ADV 160
SPECIAL PURPOSE VEHICLE,KOBELCO,RK70M-2,JAPAN,DIESEL,3850.0,COLOMBO,RECONDITIONED,1,RK70M-2,Unknown
MOTOR CYCLE,HONDA,PCX 160,VIETNAM,PETROL,157.0,PUTTALAM,RECONDITIONED,4,,PCX 160
DUAL PURPOSE (COMMERCIAL),SUZUKI,HBD-DA17V EVERY,JAPAN,PETROL,650.0,GAMPAHA,RECONDITIONED,2,HBD-DA17V,EVERY
MOTOR CYCLE,HONDA,FORZA,THAILAND,PETROL,249.0,BATTICALOA,RECONDITIONED,1,,FORZA
MOTOR CYCLE,HONDA,PCX,JAPAN,PETROL,125.0,KANDY,RECONDITIONED,1,,PCX
SPECIAL PURPOSE VEHICLE,DOOSAN,D100,SOUTH KOREA,DIESEL,8000.0,GAMPAHA,RECONDITIONED,1,,D100
LAND VEHICLE (SMALL),KUBOTA,K750,JAPAN,DIESEL,401.0,MATALE,RECONDITIONED,1,,K750
SPECIAL PURPOSE VEHICLE,J.C.B,3CX,UNITED KINGDOM,DIESEL,4400.0,RATNAPURA,RECONDITIONED,1,,3CX
MOTOR CYCLE,HONDA,PCX,JAPAN,PETROL,125.0,PUTTALAM,RECONDITIONED,3,,PCX
MOTOR CYCLE,HONDA,PCX,VIETNAM,PETROL,157.0,KALUTARA,RECONDITIONED,1,,PCX
MOTOR CYCLE,HONDA,ADV 160,JAPAN,PETROL,157.0,GALLE,RECONDITIONED,1,,ADV 160
MOTOR CYCLE,HONDA,PCX,VIETNAM,PETROL,157.0,KURUNEGALA,RECONDITIONED,1,,PCX
MOTOR CYCLE,HONDA,PCX,VIETNAM,PETROL,124.0,KURUNEGALA,RECONDITIONED,2,,PCX
MOTOR CYCLE,HONDA,PCX,JAPAN,PETROL,125.0,GAMPAHA,RECONDITIONED,1,,PCX
MOTOR LORRY (COMMERCIAL),MITSUBISHI,BDG-FP50JX-KAI,JAPAN,DIESEL,12880.0,GAMPAHA,RECONDITIONED,1,BDG-FP50JX-KAI,Unknown
SPECIAL PURPOSE VEHICLE,TCM,L13 WHEEL LOADER,JAPAN,DIESEL,4300.0,TRINCOMALEE,RECONDITIONED,1,,L13 WHEEL LOADER
CAR,TOYOTA,RAV4-6BA-MXAA54,JAPAN,PETROL,1986.0,COLOMBO,RECONDITIONED,1,RAV4-6BA-MXAA54,Unknown
MOTOR CYCLE,RISE,LEADER,SRI LANKA,ELECTRIC,2.0,AMPARA,BRAND NEW-L/MANUFACT,1,,LEADER
MOTOR CYCLE,SUZUKI,BURGMAN,INDIA,PETROL,125.0,KALUTARA,BOUGHT FROM AUCTION,5,,BURGMAN
TRACTOR TRAILER/BOWSER,LOCALLY BUILT,LOW BED TRAILER,SRI LANKA,NOT STATED,0.0,KURUNEGALA,LOCALLY BUILT,7,,LOW BED TRAILER
TRACTOR TRAILER/BOWSER,SACHINTHA,TRACTOR TRAILER,SRI LANKA,NOT STATED,0.0,BATTICALOA,LOCALLY BUILT,1,,TRACTOR TRAILER
CAR,TOYOTA,LAND CRUISER,JAPAN,DIESEL,4164.0,COLOMBO,BOUGHT FROM AUCTION,1,,LAND CRUISER
LAND VEHICLE,TAFE,45DI,INDIA,DIESEL,2700.0,HAMBANTOTA,BOUGHT FROM AUCTION,1,,45DI
LORRY TRAILER/BOWSER,DUTCH LANKA TRAILER,DLST-40/40T,SRI LANKA,NOT STATED,0.0,GAMPAHA,LOCALLY BUILT,4,DLST-40,/40T
MOTOR CYCLE,ATHER,450X,INDIA,ELECTRIC,3.0,GALLE,BRAND NEW,4,,450X
MOTOR CYCLE,REVOLT,RV 400,INDIA,ELECTRIC,3.0,RATNAPURA,BRAND NEW,3,,RV 400
LAND VEHICLE,SONALIKA,DI-50RX-2WD,INDIA,DIESEL,2893.0,ANURADHAPURA,BRAND NEW,1,DI-50RX-2WD,Unknown
MOTOR CYCLE,ATHER,450X,INDIA,ELECTRIC,3.0,HAMBANTOTA,BRAND NEW,1,,450X
MOTOR CYCLE,QUANLE,ZS,CHINA,ELECTRIC,1.2,ANURADHAPURA,BRAND NEW,4,,ZS
MOTOR CYCLE,QUANLE,G18,CHINA,ELECTRIC,2.0,MONERAGALA,BRAND NEW,3,,G18
MOTOR CYCLE,TVS,IQUBE,INDIA,ELECTRIC,3.34,GALLE,BRAND NEW,2,,IQUBE
MOTOR CYCLE,YADEA,T 9,CHINA,ELECTRIC,2.0,BATTICALOA,BRAND NEW,1,,T 9
MOTOR CYCLE,LIMA,ELO-07,CHINA,ELECTRIC,1.5,HAMBANTOTA,BRAND NEW,3,ELO-07,Unknown
MOTOR CYCLE,YADEA,EZEEGO,CHINA,ELECTRIC,1.2,COLOMBO,BRAND NEW,1,,EZEEGO
MOTOR CYCLE,QUANLE,XGW,CHINA,ELECTRIC,1.2,RATNAPURA,BRAND NEW,4,,XGW
LAND VEHICLE (SMALL),SIFANG,GN12DI,CHINA,DIESEL,815.0,VAVUNIYA,BRAND NEW,1,,GN12DI
MOTOR CYCLE,LUYUAN ALFA,MKK-Z23E-12-C,CHINA,ELECTRIC,1.2,ANURADHAPURA,BRAND NEW,2,MKK-Z23E-12-C,Unknown
MOTOR CYCLE,VMOTO,CITI,CHINA,ELECTRIC,2.0,KALUTARA,BRAND NEW,2,,CITI
MOTOR CYCLE,OPAI,OPY-EM-005,CHINA,ELECTRIC,2.4,BADULLA,BRAND NEW,1,OPY-EM-005,Unknown
MOTOR CYCLE,OPAI,OPY-EM-005,CHINA,ELECTRIC,2.4,MONERAGALA,BRAND NEW,3,OPY-EM-005,Unknown
MOTOR CYCLE,YADEA,T 9,CHINA,ELECTRIC,2.0,GAMPAHA,BRAND NEW,4,,T 9
MOTOR CYCLE,YADEA,E8S PRO,CHINA,ELECTRIC,2.0,GALLE,BRAND NEW,1,,E8S PRO
MOTOR CYCLE,YADEA,T 9,CHINA,ELECTRIC,2.0,MONERAGALA,BRAND NEW,3,,T 9
CAR,TOYOTA,RAV4,JAPAN,PETROL/ELE,2487.0,COLOMBO,BRAND NEW,1,,RAV4
MOTOR CYCLE,TVS,IQUBE,INDIA,ELECTRIC,3.34,KALUTARA,BRAND NEW,2,,IQUBE
MOTOR CYCLE,VMOTO,CITI,CHINA,ELECTRIC,2.0,GAMPAHA,BRAND NEW,3,,CITI
MOTOR CYCLE,LIMA,ELO-07,CHINA,ELECTRIC,1.5,KANDY,BRAND NEW,2,ELO-07,Unknown
MOTOR CYCLE,QUANLE,ZS,CHINA,ELECTRIC,1.2,MATARA,BRAND NEW,1,,ZS
MOTOR CYCLE,YADEA,T 9,CHINA,ELECTRIC,2.0,MATALE,BRAND NEW,2,,T 9
MOTOR CYCLE,ORINGA,SC125-1,CHINA,PETROL,124.0,MATALE,BRAND NEW,1,SC125-1,Unknown
MOTOR CYCLE,RIKODA,CHINA,CHINA,ELECTRIC,0.8,JAFFNA,BRAND NEW,1,,CHINA
MOTOR CYCLE,HONDA,ADV 160,JAPAN,PETROL,157.0,COLOMBO,RECONDITIONED,10,,ADV 160
MOTOR CYCLE,YAMAHA,FZ-S,INDIA,PETROL,149.0,AMPARA,RECONDITIONED,1,FZ-S,Unknown
MOTOR CYCLE,HONDA,PCX 125,JAPAN,PETROL,124.0,PUTTALAM,RECONDITIONED,18,,PCX 125
MOTOR CYCLE,YAMAHA,VINO,JAPAN,PETROL,49.0,PUTTALAM,RECONDITIONED,1,,VINO
MOTOR CYCLE,HONDA,PCX 160,VIETNAM,PETROL,157.0,GAMPAHA,RECONDITIONED,5,,PCX 160
MOTOR LORRY (COMMERCIAL),MITSUBISHI,TKG-FEA50 CANTER,JAPAN,DIESEL,2990.0,PUTTALAM,RECONDITIONED,1,TKG-FEA50,CANTER
MOTOR CYCLE,HONDA,8BK-KF47,JAPAN,PETROL,157.0,KANDY,RECONDITIONED,1,8BK-KF47,Unknown
MOTOR CYCLE,HONDA,8BK-KF47,JAPAN,PETROL,157.0,KURUNEGALA,RECONDITIONED,1,8BK-KF47,Unknown
DUAL PURPOSE (COMMERCIAL),SUZUKI,HBD-DA17V EVERY,JAPAN,PETROL,658.0,KANDY,RECONDITIONED,1,HBD-DA17V,EVERY
MOTOR CYCLE,HONDA,PCX 125,VIETNAM,PETROL,124.0,KANDY,RECONDITIONED,2,,PCX 125
SPECIAL PURPOSE VEHICLE,KOMATSU,WA100-1 WHEEL LOADER,JAPAN,DIESEL,4800.0,BATTICALOA,RECONDITIONED,1,WA100-1,WHEEL LOADER
SPECIAL PURPOSE VEHICLE,TOYOTA,KC-BU102ATYMMS3,JAPAN,DIESEL,4104.0,MATARA,RECONDITIONED,1,KC-BU102ATYMMS3,Unknown
MOTOR CYCLE,ROYAL ENFIELD,METEOR,INDIA,PETROL,349.34,ANURADHAPURA,RECONDITIONED,1,,METEOR
MOTOR LORRY (COMMERCIAL),ISUZU,NKR71L-ELF,JAPAN,DIESEL,4570.0,KURUNEGALA,RECONDITIONED,2,,NKR71L-ELF
MOTOR CYCLE,HONDA,PCX 125,JAPAN,PETROL,124.0,GALLE,RECONDITIONED,1,,PCX 125
MOTOR LORRY (COMMERCIAL),ISUZU,PDG-FRR34S2,JAPAN,DIESEL,7990.0,NUWARA-ELIYA,RECONDITIONED,1,PDG-FRR34S2,Unknown
MOTOR CYCLE,RISE,LEADER R 100,SRI LANKA,ELECTRIC,2.0,HAMBANTOTA,BRAND NEW-L/MANUFACT,3,,LEADER R 100
MOTOR CYCLE,BAJAJ,CT 100 ES,SRI LANKA,PETROL,102.0,COLOMBO,BRAND NEW-L/MANUFACT,1,,CT 100 ES
TRACTOR TRAILER/BOWSER,LOCALLY BUILT,LOW BED TRAILER,SRI LANKA,NOT STATED,0.0,PUTTALAM,LOCALLY BUILT,1,,LOW BED TRAILER
TRACTOR TRAILER/BOWSER,LOCALLY BUILT,TRACTOR TRAILER,SRI LANKA,NOT STATED,0.0,BATTICALOA,LOCALLY BUILT,25,,TRACTOR TRAILER
TRACTOR TRAILER/BOWSER,LOCALLY BUILT,LOW BED TRAILER,SRI LANKA,NOT STATED,0.0,JAFFNA,LOCALLY BUILT,1,,LOW BED TRAILER
TRACTOR TRAILER/BOWSER,LOCALLY BUILT,TRACTOR TRAILER,SRI LANKA,NOT STATED,0.0,GALLE,LOCALLY BUILT,2,,TRACTOR TRAILER
MOTOR TRICYCLE VAN,PIAGGIO,APE XTRA LD,INDIA,DIESEL,435.0,KANDY,BOUGHT FROM AUCTION,1,,APE XTRA LD
TRACTOR TRAILER/BOWSER,LOCALLY BUILT,TRACTOR TRAILER,SRI LANKA,NOT STATED,0.0,BADULLA,LOCALLY BUILT,1,,TRACTOR TRAILER
TRACTOR TRAILER/BOWSER,LOCALLY BUILT,TRAILER BOWSER,SRI LANKA,NOT STATED,0.0,MONERAGALA,LOCALLY BUILT,1,,TRAILER BOWSER
CAR,DFSK,580 DXK6470AS4H,SRI LANKA,PETROL,1498.0,COLOMBO,LOCALLY BUILT,1,,580 DXK6470AS4H
MOTOR CYCLE,TVS,IQUBE,INDIA,ELECTRIC,3.34,GAMPAHA,BRAND NEW,15,,IQUBE
MOTOR CYCLE,QUANLE,G18,CHINA,ELECTRIC,2.0,GAMPAHA,BRAND NEW,12,,G18
MOTOR CYCLE,QUANLE,ZL,CHINA,ELECTRIC,2.0,ANURADHAPURA,BRAND NEW,7,,ZL
COMMERCIAL,LANKA ASHOK LEYLAND,VIKING,INDIA,DIESEL,6014.0,PUTTALAM,BRAND NEW,2,,VIKING
LAND VEHICLE,KARTAR,GLOBETRAC 4736 2WD,INDIA,DIESEL,3117.0,KURUNEGALA,BRAND NEW,1,,GLOBETRAC 4736 2WD
LAND VEHICLE,JOHN DEERE,5050D,INDIA,DIESEL,2940.0,HAMBANTOTA,BRAND NEW,1,,5050D
MOTOR CYCLE,LUYUAN,MS70 Z23E,CHINA,ELECTRIC,1.2,HAMBANTOTA,BRAND NEW,11,,MS70 Z23E
LAND VEHICLE,KUBOTA,L3408,JAPAN,DIESEL,1647.0,ANURADHAPURA,BRAND NEW,2,,L3408
MOTOR CYCLE,LUYUAN,MYY-Z35J,CHINA,ELECTRIC,2.0,GALLE,BRAND NEW,2,MYY-Z35J,Unknown
MOTOR CYCLE,NWOW,WSP,CHINA,ELECTRIC,1.5,GAMPAHA,BRAND NEW,1,,WSP
LAND VEHICLE,NEW HOLLAND,4710,INDIA,DIESEL,2700.0,MONERAGALA,BRAND NEW,1,,4710
LAND VEHICLE (SMALL),SIFANG,GN12DI,CHINA,DIESEL,815.0,KURUNEGALA,BRAND NEW,3,,GN12DI
MOTOR CYCLE,VMOTO,CITI,CHINA,ELECTRIC,2.0,COLOMBO,BRAND NEW,16,,CITI
MOTOR CYCLE,QUANLE,ZL,CHINA,ELECTRIC,2.0,GAMPAHA,BRAND NEW,15,,ZL
MOTOR CYCLE,YADEA,E8S PRO,CHINA,ELECTRIC,2.0,PUTTALAM,BRAND NEW,3,,E8S PRO
MOTOR CYCLE,QUANLE,ZS,CHINA,ELECTRIC,1.2,PUTTALAM,BRAND NEW,1,,ZS
MOTOR CYCLE,HONDA,PCX 125,JAPAN,PETROL,124.0,KURUNEGALA,RECONDITIONED,4,,PCX 125
MOTOR CYCLE,HONDA,PCX 160,JAPAN,PETROL,157.0,KANDY,RECONDITIONED,10,,PCX 160
MOTOR CYCLE,HONDA,PCX,JAPAN,PETROL,157.0,TRINCOMALEE,RECONDITIONED,1,,PCX
CAR,TOYOTA,3BA-TRJ150W,JAPAN,PETROL,2693.0,COLOMBO,RECONDITIONED,1,3BA-TRJ150W,Unknown
MOTOR CYCLE,HONDA,8BK-KF47,JAPAN,PETROL,157.0,MATALE,RECONDITIONED,1,8BK-KF47,Unknown
MOTOR CYCLE,SUZUKI,GN 125,JAPAN,PETROL,125.0,GAMPAHA,RECONDITIONED,1,,GN 125
CAR,TOYOTA,6BA-MXAA54 RAV 4,JAPAN,PETROL,1980.0,COLOMBO,RECONDITIONED,1,6BA-MXAA54,RAV 4
CAR,B.M.W.,I7 EDRIVE 50,GERMANY,ELECTRIC,335.0,COLOMBO,RECONDITIONED,1,,I7 EDRIVE 50
CAR,NETA,NETA V- II,THAILAND,ELECTRIC,70.0,HAMBANTOTA,RECONDITIONED,1,,NETA V- II
MOTOR CYCLE,HONDA,PCX,VIETNAM,PETROL,124.0,GAMPAHA,RECONDITIONED,1,,PCX
MOTOR CYCLE,YAMAHA,FZ-S,INDIA,PETROL,149.0,BATTICALOA,RECONDITIONED,1,FZ-S,Unknown
CAR,TESLA,MODEL-Y,CHINA,ELECTRIC,194.0,COLOMBO,RECONDITIONED,1,MODEL-Y,Unknown
MOTOR LORRY (COMMERCIAL),MITSUBISHI,SKG-FEA50 CANTER,JAPAN,DIESEL,2990.0,NUWARA-ELIYA,RECONDITIONED,1,SKG-FEA50,CANTER
MOTOR CYCLE,TVS,NTORQ 125,SRI LANKA,PETROL,124.79,AMPARA,BRAND NEW-L/MANUFACT,1,,NTORQ 125
MOTOR CYCLE,RISE,LEADER R 100,SRI LANKA,ELECTRIC,2.0,KURUNEGALA,BRAND NEW-L/MANUFACT,2,,LEADER R 100
MOTOR CYCLE,RISE,LEADER,SRI LANKA,ELECTRIC,2.0,RATNAPURA,BRAND NEW-L/MANUFACT,3,,LEADER
TRACTOR TRAILER/BOWSER,LOCALLY BUILT,TRACTOR TRAILER,SRI LANKA,NOT STATED,0.0,POLONNARUWA,LOCALLY BUILT,15,,TRACTOR TRAILER
MOTOR TRICYCLE VAN,PIAGGIO,APE XTRA LD,INDIA,DIESEL,435.0,COLOMBO,BOUGHT FROM AUCTION,3,,APE XTRA LD
CAR,MERCEDES BENZ,250,GERMANY,PETROL,2778.0,COLOMBO,BOUGHT FROM AUCTION,1,,250
TRACTOR TRAILER/BOWSER,LOCALLY BUILT,TRACTOR TRAILER,SRI LANKA,NOT STATED,0.0,KANDY,LOCALLY BUILT,1,,TRACTOR TRAILER
LAND VEHICLE,SOLIS,5020,INDIA,DIESEL,3067.0,POLONNARUWA,BRAND NEW,1,,5020
MOTOR CYCLE,CEYGRA,CG48C,CHINA,PETROL,48.0,RATNAPURA,BRAND NEW,1,,CG48C
MOTOR CYCLE,QUANLE,ZS,CHINA,ELECTRIC,1.2,HAMBANTOTA,BRAND NEW,12,,ZS
MOTOR CYCLE,YADEA,T5,CHINA,ELECTRIC,1.2,GALLE,BRAND NEW,61,,T5
MOTOR CYCLE,YADEA,T5,CHINA,ELECTRIC,1.2,PUTTALAM,BRAND NEW,56,,T5
MOTOR CYCLE,QUANLE,G18,CHINA,ELECTRIC,2.0,TRINCOMALEE,BRAND NEW,4,,G18
MOTOR CYCLE,TVS,IQUBE,INDIA,ELECTRIC,3.34,ANURADHAPURA,BRAND NEW,4,,IQUBE
MOTOR CYCLE,YADEA,EPOC H,CHINA,ELECTRIC,2.0,HAMBANTOTA,BRAND NEW,4,,EPOC H
MOTOR CYCLE,LIMA,ELO-07,CHINA,ELECTRIC,1.5,JAFFNA,BRAND NEW,2,ELO-07,Unknown
LAND VEHICLE,KUBOTA,L 4508,JAPAN,DIESEL,2197.0,TRINCOMALEE,BRAND NEW,2,,L 4508
MOTOR CYCLE,LUYUAN,M-MHH-Z30LJ,CHINA,ELECTRIC,2.0,HAMBANTOTA,BRAND NEW,6,,M-MHH-Z30LJ
MOTOR CYCLE,TVS,IQUBE,INDIA,ELECTRIC,3.34,JAFFNA,BRAND NEW,7,,IQUBE
MOTOR CYCLE,YADEA,T5,CHINA,ELECTRIC,1.2,BATTICALOA,BRAND NEW,2,,T5
MOTOR CYCLE,VMOTO,CITI,CHINA,ELECTRIC,2.0,ANURADHAPURA,BRAND NEW,4,,CITI
MOTOR CYCLE,QUANLE,G18,CHINA,ELECTRIC,2.0,ANURADHAPURA,BRAND NEW,5,,G18
LAND VEHICLE (SMALL),NEW LION,RK 125,THAILAND,DIESEL,624.0,KALUTARA,BRAND NEW,1,,RK 125
MOTOR CYCLE,OPAI,OPY-EM-005,CHINA,ELECTRIC,2.4,KALUTARA,BRAND NEW,1,OPY-EM-005,Unknown
MOTOR CYCLE,SUPER SOCO,TS STREET HUNTER,CHINA,ELECTRIC,2.5,MATARA,BRAND NEW,2,,TS STREET HUNTER
MOTOR CYCLE,QUANLE,XGW,CHINA,ELECTRIC,1.2,COLOMBO,BRAND NEW,1,,XGW
MOTOR CYCLE,LIMA,ELO-07,CHINA,ELECTRIC,1.5,MONERAGALA,BRAND NEW,1,ELO-07,Unknown
MOTOR CYCLE,DYNAMIC,SL,CHINA,ELECTRIC,2.0,KALUTARA,BRAND NEW,2,,SL
MOTOR CYCLE,QUANLE,G18,CHINA,ELECTRIC,2.0,KURUNEGALA,BRAND NEW,7,,G18
MOTOR CYCLE,DASTOL,DW-28,CHINA,ELECTRIC,2.0,GAMPAHA,BRAND NEW,1,DW-28,Unknown
MOTOR CYCLE,QUANLE,XGW,CHINA,ELECTRIC,2.0,GAMPAHA,BRAND NEW,1,,XGW
MOTOR CYCLE,LUYUAN ALFA,M-MKK-Z30LJ-12-C,CHINA,ELECTRIC,1.8,COLOMBO,BRAND NEW,2,,M-MKK-Z30LJ-12-C
MOTOR CYCLE,DAYWANG(DW)SL,E-MOTOR CYCLE,CHINA,ELECTRIC,0.8,AMPARA,BRAND NEW,1,,E-MOTOR CYCLE
MOTOR CYCLE,YADEA,EPOC H,CHINA,ELECTRIC,2.0,MATALE,BRAND NEW,1,,EPOC H
MOTOR CYCLE,TVS,IQUBE,INDIA,ELECTRIC,3.34,KEGALLE,BRAND NEW,1,,IQUBE
CAR,AUDI,E-TRON 50 QUATTRO,GERMANY,ELECTRIC,230.0,COLOMBO,BRAND NEW,1,,E-TRON 50 QUATTRO
LAND VEHICLE,KIOTI,DS4510,SOUTH KOREA,DIESEL,2197.0,HAMBANTOTA,BRAND NEW,2,,DS4510
MOTOR CYCLE,SOLID,V8,CHINA,ELECTRIC,1.5,GAMPAHA,BRAND NEW,2,,V8
LAND VEHICLE,TAFE,45DI,INDIA,DIESEL,2500.0,MANNAR,BRAND NEW,1,,45DI
LAND VEHICLE (SMALL),KUBOTA,SP 155,THAILAND,DIESEL,770.0,HAMBANTOTA,BRAND NEW,1,,SP 155
LAND VEHICLE,TAFE,45DI,INDIA,DIESEL,2500.0,PUTTALAM,BRAND NEW,1,,45DI
MOTOR CYCLE,LUYUAN,S90 PLUS,CHINA,ELECTRIC,1.5,HAMBANTOTA,BRAND NEW,1,,S90 PLUS
LAND VEHICLE,MAHINDRA,YUVO TECH PLUS 575DI,INDIA,DIESEL,2979.0,BATTICALOA,BRAND NEW,1,,YUVO TECH PLUS 575DI
MOTOR CYCLE,TVS,NTORQ 125,SRI LANKA,PETROL,124.79,HAMBANTOTA,BRAND NEW-L/ASSEMBLE,65,,NTORQ 125
MOTOR CYCLE,TVS,TVS XL 100,SRI LANKA,PETROL,99.7,MATARA,BRAND NEW-L/ASSEMBLE,10,,TVS XL 100
MOTOR CYCLE,TVS,TVS RAIDER 125,SRI LANKA,PETROL,124.79,KANDY,BRAND NEW-L/ASSEMBLE,18,,TVS RAIDER 125
MOTOR CYCLE,TVS,TVS RAIDER 125,SRI LANKA,PETROL,124.79,BADULLA,BRAND NEW-L/ASSEMBLE,11,,TVS RAIDER 125
MOTOR CYCLE,BAJAJ,CT 100 ES,SRI LANKA,PETROL,102.0,ANURADHAPURA,BRAND NEW-L/ASSEMBLE,309,,CT 100 ES
CAR,HYUNDAI,GRAND I10,SRI LANKA,PETROL,1197.0,COLOMBO,BRAND NEW-L/ASSEMBLE,14,,GRAND I10
MOTOR CYCLE,RANOMOTO,WAVE SCOOTER,SRI LANKA,PETROL,100.0,GAMPAHA,BRAND NEW-L/ASSEMBLE,3,,WAVE SCOOTER
MOTOR CYCLE,BAJAJ,CT 100 ES,SRI LANKA,PETROL,102.0,MANNAR,BRAND NEW-L/ASSEMBLE,17,,CT 100 ES
MOTOR CYCLE,SENARO,GN125,SRI LANKA,PETROL,125.0,MATARA,BRAND NEW-L/ASSEMBLE,6,,GN125
SINGLE CAB,MAHINDRA,BOLERO CITY PICKUP,SRI LANKA,DIESEL,2523.0,POLONNARUWA,BRAND NEW-L/ASSEMBLE,3,,BOLERO CITY PICKUP
SINGLE CAB,MAHINDRA,BOLERO CITY PICKUP,SRI LANKA,DIESEL,2523.0,MATALE,BRAND NEW-L/ASSEMBLE,1,,BOLERO CITY PICKUP
MOTOR CYCLE,BAJAJ,PULSAR N160,SRI LANKA,PETROL,164.82,MATARA,BRAND NEW-L/ASSEMBLE,18,,PULSAR N160
MOTOR CYCLE,BAJAJ,PULSAR N160,SRI LANKA,PETROL,164.82,PUTTALAM,BRAND NEW-L/ASSEMBLE,26,,PULSAR N160
MOTOR CYCLE,BAJAJ,DISCOVER 125,SRI LANKA,PETROL,124.5,KALUTARA,BRAND NEW-L/ASSEMBLE,49,,DISCOVER 125
MOTOR CYCLE,SENARO,GN125,SRI LANKA,PETROL,125.0,NUWARA-ELIYA,BRAND NEW-L/ASSEMBLE,3,,GN125
MOTOR CYCLE,LENCAR,ERC80,SRI LANKA,ELECTRIC,1.2,GALLE,BRAND NEW-L/ASSEMBLE,1,,ERC80
MOTOR CYCLE,SENARO,GN125,SRI LANKA,PETROL,125.0,MULLATIVU,BRAND NEW-L/ASSEMBLE,1,,GN125
MOTOR CYCLE,BAJAJ,DISCOVER 125,SRI LANKA,PETROL,124.5,KILINOCHCHI,BRAND NEW-L/ASSEMBLE,7,,DISCOVER 125
MOTOR LORRY (COMMERCIAL),LANKA ASHOK LEYLAND,E COMET 1012,SRI LANKA,DIESEL,3839.0,POLONNARUWA,BRAND NEW-L/ASSEMBLE,1,,E COMET 1012
MOTOR LORRY (COMMERCIAL),LANKA ASHOK LEYLAND,E-COMET 1012,SRI LANKA,DIESEL,3839.0,COLOMBO,BRAND NEW-L/ASSEMBLE,1,,E-COMET 1012
SINGLE CAB,TATA,YODHA LIGHT TRUCK,SRI LANKA,DIESEL,2956.0,NUWARA-ELIYA,BRAND NEW-L/ASSEMBLE,1,,YODHA LIGHT TRUCK
MOTOR LORRY (COMMERCIAL),LANKA ASHOK LEYLAND,TUSKER SUPER 1618,SRI LANKA,DIESEL,5759.0,ANURADHAPURA,BRAND NEW-L/ASSEMBLE,1,,TUSKER SUPER 1618
LAND VEHICLE,TAFE,45DI,INDIA,DIESEL,2500.0,KEGALLE,BRAND NEW,1,,45DI
MOTOR CYCLE,YADEA,E8S PRO,CHINA,ELECTRIC,2.0,MATALE,BRAND NEW,1,,E8S PRO
LAND VEHICLE,KUBOTA,L 4508,JAPAN,DIESEL,2197.0,MULLATIVU,BRAND NEW,1,,L 4508
LAND VEHICLE (SMALL),VIKYNO,RV125-2,VIETNAM,DIESEL,624.0,MATALE,BRAND NEW,1,RV125-2,Unknown
MOTOR CYCLE,SOLID,G6,CHINA,ELECTRIC,1.5,GAMPAHA,BRAND NEW,2,,G6
MOTOR CYCLE,OYFLY,TDM-LTW,CHINA,ELECTRIC,2.0,MATALE,BRAND NEW,1,TDM-LTW,Unknown
MOTOR CYCLE,YADEA,E8S PRO,CHINA,ELECTRIC,2.0,TRINCOMALEE,BRAND NEW,1,,E8S PRO
LAND VEHICLE,SONALIKA,DI50RX - 4WD,INDIA,DIESEL,3067.0,TRINCOMALEE,BRAND NEW,1,,DI50RX - 4WD
LAND VEHICLE (SMALL),VIKYNO,RV125-2,VIETNAM,DIESEL,624.0,COLOMBO,BRAND NEW,1,RV125-2,Unknown
COMMERCIAL,LANKA ASHOK LEYLAND,VIKING,INDIA,DIESEL,6014.0,MANNAR,BRAND NEW,1,,VIKING
LAND VEHICLE,KUBOTA,L 4508,JAPAN,DIESEL,2197.0,BATTICALOA,BRAND NEW,1,,L 4508
MOTOR CYCLE,YADEA,T 9,CHINA,ELECTRIC,2.0,KEGALLE,BRAND NEW,1,,T 9
LAND VEHICLE,MAHINDRA,575 DI SP PLUS,INDIA,DIESEL,2979.0,ANURADHAPURA,BRAND NEW,1,,575 DI SP PLUS
LAND VEHICLE,MAHINDRA,575 DI SP PLUS,INDIA,DIESEL,2979.0,BATTICALOA,BRAND NEW,1,,575 DI SP PLUS
MOTOR CYCLE,TVS,NTORQ 125,SRI LANKA,PETROL,124.79,GAMPAHA,BRAND NEW-L/ASSEMBLE,420,,NTORQ 125
MOTOR CYCLE,TVS,NTORQ 125,SRI LANKA,PETROL,124.79,COLOMBO,BRAND NEW-L/ASSEMBLE,465,,NTORQ 125
MOTOR CYCLE,TVS,TVS XL 100,SRI LANKA,PETROL,99.7,TRINCOMALEE,BRAND NEW-L/ASSEMBLE,14,,TVS XL 100
MOTOR CYCLE,TVS,NTORQ 125,SRI LANKA,PETROL,124.79,MATARA,BRAND NEW-L/ASSEMBLE,128,,NTORQ 125
MOTOR CYCLE,TVS,TVS XL 100,SRI LANKA,PETROL,99.7,MATALE,BRAND NEW-L/ASSEMBLE,4,,TVS XL 100
MOTOR CYCLE,SENARO,GN125,SRI LANKA,PETROL,125.0,GALLE,BRAND NEW-L/ASSEMBLE,7,,GN125
MOTOR CYCLE,SENARO,GN125,SRI LANKA,PETROL,125.0,KALUTARA,BRAND NEW-L/ASSEMBLE,9,,GN125
MOTOR CYCLE,BAJAJ,CT 100 ES,SRI LANKA,PETROL,102.0,KURUNEGALA,BRAND NEW-L/ASSEMBLE,418,,CT 100 ES
MOTOR CYCLE,BAJAJ,CT 100 ES,SRI LANKA,PETROL,102.0,COLOMBO,BRAND NEW-L/ASSEMBLE,352,,CT 100 ES
MOTOR CYCLE,BAJAJ,DISCOVER 125,SRI LANKA,PETROL,124.5,COLOMBO,BRAND NEW-L/ASSEMBLE,120,,DISCOVER 125
MOTOR CYCLE,SENARO,GN125,SRI LANKA,PETROL,125.0,KILINOCHCHI,BRAND NEW-L/ASSEMBLE,1,,GN125
SINGLE CAB,MAHINDRA,BOLERO CITY PICKUP,SRI LANKA,DIESEL,2523.0,JAFFNA,BRAND NEW-L/ASSEMBLE,1,,BOLERO CITY PICKUP
MOTOR CYCLE,BAJAJ,PULSAR N160,SRI LANKA,PETROL,164.82,AMPARA,BRAND NEW-L/ASSEMBLE,95,,PULSAR N160
MOTOR CYCLE,BAJAJ,PULSAR N160,SRI LANKA,PETROL,164.82,KURUNEGALA,BRAND NEW-L/ASSEMBLE,37,,PULSAR N160
MOTOR CYCLE,TVS,TVS XL 100,SRI LANKA,PETROL,99.7,AMPARA,BRAND NEW-L/ASSEMBLE,5,,TVS XL 100
SINGLE CAB,LANKA ASHOK LEYLAND,DOST,SRI LANKA,DIESEL,1478.0,GALLE,BRAND NEW-L/ASSEMBLE,1,,DOST
MOTOR CYCLE,BAJAJ,PULSAR N160,SRI LANKA,PETROL,164.82,BATTICALOA,BRAND NEW-L/ASSEMBLE,33,,PULSAR N160
MOTOR CYCLE,BAJAJ,CT 100 ES,SRI LANKA,PETROL,164.82,ANURADHAPURA,BRAND NEW-L/ASSEMBLE,1,,CT 100 ES
MOTOR CYCLE,TVS,TVS XL 100,SRI LANKA,PETROL,99.7,BADULLA,BRAND NEW-L/ASSEMBLE,2,,TVS XL 100
MOTOR CYCLE,RANOMOTO,PATTAYA DOUBLE POWER,SRI LANKA,PETROL,48.0,KEGALLE,BRAND NEW-L/ASSEMBLE,2,,PATTAYA DOUBLE POWER
CAR,MAHINDRA,KUV100 NXT AMT,SRI LANKA,DIESEL,1198.0,GAMPAHA,BRAND NEW-L/ASSEMBLE,1,,KUV100 NXT AMT
MOTOR LORRY (COMMERCIAL),LANKA ASHOK LEYLAND,E COMET 1212,SRI LANKA,DIESEL,3839.0,COLOMBO,BRAND NEW-L/ASSEMBLE,2,,E COMET 1212
MOTOR LORRY (COMMERCIAL),LANKA ASHOK LEYLAND,TAURUS-2518,SRI LANKA,DIESEL,5759.0,VAVUNIYA,BRAND NEW-L/ASSEMBLE,3,,TAURUS-2518
MOTOR CYCLE,HUAIHAI,ZL9,CHINA,ELECTRIC,1.2,COLOMBO,BRAND NEW,1,,ZL9
LAND VEHICLE,JOHN DEERE,5047D,INDIA,DIESEL,2940.0,PUTTALAM,BRAND NEW,1,,5047D
MOTOR CYCLE,REVOLT,RV 400,INDIA,ELECTRIC,3.0,KALUTARA,BRAND NEW,2,,RV 400
CAR,JEEP,WRANGLER SPORT,U.S.A,DIESEL,2776.0,KEGALLE,BRAND NEW,1,,WRANGLER SPORT
CAR,AUDI,E- TRON 50 QUATTRO,GERMANY,ELECTRIC,230.0,COLOMBO,BRAND NEW,1,,E- TRON 50 QUATTRO
MOTOR CYCLE,SOLID,E-RIDER,CHINA,ELECTRIC,1.2,GAMPAHA,BRAND NEW,1,,E-RIDER
MOTOR LORRY (COMMERCIAL),ISUZU,NQR75U-KN5VAYN,JAPAN,DIESEL,5193.0,COLOMBO,BRAND NEW,9,,NQR75U-KN5VAYN
MOTOR CYCLE,SUPER SOCO,CUX PRO,CHINA,ELECTRIC,1.3,ANURADHAPURA,BRAND NEW,1,,CUX PRO
MOTOR CYCLE,YADEA,E8S PRO,CHINA,ELECTRIC,2.0,POLONNARUWA,BRAND NEW,1,,E8S PRO
CAR,AUDI,E-TRON 50 QUATTRO,BELGIUM,ELECTRIC,230.0,COLOMBO,BRAND NEW,1,,E-TRON 50 QUATTRO
LAND VEHICLE,MAHINDRA,575 DI SP PLUS,INDIA,DIESEL,2979.0,VAVUNIYA,BRAND NEW,1,,575 DI SP PLUS
MOTOR CYCLE,TVS,NTORQ 125,SRI LANKA,PETROL,124.79,MULLATIVU,BRAND NEW-L/ASSEMBLE,27,,NTORQ 125
CAR,BAIC,X55 II LUXURY,SRI LANKA,PETROL,1498.0,COLOMBO,BRAND NEW-L/ASSEMBLE,2,,X55 II LUXURY
MOTOR CYCLE,TVS,TVS XL 100,SRI LANKA,PETROL,99.7,KALUTARA,BRAND NEW-L/ASSEMBLE,6,,TVS XL 100
MOTOR CYCLE,TVS,TVS RAIDER 125,SRI LANKA,PETROL,124.79,KEGALLE,BRAND NEW-L/ASSEMBLE,18,,TVS RAIDER 125
MOTOR CYCLE,TVS,TVS RAIDER 125,SRI LANKA,PETROL,124.79,COLOMBO,BRAND NEW-L/ASSEMBLE,142,,TVS RAIDER 125
MOTOR CYCLE,TVS,TVS XL 100,SRI LANKA,PETROL,99.7,GALLE,BRAND NEW-L/ASSEMBLE,24,,TVS XL 100
MOTOR CYCLE,SENARO,GN125,SRI LANKA,PETROL,125.0,AMPARA,BRAND NEW-L/ASSEMBLE,22,,GN125
MOTOR CYCLE,BAJAJ,CT 100 ES,SRI LANKA,PETROL,102.0,MATALE,BRAND NEW-L/ASSEMBLE,84,,CT 100 ES
MOTOR CYCLE,BAJAJ,DISCOVER 125,SRI LANKA,PETROL,124.5,GALLE,BRAND NEW-L/ASSEMBLE,96,,DISCOVER 125
MOTOR CYCLE,BAJAJ,CT 100 ES,SRI LANKA,PETROL,102.0,PUTTALAM,BRAND NEW-L/ASSEMBLE,251,,CT 100 ES
MOTOR CYCLE,BAJAJ,CT 100 ES,SRI LANKA,PETROL,102.0,KANDY,BRAND NEW-L/ASSEMBLE,90,,CT 100 ES
MOTOR CYCLE,BAJAJ,DISCOVER 125,SRI LANKA,PETROL,124.5,MATALE,BRAND NEW-L/ASSEMBLE,21,,DISCOVER 125
MOTOR CYCLE,BAJAJ,CT 100 ES,SRI LANKA,PETROL,102.0,AMPARA,BRAND NEW-L/ASSEMBLE,93,,CT 100 ES
MOTOR CYCLE,LENCAR,ERC80,SRI LANKA,ELECTRIC,1.2,COLOMBO,BRAND NEW-L/ASSEMBLE,4,,ERC80
MOTOR CYCLE,SENARO,GN125,SRI LANKA,PETROL,125.0,MANNAR,BRAND NEW-L/ASSEMBLE,1,,GN125
SINGLE CAB,LANKA ASHOK LEYLAND,DOST LS,SRI LANKA,DIESEL,1478.0,NUWARA-ELIYA,BRAND NEW-L/ASSEMBLE,1,,DOST LS
SINGLE CAB,MAHINDRA,BOLERO CITY PICKUP,SRI LANKA,DIESEL,2523.0,KANDY,BRAND NEW-L/ASSEMBLE,2,,BOLERO CITY PICKUP
MOTOR CYCLE,BAJAJ,PULSAR N160,SRI LANKA,PETROL,164.82,KEGALLE,BRAND NEW-L/ASSEMBLE,22,,PULSAR N160
MOTOR CYCLE,BAJAJ,PULSAR N160,SRI LANKA,PETROL,164.82,JAFFNA,BRAND NEW-L/ASSEMBLE,39,,PULSAR N160
MOTOR CYCLE,BAJAJ,PULSAR N160,SRI LANKA,PETROL,164.82,HAMBANTOTA,BRAND NEW-L/ASSEMBLE,21,,PULSAR N160
MOTOR CYCLE,BAJAJ,PULSAR N160,SRI LANKA,PETROL,164.82,BADULLA,BRAND NEW-L/ASSEMBLE,18,,PULSAR N160
MOTOR CYCLE,SENARO,GN125,SRI LANKA,PETROL,125.0,PUTTALAM,BRAND NEW-L/ASSEMBLE,6,,GN125
SINGLE CAB,MAHINDRA,BOLERO CITY PICKUP,SRI LANKA,DIESEL,2523.0,BATTICALOA,BRAND NEW-L/ASSEMBLE,1,,BOLERO CITY PICKUP
MOTOR CYCLE,SENARO,GN125,SRI LANKA,PETROL,125.0,MATALE,BRAND NEW-L/ASSEMBLE,7,,GN125
MOTOR LORRY (COMMERCIAL),LANKA ASHOK LEYLAND,TAURUS 2518,SRI LANKA,DIESEL,5759.0,HAMBANTOTA,BRAND NEW-L/ASSEMBLE,1,,TAURUS 2518
MOTOR CYCLE,TVS,NTORQ 125,SRI LANKA,PETROL,124.0,KEGALLE,BRAND NEW-L/ASSEMBLE,1,,NTORQ 125
MOTOR CYCLE,YADEA,E8S PRO,CHINA,ELECTRIC,2.0,MONERAGALA,BRAND NEW,3,,E8S PRO
LAND VEHICLE,TAFE,45DI,INDIA,DIESEL,2500.0,KURUNEGALA,BRAND NEW,3,,45DI
LAND VEHICLE,JOHN DEERE,5045D,INDIA,DIESEL,2940.0,KEGALLE,BRAND NEW,1,,5045D
MOTOR CYCLE,DECO,EBIKE,CHINA,ELECTRIC,1.2,COLOMBO,BRAND NEW,1,,EBIKE
MOTOR CYCLE,TERRA,A4000I,VIETNAM,ELECTRIC,1.9,KEGALLE,BRAND NEW,5,,A4000I
MOTOR LORRY (COMMERCIAL),ISUZU,NMR85U-HH5AY,JAPAN,DIESEL,2999.0,COLOMBO,BRAND NEW,2,,NMR85U-HH5AY
MOTOR CYCLE,WIN FAST EVO200,EVO200-E/BIKE,VIETNAM,ELECTRIC,1.5,COLOMBO,BRAND NEW,2,,EVO200-E/BIKE
LAND VEHICLE,JOHN DEERE,5045D,INDIA,DIESEL,2940.0,BADULLA,BRAND NEW,1,,5045D
CAR,AUDI,E-TRON 50,GERMANY,ELECTRIC,230.0,COLOMBO,BRAND NEW,1,,E-TRON 50
MOTOR CYCLE,LUYUAN,MYT,CHINA,ELECTRIC,0.8,HAMBANTOTA,BRAND NEW,2,,MYT
COMMERCIAL,LANKA ASHOK LEYLAND,VIKING,INDIA,DIESEL,6014.0,NUWARA-ELIYA,BRAND NEW,1,,VIKING
LAND VEHICLE,MAHINDRA,YUVO TECH PLUS 585DI,INDIA,DIESEL,2979.0,KURUNEGALA,BRAND NEW,1,,YUVO TECH PLUS 585DI
LAND VEHICLE,MAHINDRA,YUVO TECH PLUS 585DI,INDIA,DIESEL,2979.0,COLOMBO,BRAND NEW,2,,YUVO TECH PLUS 585DI
COMMERCIAL,TOYOTA,COASTER XZB70R-ZGMSY,JAPAN,DIESEL,4009.0,COLOMBO,BRAND NEW,1,,COASTER XZB70R-ZGMSY
MOTOR CYCLE,TVS,TVS RAIDER 125,SRI LANKA,PETROL,124.79,GAMPAHA,BRAND NEW-L/ASSEMBLE,82,,TVS RAIDER 125
MOTOR CYCLE,TVS,NTORQ 125,SRI LANKA,PETROL,124.79,KEGALLE,BRAND NEW-L/ASSEMBLE,52,,NTORQ 125
MOTOR CYCLE,TVS,NTORQ 125,SRI LANKA,PETROL,124.79,TRINCOMALEE,BRAND NEW-L/ASSEMBLE,62,,NTORQ 125
MOTOR CYCLE,TVS,TVS RAIDER 125,SRI LANKA,PETROL,124.79,MULLATIVU,BRAND NEW-L/ASSEMBLE,4,,TVS RAIDER 125
MOTOR CYCLE,TVS,TVS XL 100,SRI LANKA,PETROL,99.7,KILINOCHCHI,BRAND NEW-L/ASSEMBLE,6,,TVS XL 100
MOTOR CYCLE,TVS,TVS RAIDER 125,SRI LANKA,PETROL,124.79,HAMBANTOTA,BRAND NEW-L/ASSEMBLE,14,,TVS RAIDER 125
MOTOR CYCLE,TVS,TVS XL 100,SRI LANKA,PETROL,99.7,HAMBANTOTA,BRAND NEW-L/ASSEMBLE,88,,TVS XL 100
MOTOR CYCLE,TVS,NTORQ 125,SRI LANKA,PETROL,124.79,NUWARA-ELIYA,BRAND NEW-L/ASSEMBLE,28,,NTORQ 125
MOTOR CYCLE,TVS,TVS RAIDER 125,SRI LANKA,PETROL,124.79,AMPARA,BRAND NEW-L/ASSEMBLE,19,,TVS RAIDER 125
MOTOR CYCLE,SENARO,GN125,SRI LANKA,PETROL,125.0,KEGALLE,BRAND NEW-L/ASSEMBLE,7,,GN125
MOTOR CYCLE,BAJAJ,CT 100 ES,SRI LANKA,PETROL,102.0,RATNAPURA,BRAND NEW-L/ASSEMBLE,138,,CT 100 ES
MOTOR CYCLE,BAJAJ,DISCOVER 125,SRI LANKA,PETROL,124.5,HAMBANTOTA,BRAND NEW-L/ASSEMBLE,23,,DISCOVER 125
MOTOR CYCLE,BAJAJ,DISCOVER 125,SRI LANKA,PETROL,124.5,KURUNEGALA,BRAND NEW-L/ASSEMBLE,89,,DISCOVER 125
MOTOR LORRY (COMMERCIAL),LANKA ASHOK LEYLAND,TUSKER SUPER 1618,SRI LANKA,DIESEL,5759.0,GAMPAHA,BRAND NEW-L/ASSEMBLE,4,,TUSKER SUPER 1618
SINGLE CAB,MAHINDRA,BOLERO CITY PICKUP,SRI LANKA,DIESEL,2523.0,GAMPAHA,BRAND NEW-L/ASSEMBLE,1,,BOLERO CITY PICKUP
MOTOR CYCLE,TVS,TVS RAIDER 125,SRI LANKA,PETROL,124.79,MONERAGALA,BRAND NEW-L/ASSEMBLE,8,,TVS RAIDER 125
MOTOR CYCLE,TVS,TVS XL 100,SRI LANKA,PETROL,99.7,RATNAPURA,BRAND NEW-L/ASSEMBLE,13,,TVS XL 100
MOTOR CYCLE,TVS,TVS RAIDER 125,SRI LANKA,PETROL,124.79,VAVUNIYA,BRAND NEW-L/ASSEMBLE,3,,TVS RAIDER 125
MOTOR CYCLE,BAJAJ,DISCOVER 125,SRI LANKA,PETROL,124.5,POLONNARUWA,BRAND NEW-L/ASSEMBLE,23,,DISCOVER 125
MOTOR CYCLE,BAJAJ,CT 100 ES,SRI LANKA,PETROL,102.0,KILINOCHCHI,BRAND NEW-L/ASSEMBLE,40,,CT 100 ES
MOTOR CYCLE,BAJAJ,DISCOVER 125,SRI LANKA,PETROL,124.5,JAFFNA,BRAND NEW-L/ASSEMBLE,25,,DISCOVER 125
MOTOR CYCLE,SENARO,GN125,SRI LANKA,PETROL,125.0,TRINCOMALEE,BRAND NEW-L/ASSEMBLE,15,,GN125
MOTOR CYCLE,BAJAJ,PULSAR N160,SRI LANKA,PETROL,164.82,ANURADHAPURA,BRAND NEW-L/ASSEMBLE,34,,PULSAR N160
MOTOR CYCLE,TVS,TVS XL 100,SRI LANKA,PETROL,99.7,KANDY,BRAND NEW-L/ASSEMBLE,3,,TVS XL 100
MOTOR CYCLE,DYNO,SCOOBY 125  EFI,SRI LANKA,PETROL,124.6,GAMPAHA,BRAND NEW-L/ASSEMBLE,1,,SCOOBY 125  EFI
MOTOR CYCLE,QUANLE,ZL,CHINA,ELECTRIC,2.0,MONERAGALA,BRAND NEW-L/ASSEMBLE,1,,ZL
MOTOR LORRY (COMMERCIAL),LANKA ASHOK LEYLAND,TAURUS 2518,SRI LANKA,DIESEL,5759.0,KALUTARA,BRAND NEW-L/ASSEMBLE,1,,TAURUS 2518
MOTOR CYCLE,NWOW,ARS,CHINA,ELECTRIC,0.45,GAMPAHA,BRAND NEW,1,,ARS
MOTOR CYCLE,HUAIHAI,HUAIHAI,CHINA,ELECTRIC,2.0,HAMBANTOTA,BRAND NEW,1,,HUAIHAI
LAND VEHICLE,SONALIKA,DI-50RX-2WD,INDIA,DIESEL,2893.0,PUTTALAM,BRAND NEW,1,DI-50RX-2WD,Unknown
LAND VEHICLE,JOHN DEERE,5045D,INDIA,DIESEL,2940.0,POLONNARUWA,BRAND NEW,1,,5045D
MOTOR CYCLE,LIMA,ELO-07,CHINA,ELECTRIC,1.5,GALLE,BRAND NEW,4,ELO-07,Unknown
MOTOR CYCLE,HUAIHAI,HUAIHAI,CHINA,ELECTRIC,2.0,ANURADHAPURA,BRAND NEW,2,,HUAIHAI
LORRY TRAILER/BOWSER,TANTRI,TSK40-2,SRI LANKA,NOT STATED,0.0,GAMPAHA,BRAND NEW,1,TSK40-2,Unknown
MOTOR CYCLE,QUANLE,ZS,CHINA,ELECTRIC,1.2,TRINCOMALEE,BRAND NEW,2,,ZS
MOTOR CYCLE,YADEA,E8S PRO,CHINA,ELECTRIC,2.0,HAMBANTOTA,BRAND NEW,2,,E8S PRO
MOTOR CYCLE,LIMA,ELO-07,CHINA,ELECTRIC,1.5,COLOMBO,BRAND NEW,1,ELO-07,Unknown
MOTOR LORRY (COMMERCIAL),ISUZU,FSR34SU-LCN,JAPAN,DIESEL,7790.0,COLOMBO,BRAND NEW,1,,FSR34SU-LCN
MOTOR CYCLE,YADEA,T5,CHINA,ELECTRIC,1.2,VAVUNIYA,BRAND NEW,1,,T5
MOTOR CYCLE,VMOTO,CPX,CHINA,ELECTRIC,4.3,COLOMBO,BRAND NEW,1,,CPX
LAND VEHICLE,MAHINDRA,YUVO TECH PLUS 575DI,INDIA,DIESEL,2979.0,VAVUNIYA,BRAND NEW,1,,YUVO TECH PLUS 575DI
MOTOR CYCLE,TVS,NTORQ 125,SRI LANKA,PETROL,124.79,KANDY,BRAND NEW-L/ASSEMBLE,128,,NTORQ 125
MOTOR CYCLE,TVS,NTORQ 125,SRI LANKA,PETROL,124.79,ANURADHAPURA,BRAND NEW-L/ASSEMBLE,174,,NTORQ 125
MOTOR CYCLE,TVS,TVS XL 100,SRI LANKA,PETROL,99.7,POLONNARUWA,BRAND NEW-L/ASSEMBLE,34,,TVS XL 100
CAR,BAIC,X55II HONOR,SRI LANKA,PETROL,1498.0,COLOMBO,BRAND NEW-L/ASSEMBLE,1,,X55II HONOR
MOTOR CYCLE,TVS,NTORQ 125,SRI LANKA,PETROL,124.79,JAFFNA,BRAND NEW-L/ASSEMBLE,171,,NTORQ 125
MOTOR CYCLE,TVS,TVS RAIDER 125,SRI LANKA,PETROL,124.79,GALLE,BRAND NEW-L/ASSEMBLE,23,,TVS RAIDER 125
MOTOR CYCLE,TVS,NTORQ 125,SRI LANKA,PETROL,124.79,AMPARA,BRAND NEW-L/ASSEMBLE,41,,NTORQ 125
MOTOR CYCLE,TVS,TVS XL 100,SRI LANKA,PETROL,99.7,GAMPAHA,BRAND NEW-L/ASSEMBLE,15,,TVS XL 100
MOTOR CYCLE,BAJAJ,DISCOVER 125,SRI LANKA,PETROL,124.5,KEGALLE,BRAND NEW-L/ASSEMBLE,25,,DISCOVER 125
MOTOR CYCLE,BAJAJ,DISCOVER 125,SRI LANKA,PETROL,124.5,TRINCOMALEE,BRAND NEW-L/ASSEMBLE,19,,DISCOVER 125
MOTOR CYCLE,NWOW,SE,SRI LANKA,ELECTRIC,0.8,COLOMBO,BRAND NEW-L/ASSEMBLE,2,,SE
MOTOR CYCLE,BAJAJ,PULSAR N160,SRI LANKA,PETROL,164.82,KANDY,BRAND NEW-L/ASSEMBLE,30,,PULSAR N160
MOTOR CYCLE,BAJAJ,PULSAR N160,SRI LANKA,PETROL,164.82,RATNAPURA,BRAND NEW-L/ASSEMBLE,11,,PULSAR N160
MOTOR CYCLE,BAJAJ,PULSAR N160,SRI LANKA,PETROL,164.82,MATALE,BRAND NEW-L/ASSEMBLE,13,,PULSAR N160
MOTOR CYCLE,LENCAR,ERC80,SRI LANKA,ELECTRIC,1.2,GAMPAHA,BRAND NEW-L/ASSEMBLE,2,,ERC80
MOTOR CYCLE,TVS,TVS RAIDER 125,SRI LANKA,PETROL,124.79,JAFFNA,BRAND NEW-L/ASSEMBLE,17,,TVS RAIDER 125
SINGLE CAB,TATA,YODHA LIGHT TRUCK,SRI LANKA,DIESEL,2956.0,KURUNEGALA,BRAND NEW-L/ASSEMBLE,1,,YODHA LIGHT TRUCK
MOTOR CYCLE,TVS,TVS XL 100,SRI LANKA,PETROL,99.7,PUTTALAM,BRAND NEW-L/ASSEMBLE,11,,TVS XL 100
MOTOR CYCLE,BAJAJ,PULSAR N160,SRI LANKA,PETROL,164.82,VAVUNIYA,BRAND NEW-L/ASSEMBLE,4,,PULSAR N160
MOTOR CYCLE,BAJAJ,PULSAR N160,SRI LANKA,PETROL,164.82,KILINOCHCHI,BRAND NEW-L/ASSEMBLE,4,,PULSAR N160
MOTOR CYCLE,RANOMOTO,MOPED SUPER,SRI LANKA,PETROL,49.0,PUTTALAM,BRAND NEW-L/ASSEMBLE,2,,MOPED SUPER
MOTOR CYCLE,RANOMOTO,MOPED SUPER,SRI LANKA,PETROL,49.0,MONERAGALA,BRAND NEW-L/ASSEMBLE,1,,MOPED SUPER
MOTOR CYCLE,BAJAJ,CT 100 ES,SRI LANKA,PETROL,102.0,invalid ampara,BRAND NEW-L/ASSEMBLE,1,,CT 100 ES
MOTOR LORRY (COMMERCIAL),LANKA ASHOK LEYLAND,TUSKER SUPER 1618,SRI LANKA,DIESEL,5759.0,KALUTARA,BRAND NEW-L/ASSEMBLE,2,,TUSKER SUPER 1618
MOTOR LORRY (COMMERCIAL),JAC,HFC1027E4,SRI LANKA,DIESEL,2746.0,HAMBANTOTA,BRAND NEW-L/ASSEMBLE,1,,HFC1027E4
CAR,PROTON,SAGA,SRI LANKA,PETROL,1299.0,KANDY,BRAND NEW-L/ASSEMBLE,1,,SAGA
LAND VEHICLE,MAHINDRA,YUVO TECH PLUS 575DI,INDIA,DIESEL,2979.0,JAFFNA,BRAND NEW,3,,YUVO TECH PLUS 575DI
MOTOR CYCLE,QUANLE,G18,CHINA,ELECTRIC,2.0,PUTTALAM,BRAND NEW,1,,G18
MOTOR CYCLE,NWOW,GB2,CHINA,ELECTRIC,0.4,GAMPAHA,BRAND NEW,1,,GB2
LAND VEHICLE (SMALL),VIKYNO,RV125-2,VIETNAM,DIESEL,624.0,POLONNARUWA,BRAND NEW,1,RV125-2,Unknown
PRIMER MOVER,LANKA ASHOK LEYLAND,U4019,INDIA,DIESEL,5759.0,COLOMBO,BRAND NEW,1,,U4019
LAND VEHICLE,MAHINDRA,YUVO TECH PLUS 575DI,INDIA,DIESEL,2979.0,KILINOCHCHI,BRAND NEW,1,,YUVO TECH PLUS 575DI
LAND VEHICLE,MAHINDRA,YUVO TECH PLUS 575DI,INDIA,DIESEL,2979.0,ANURADHAPURA,BRAND NEW,3,,YUVO TECH PLUS 575DI
LAND VEHICLE,MAHINDRA,YUVO TECH PLUS 585DI,INDIA,DIESEL,2979.0,JAFFNA,BRAND NEW,1,,YUVO TECH PLUS 585DI
MOTOR CYCLE,TVS,TVS RAIDER 125,SRI LANKA,PETROL,124.79,KALUTARA,BRAND NEW-L/ASSEMBLE,32,,TVS RAIDER 125
MOTOR CYCLE,TVS,TVS XL 100,SRI LANKA,PETROL,99.7,ANURADHAPURA,BRAND NEW-L/ASSEMBLE,129,,TVS XL 100
MOTOR CYCLE,TVS,NTORQ 125,SRI LANKA,PETROL,124.79,MATALE,BRAND NEW-L/ASSEMBLE,34,,NTORQ 125
MOTOR CYCLE,TVS,NTORQ 125,SRI LANKA,PETROL,124.79,BATTICALOA,BRAND NEW-L/ASSEMBLE,76,,NTORQ 125
MOTOR CYCLE,TVS,TVS XL 100,SRI LANKA,PETROL,99.7,COLOMBO,BRAND NEW-L/ASSEMBLE,9,,TVS XL 100
MOTOR CYCLE,TVS,NTORQ 125,SRI LANKA,PETROL,124.79,BADULLA,BRAND NEW-L/ASSEMBLE,28,,NTORQ 125
MOTOR CYCLE,TVS,TVS XL 100,SRI LANKA,PETROL,99.7,VAVUNIYA,BRAND NEW-L/ASSEMBLE,7,,TVS XL 100
MOTOR CYCLE,TVS,TVS RAIDER 125,SRI LANKA,PETROL,124.79,ANURADHAPURA,BRAND NEW-L/ASSEMBLE,32,,TVS RAIDER 125
MOTOR CYCLE,TVS,TVS RAIDER 125,SRI LANKA,PETROL,124.79,TRINCOMALEE,BRAND NEW-L/ASSEMBLE,12,,TVS RAIDER 125
MOTOR CYCLE,BAJAJ,CT 100 ES,SRI LANKA,PETROL,102.0,NUWARA-ELIYA,BRAND NEW-L/ASSEMBLE,35,,CT 100 ES
MOTOR CYCLE,BAJAJ,DISCOVER 125,SRI LANKA,PETROL,124.5,BADULLA,BRAND NEW-L/ASSEMBLE,24,,DISCOVER 125
MOTOR CYCLE,RANOMOTO,PATTAYA DOUBLE POWER,SRI LANKA,PETROL,48.0,KALUTARA,BRAND NEW-L/ASSEMBLE,7,,PATTAYA DOUBLE POWER
MOTOR LORRY (COMMERCIAL),LANKA ASHOK LEYLAND,E COMET 1212,SRI LANKA,DIESEL,3839.0,ANURADHAPURA,BRAND NEW-L/ASSEMBLE,1,,E COMET 1212
MOTOR CYCLE,SENARO,GN125,SRI LANKA,PETROL,125.0,VAVUNIYA,BRAND NEW-L/ASSEMBLE,7,,GN125
SINGLE CAB,TATA,YODHA LIGHT TRUCK,SRI LANKA,DIESEL,2956.0,COLOMBO,BRAND NEW-L/ASSEMBLE,4,,YODHA LIGHT TRUCK
MOTOR LORRY (COMMERCIAL),LANKA ASHOK LEYLAND,TUSKER SUPER 1618,SRI LANKA,DIESEL,5759.0,HAMBANTOTA,BRAND NEW-L/ASSEMBLE,1,,TUSKER SUPER 1618
SINGLE CAB,MAHINDRA,BOLERO CITY PICKUP,SRI LANKA,DIESEL,2523.0,PUTTALAM,BRAND NEW-L/ASSEMBLE,3,,BOLERO CITY PICKUP
MOTOR CYCLE,BAJAJ,PULSAR N160,SRI LANKA,PETROL,164.82,COLOMBO,BRAND NEW-L/ASSEMBLE,103,,PULSAR N160
MOTOR CYCLE,RISE,LEADER,SRI LANKA,ELECTRIC,2.0,PUTTALAM,BRAND NEW-L/ASSEMBLE,1,,LEADER
MOTOR CYCLE,BAJAJ,PULSAR N160,SRI LANKA,PETROL,164.82,GALLE,BRAND NEW-L/ASSEMBLE,74,,PULSAR N160
MOTOR CYCLE,BAJAJ,DISCOVER 125,SRI LANKA,PETROL,124.5,VAVUNIYA,BRAND NEW-L/ASSEMBLE,11,,DISCOVER 125
MOTOR LORRY (COMMERCIAL),LANKA ASHOK LEYLAND,TAURUS 2518,SRI LANKA,DIESEL,5759.0,COLOMBO,BRAND NEW-L/ASSEMBLE,6,,TAURUS 2518
MOTOR CYCLE,TVS,NTORQ 125,SRI LANKA,PETROL,102.0,COLOMBO,BRAND NEW-L/ASSEMBLE,1,,NTORQ 125
MOTOR CYCLE,BAJAJ,PULSAR N160,SRI LANKA,PETROL,164.82,TRINCOMALEE,BRAND NEW-L/ASSEMBLE,23,,PULSAR N160
MOTOR LORRY (COMMERCIAL),LANKA ASHOK LEYLAND,TUSKER SUPER 1618,SRI LANKA,DIESEL,5759.0,NUWARA-ELIYA,BRAND NEW-L/ASSEMBLE,1,,TUSKER SUPER 1618
MOTOR CYCLE,SENARO,GN125,SRI LANKA,PETROL,125.0,HAMBANTOTA,BRAND NEW-L/ASSEMBLE,1,,GN125
MOTOR CYCLE,BAJAJ,DISCOVER 125,SRI LANKA,PETROL,124.45,RATNAPURA,BRAND NEW-L/ASSEMBLE,1,,DISCOVER 125
MOTOR CYCLE,OYFLY,TDM-LTW,CHINA,ELECTRIC,2.0,HAMBANTOTA,BRAND NEW,2,TDM-LTW,Unknown
MOTOR CYCLE,YADEA,T 9,CHINA,ELECTRIC,2.0,KANDY,BRAND NEW,1,,T 9
SPECIAL PURPOSE VEHICLE,TOYOTA,FDZN25,CHINA,DIESEL,2486.0,ANURADHAPURA,BRAND NEW,1,,FDZN25
LAND VEHICLE (SMALL),SIFANG,GN12DI,CHINA,DIESEL,815.0,ANURADHAPURA,BRAND NEW,1,,GN12DI
LAND VEHICLE,TAFE,45DI,INDIA,DIESEL,2700.0,MONERAGALA,BRAND NEW,1,,45DI
MOTOR CYCLE,LUYUAN,MYT,CHINA,ELECTRIC,0.8,POLONNARUWA,BRAND NEW,1,,MYT
MOTOR CYCLE,QUANLE,ZL,CHINA,ELECTRIC,2.0,KEGALLE,BRAND NEW,1,,ZL
LAND VEHICLE (SMALL),FARM MASTER,RV125-2,CHINA,DIESEL,624.0,PUTTALAM,BRAND NEW,1,RV125-2,Unknown
MOTOR CYCLE,OYFLY,TDM-LTW,CHINA,ELECTRIC,2.0,GAMPAHA,BRAND NEW,3,TDM-LTW,Unknown
MOTOR CYCLE,SOLID,G6,CHINA,ELECTRIC,1.5,KURUNEGALA,BRAND NEW,1,,G6
MOTOR CYCLE,QUANLE,G18,CHINA,ELECTRIC,2.0,AMPARA,BRAND NEW,1,,G18
SPECIAL PURPOSE VEHICLE,SANY,SRC300T,CHINA,DIESEL,6700.0,COLOMBO,BRAND NEW,1,,SRC300T
MOTOR CYCLE,LUYUAN,MYT,CHINA,ELECTRIC,0.8,AMPARA,BRAND NEW,1,,MYT
LAND VEHICLE (SMALL),SIFANG,GN12DI,CHINA,DIESEL,815.0,MONERAGALA,BRAND NEW,1,,GN12DI
LAND VEHICLE,JOHN DEERE,5045D,INDIA,DIESEL,2940.0,VAVUNIYA,BRAND NEW,1,,5045D
MOTOR CYCLE,TVS,XL SUPER 70,INDIA,PETROL,69.9,HAMBANTOTA,BRAND NEW,1,,XL SUPER 70
MOTOR CYCLE,RAPTOR,MAX,INDIA,ELECTRIC,1.0,COLOMBO,BRAND NEW,1,,MAX
MOTOR CYCLE,TVS,NTORQ 125,SRI LANKA,PETROL,124.79,GALLE,BRAND NEW-L/ASSEMBLE,235,,NTORQ 125
MOTOR CYCLE,TVS,TVS XL 100,SRI LANKA,PETROL,99.7,KURUNEGALA,BRAND NEW-L/ASSEMBLE,59,,TVS XL 100
MOTOR CYCLE,TVS,NTORQ 125,SRI LANKA,PETROL,124.79,MONERAGALA,BRAND NEW-L/ASSEMBLE,21,,NTORQ 125
MOTOR CYCLE,TVS,NTORQ 125,SRI LANKA,PETROL,124.79,RATNAPURA,BRAND NEW-L/ASSEMBLE,84,,NTORQ 125
MOTOR CYCLE,TVS,NTORQ 125,SRI LANKA,PETROL,124.79,KURUNEGALA,BRAND NEW-L/ASSEMBLE,152,,NTORQ 125
MOTOR CYCLE,TVS,NTORQ 125,SRI LANKA,PETROL,124.79,MANNAR,BRAND NEW-L/ASSEMBLE,18,,NTORQ 125
MOTOR CYCLE,TVS,TVS RAIDER 125,SRI LANKA,PETROL,124.79,PUTTALAM,BRAND NEW-L/ASSEMBLE,30,,TVS RAIDER 125
MOTOR CYCLE,TVS,NTORQ 125,SRI LANKA,PETROL,124.8,COLOMBO,BRAND NEW-L/ASSEMBLE,2,,NTORQ 125
MOTOR CYCLE,SENARO,GN125,SRI LANKA,PETROL,125.0,COLOMBO,BRAND NEW-L/ASSEMBLE,30,,GN125
MOTOR CYCLE,SENARO,GN125,SRI LANKA,PETROL,125.0,RATNAPURA,BRAND NEW-L/ASSEMBLE,30,,GN125
MOTOR CYCLE,BAJAJ,DISCOVER 125,SRI LANKA,PETROL,124.5,PUTTALAM,BRAND NEW-L/ASSEMBLE,54,,DISCOVER 125
MOTOR CYCLE,BAJAJ,CT 100 ES,SRI LANKA,PETROL,102.0,POLONNARUWA,BRAND NEW-L/ASSEMBLE,128,,CT 100 ES
MOTOR CYCLE,RANOMOTO,GN 125,SRI LANKA,PETROL,118.0,HAMBANTOTA,BRAND NEW-L/ASSEMBLE,1,,GN 125
MOTOR CYCLE,BAJAJ,CT 100 ES,SRI LANKA,PETROL,102.0,MULLATIVU,BRAND NEW-L/ASSEMBLE,35,,CT 100 ES
MOTOR CYCLE,BAJAJ,CT 100 ES,SRI LANKA,PETROL,102.0,JAFFNA,BRAND NEW-L/ASSEMBLE,52,,CT 100 ES
MOTOR CYCLE,SENARO,GN125,SRI LANKA,PETROL,125.0,KANDY,BRAND NEW-L/ASSEMBLE,12,,GN125
MOTOR CYCLE,SENARO,GN125,SRI LANKA,PETROL,125.0,BATTICALOA,BRAND NEW-L/ASSEMBLE,23,,GN125
SINGLE CAB,TATA,YODHA LIGHT TRUCK,SRI LANKA,DIESEL,2956.0,KALUTARA,BRAND NEW-L/ASSEMBLE,1,,YODHA LIGHT TRUCK
MOTOR LORRY (COMMERCIAL),LANKA ASHOK LEYLAND,TAURUS 2518,SRI LANKA,DIESEL,5759.0,KURUNEGALA,BRAND NEW-L/ASSEMBLE,2,,TAURUS 2518
MOTOR CYCLE,BAJAJ,DISCOVER 125,SRI LANKA,PETROL,124.5,MULLATIVU,BRAND NEW-L/ASSEMBLE,10,,DISCOVER 125
SINGLE CAB,TATA,YODHA LIGHT TRUCK,SRI LANKA,DIESEL,2956.0,GAMPAHA,BRAND NEW-L/ASSEMBLE,2,,YODHA LIGHT TRUCK
SINGLE CAB,LANKA ASHOK LEYLAND,DOST,SRI LANKA,DIESEL,1478.0,COLOMBO,BRAND NEW-L/ASSEMBLE,4,,DOST
MOTOR CYCLE,TVS,TVS RAIDER 125,SRI LANKA,PETROL,124.79,MATALE,BRAND NEW-L/ASSEMBLE,10,,TVS RAIDER 125
CAR,MAHINDRA,KUV100 NXT AMT,SRI LANKA,DIESEL,1198.0,KANDY,BRAND NEW-L/ASSEMBLE,2,,KUV100 NXT AMT
MOTOR CYCLE,RISE,LEADER,SRI LANKA,ELECTRIC,2.0,GALLE,BRAND NEW-L/ASSEMBLE,1,,LEADER
MOTOR LORRY (COMMERCIAL),LANKA ASHOK LEYLAND,TAURUS 2518,SRI LANKA,DIESEL,5759.0,VAVUNIYA,BRAND NEW-L/ASSEMBLE,2,,TAURUS 2518
MOTOR CYCLE,BAJAJ,PULSAR N160,SRI LANKA,PETROL,164.82,NUWARA-ELIYA,BRAND NEW-L/ASSEMBLE,4,,PULSAR N160
MOTOR LORRY (COMMERCIAL),LANKA ASHOK LEYLAND,E COMET 1012,SRI LANKA,DIESEL,3839.0,PUTTALAM,BRAND NEW-L/ASSEMBLE,1,,E COMET 1012
LAND VEHICLE,TAFE,45DI,INDIA,DIESEL,2700.0,PUTTALAM,BRAND NEW,1,,45DI
LAND VEHICLE,TAFE,45DI,INDIA,DIESEL,2500.0,MONERAGALA,BRAND NEW,3,,45DI
LAND VEHICLE (SMALL),FARM MASTER,RV125-2,CHINA,DIESEL,624.0,ANURADHAPURA,BRAND NEW,2,RV125-2,Unknown
MOTOR CYCLE,LUYUAN,MNK3,CHINA,ELECTRIC,1.5,KURUNEGALA,BRAND NEW,1,,MNK3
CAR,AUDI,E-TRON 50,GERMANY,ELECTRIC,230.0,BADULLA,BRAND NEW,1,,E-TRON 50
LAND VEHICLE,TAFE,45DI,INDIA,DIESEL,2500.0,VAVUNIYA,BRAND NEW,1,,45DI
LAND VEHICLE,TAFE,45DI,INDIA,DIESEL,2500.0,RATNAPURA,BRAND NEW,1,,45DI
LAND VEHICLE,TAFE,45DI,INDIA,DIESEL,2500.0,MULLATIVU,BRAND NEW,2,,45DI
LAND VEHICLE,TAFE,7250 DI,INDIA,DIESEL,2500.0,ANURADHAPURA,BRAND NEW,1,,7250 DI
MOTOR CYCLE,QUANLE,XGW,CHINA,ELECTRIC,1.2,MATARA,BRAND NEW,1,,XGW
MOTOR CYCLE,SUPER SOCO,TS STREET HUNTER,CHINA,ELECTRIC,2.5,GAMPAHA,BRAND NEW,2,,TS STREET HUNTER
LAND VEHICLE,SONALIKA,DI-50RX-2WD,INDIA,DIESEL,2893.0,MONERAGALA,BRAND NEW,2,DI-50RX-2WD,Unknown
LAND VEHICLE,MAHINDRA,575DI XP PLUS,INDIA,DIESEL,2979.0,BATTICALOA,BRAND NEW,1,,575DI XP PLUS
COMMERCIAL,TOYOTA,COASTER,JAPAN,DIESEL,4009.0,COLOMBO,BRAND NEW,1,,COASTER
MOTOR CYCLE,TVS,NTORQ 125,SRI LANKA,PETROL,124.79,PUTTALAM,BRAND NEW-L/ASSEMBLE,153,,NTORQ 125
MOTOR CYCLE,TVS,NTORQ 125,SRI LANKA,PETROL,124.79,VAVUNIYA,BRAND NEW-L/ASSEMBLE,31,,NTORQ 125
MOTOR CYCLE,TVS,TVS RAIDER 125,SRI LANKA,PETROL,124.79,BATTICALOA,BRAND NEW-L/ASSEMBLE,33,,TVS RAIDER 125
MOTOR LORRY (COMMERCIAL),LANKA ASHOK LEYLAND,TUSKER SUPER 1618,SRI LANKA,DIESEL,5759.0,JAFFNA,BRAND NEW-L/ASSEMBLE,1,,TUSKER SUPER 1618
MOTOR CYCLE,TVS,TVS XL 100,SRI LANKA,PETROL,99.7,KEGALLE,BRAND NEW-L/ASSEMBLE,4,,TVS XL 100
MOTOR CYCLE,BAJAJ,DISCOVER 125,SRI LANKA,PETROL,124.5,GAMPAHA,BRAND NEW-L/ASSEMBLE,100,,DISCOVER 125
MOTOR CYCLE,BAJAJ,CT 100 ES,SRI LANKA,PETROL,102.0,BADULLA,BRAND NEW-L/ASSEMBLE,61,,CT 100 ES
MOTOR CYCLE,BAJAJ,CT 100 ES,SRI LANKA,PETROL,102.0,HAMBANTOTA,BRAND NEW-L/ASSEMBLE,105,,CT 100 ES
MOTOR CYCLE,BAJAJ,DISCOVER 125,SRI LANKA,PETROL,124.5,AMPARA,BRAND NEW-L/ASSEMBLE,23,,DISCOVER 125
MOTOR LORRY (COMMERCIAL),JAC,HFC1027E4,SRI LANKA,DIESEL,2746.0,MATARA,BRAND NEW-L/ASSEMBLE,1,,HFC1027E4
MOTOR LORRY (COMMERCIAL),LANKA ASHOK LEYLAND,TUSKER SUPER 1618,SRI LANKA,DIESEL,5759.0,KURUNEGALA,BRAND NEW-L/ASSEMBLE,1,,TUSKER SUPER 1618
MOTOR CYCLE,TVS,TVS XL 100,SRI LANKA,PETROL,99.7,MANNAR,BRAND NEW-L/ASSEMBLE,2,,TVS XL 100
MOTOR CYCLE,TVS,TVS RAIDER 125,SRI LANKA,PETROL,124.79,NUWARA-ELIYA,BRAND NEW-L/ASSEMBLE,7,,TVS RAIDER 125
MOTOR CYCLE,DYNO,SCOOBY 125  EFI,SRI LANKA,PETROL,124.6,ANURADHAPURA,BRAND NEW-L/ASSEMBLE,2,,SCOOBY 125  EFI
MOTOR CYCLE,TVS,TVS RAIDER 125,SRI LANKA,PETROL,124.76,ANURADHAPURA,BRAND NEW-L/ASSEMBLE,1,,TVS RAIDER 125
MOTOR CYCLE,RANOMOTO,MOPED SUPER,SRI LANKA,PETROL,49.0,KILINOCHCHI,BRAND NEW-L/ASSEMBLE,2,,MOPED SUPER
SINGLE CAB,TATA,YODHA LIGHT TRUCK,SRI LANKA,DIESEL,2956.0,JAFFNA,BRAND NEW-L/ASSEMBLE,1,,YODHA LIGHT TRUCK
CAR,ELME,VOLT CITY EV,SRI LANKA,ELECTRIC,34.0,COLOMBO,BRAND NEW-L/ASSEMBLE,1,,VOLT CITY EV
MOTOR CYCLE,RANOMOTO,C 50 CUSTOM,SRI LANKA,PETROL,49.0,KURUNEGALA,BRAND NEW-L/ASSEMBLE,1,,C 50 CUSTOM
MOTOR CYCLE,YADEA,EZEEGO,CHINA,ELECTRIC,1.2,KURUNEGALA,BRAND NEW,3,,EZEEGO
MOTOR CYCLE,JIALING,JL90-A,CHINA,PETROL,90.0,PUTTALAM,BRAND NEW,1,JL90-A,Unknown
MOTOR CYCLE,YADEA,E8S PRO,CHINA,ELECTRIC,2.0,RATNAPURA,BRAND NEW,1,,E8S PRO
MOTOR CYCLE,QUANLE,Q1,CHINA,ELECTRIC,1.2,ANURADHAPURA,BRAND NEW,1,,Q1
LAND VEHICLE (SMALL),FARM MASTER,RV125-2,CHINA,DIESEL,624.0,KURUNEGALA,BRAND NEW,2,RV125-2,Unknown
LAND VEHICLE (SMALL),FARM MASTER,RV125-2,CHINA,DIESEL,624.0,POLONNARUWA,BRAND NEW,1,RV125-2,Unknown
MOTOR CYCLE,YADEA,E8S PRO,CHINA,ELECTRIC,2.0,MATARA,BRAND NEW,2,,E8S PRO
SPECIAL PURPOSE VEHICLE,MAHINDRA,EARTH MASTER VX 90,INDIA,DIESEL,3532.0,GAMPAHA,BRAND NEW,1,,EARTH MASTER VX 90
MOTOR CYCLE,YADEA,T 9,CHINA,ELECTRIC,2.0,COLOMBO,BRAND NEW,2,,T 9
LAND VEHICLE,JOHN DEERE,5047D,INDIA,DIESEL,2940.0,VAVUNIYA,BRAND NEW,2,,5047D
LAND VEHICLE,JOHN DEERE,5047D,INDIA,DIESEL,2940.0,KILINOCHCHI,BRAND NEW,2,,5047D
MOTOR CYCLE,RAPTOR,MAX,INDIA,ELECTRIC,1.0,POLONNARUWA,BRAND NEW,2,,MAX
LAND VEHICLE,MAHINDRA,YUVO TECH PLUS 585DI,INDIA,DIESEL,2979.0,KALUTARA,BRAND NEW,1,,YUVO TECH PLUS 585DI
LAND VEHICLE,YANMAR,YM357A,THAILAND,DIESEL,3054.0,PUTTALAM,BRAND NEW,1,,YM357A
MOTOR CYCLE,TVS,TVS RAIDER 125,SRI LANKA,PETROL,124.79,KURUNEGALA,BRAND NEW-L/ASSEMBLE,41,,TVS RAIDER 125
MOTOR CYCLE,SENARO,GN125,SRI LANKA,PETROL,125.0,ANURADHAPURA,BRAND NEW-L/ASSEMBLE,18,,GN125
MOTOR CYCLE,SENARO,GN125,SRI LANKA,PETROL,125.0,POLONNARUWA,BRAND NEW-L/ASSEMBLE,16,,GN125
MOTOR CYCLE,BAJAJ,CT 100 ES,SRI LANKA,PETROL,102.0,GAMPAHA,BRAND NEW-L/ASSEMBLE,326,,CT 100 ES
MOTOR CYCLE,BAJAJ,CT 100 ES,SRI LANKA,PETROL,102.0,KEGALLE,BRAND NEW-L/ASSEMBLE,96,,CT 100 ES
MOTOR CYCLE,BAJAJ,CT 100 ES,SRI LANKA,PETROL,102.0,MATARA,BRAND NEW-L/ASSEMBLE,107,,CT 100 ES
MOTOR CYCLE,BAJAJ,CT 100 ES,SRI LANKA,PETROL,102.0,KALUTARA,BRAND NEW-L/ASSEMBLE,216,,CT 100 ES
MOTOR CYCLE,BAJAJ,DISCOVER 125,SRI LANKA,PETROL,124.5,KANDY,BRAND NEW-L/ASSEMBLE,30,,DISCOVER 125
MOTOR CYCLE,BAJAJ,DISCOVER 125,SRI LANKA,PETROL,124.5,BATTICALOA,BRAND NEW-L/ASSEMBLE,24,,DISCOVER 125
MOTOR LORRY (COMMERCIAL),LANKA ASHOK LEYLAND,TUSKER SUPER 1618,SRI LANKA,DIESEL,5759.0,MATARA,BRAND NEW-L/ASSEMBLE,2,,TUSKER SUPER 1618
MOTOR CYCLE,TVS,NTORQ 125,SRI LANKA,PETROL,124.79,POLONNARUWA,BRAND NEW-L/ASSEMBLE,29,,NTORQ 125
MOTOR CYCLE,SENARO,GN125,SRI LANKA,PETROL,125.0,KURUNEGALA,BRAND NEW-L/ASSEMBLE,22,,GN125
SINGLE CAB,LANKA ASHOK LEYLAND,DOST LS,SRI LANKA,DIESEL,1478.0,COLOMBO,BRAND NEW-L/ASSEMBLE,1,,DOST LS
MOTOR CYCLE,RANOMOTO,PATTAYA DOUBLE POWER,SRI LANKA,PETROL,48.0,GAMPAHA,BRAND NEW-L/ASSEMBLE,19,,PATTAYA DOUBLE POWER
MOTOR CYCLE,RANOMOTO,DREAM125,SRI LANKA,PETROL,125.0,GAMPAHA,BRAND NEW-L/ASSEMBLE,2,,DREAM125
MOTOR CYCLE,BAJAJ,DISCOVER 125,SRI LANKA,PETROL,124.5,MANNAR,BRAND NEW-L/ASSEMBLE,8,,DISCOVER 125
MOTOR CYCLE,BAJAJ,PULSAR N160,SRI LANKA,PETROL,164.82,MANNAR,BRAND NEW-L/ASSEMBLE,1,,PULSAR N160
MOTOR CYCLE,RANOMOTO,MOPED SUPER,SRI LANKA,PETROL,49.0,AMPARA,BRAND NEW-L/ASSEMBLE,2,,MOPED SUPER
MOTOR CYCLE,RANOMOTO,MOPED SUPER,SRI LANKA,PETROL,49.0,KURUNEGALA,BRAND NEW-L/ASSEMBLE,2,,MOPED SUPER
MOTOR CYCLE,LUYUAN,MYT,CHINA,PETROL,124.5,GAMPAHA,BRAND NEW-L/ASSEMBLE,1,,MYT
MOTOR CYCLE,TVS,TVS RAIDER 125,SRI LANKA,PETROL,124.76,JAFFNA,BRAND NEW-L/ASSEMBLE,1,,TVS RAIDER 125
MOTOR CYCLE,DYNO,SCOOBY 125  EFI,SRI LANKA,PETROL,124.6,KANDY,BRAND NEW-L/ASSEMBLE,1,,SCOOBY 125  EFI
MOTOR CYCLE,DYNO,SCOOBY 125  EFI,SRI LANKA,PETROL,124.6,MATALE,BRAND NEW-L/ASSEMBLE,1,,SCOOBY 125  EFI
MOTOR LORRY (COMMERCIAL),JAC,HFC1027E4,SRI LANKA,DIESEL,2746.0,COLOMBO,BRAND NEW-L/ASSEMBLE,1,,HFC1027E4
MOTOR CYCLE,RANOMOTO,PATTAYA DOUBLE POWER,SRI LANKA,PETROL,48.0,COLOMBO,BRAND NEW-L/ASSEMBLE,2,,PATTAYA DOUBLE POWER
MOTOR CYCLE,SENARO,CLICK 150,SRI LANKA,PETROL,150.0,COLOMBO,BRAND NEW-L/ASSEMBLE,1,,CLICK 150
MOTOR CYCLE,LENCAR,ERC80,SRI LANKA,ELECTRIC,1.2,HAMBANTOTA,BRAND NEW-L/ASSEMBLE,1,,ERC80
MOTOR CYCLE,SOLID,CHALLENGER,CHINA,ELECTRIC,1.5,PUTTALAM,BRAND NEW,1,,CHALLENGER
LAND VEHICLE,MAHINDRA,YUVO TECH PLUS 585DI,INDIA,DIESEL,2979.0,ANURADHAPURA,BRAND NEW,2,,YUVO TECH PLUS 585DI
MOTOR CYCLE,SUPER SOCO,CPX,CHINA,ELECTRIC,4.0,KANDY,BRAND NEW,1,,CPX
MOTOR CYCLE,YADEA,T 9,CHINA,ELECTRIC,2.0,KALUTARA,BRAND NEW,3,,T 9
MOTOR CYCLE,QUANLE,Q1,CHINA,ELECTRIC,1.2,COLOMBO,BRAND NEW,2,,Q1
LAND VEHICLE,JOHN DEERE,5047D,INDIA,DIESEL,2940.0,KURUNEGALA,BRAND NEW,2,,5047D
CAR,AUDI,E-TRON-50,GERMANY,ELECTRIC,230.0,COLOMBO,BRAND NEW,1,,E-TRON-50
MOTOR CYCLE,YADEA,EPOC H,CHINA,ELECTRIC,2.0,KURUNEGALA,BRAND NEW,1,,EPOC H
MOTOR CYCLE,YADEA,T 9,CHINA,ELECTRIC,2.0,POLONNARUWA,BRAND NEW,1,,T 9
MOTOR CYCLE,YADEA,EPOC H,CHINA,ELECTRIC,2.0,KANDY,BRAND NEW,1,,EPOC H
MOTOR CYCLE,TAILG,RED RABBIT,CHINA,ELECTRIC,1.2,MONERAGALA,BRAND NEW,1,,RED RABBIT
MOTOR CYCLE,QUANLE,ZL,CHINA,ELECTRIC,2.0,TRINCOMALEE,BRAND NEW,1,,ZL
MOTOR CYCLE,LUYUAN ALFA,MKK-Z23E-12-C,CHINA,ELECTRIC,1.2,MONERAGALA,BRAND NEW,1,MKK-Z23E-12-C,Unknown
SPECIAL PURPOSE VEHICLE,TOYOTA,FDZN25,CHINA,DIESEL,2486.0,COLOMBO,BRAND NEW,2,,FDZN25
LAND VEHICLE,KUBOTA,L 4508,JAPAN,DIESEL,2197.0,PUTTALAM,BRAND NEW,1,,L 4508
LAND VEHICLE,SWARAJ,855,INDIA,DIESEL,3478.2,AMPARA,BRAND NEW,1,,855
LAND VEHICLE,MAHINDRA,YUVO TECH PLUS 575DI,INDIA,DIESEL,2979.0,TRINCOMALEE,BRAND NEW,1,,YUVO TECH PLUS 575DI
LAND VEHICLE,MAHINDRA,YUVO TECH PLUS 585DI,INDIA,DIESEL,2979.0,TRINCOMALEE,BRAND NEW,1,,YUVO TECH PLUS 585DI
LAND VEHICLE,ARBOS,P504-3,CHINA,DIESEL,2189.0,KURUNEGALA,BRAND NEW,1,P504-3,Unknown
MOTOR CYCLE,LENCAR,ERC80,SRI LANKA,ELECTRIC,1.2,KALUTARA,BRAND NEW-L/ASSEMBLE,15,,ERC80
MOTOR CYCLE,TVS,TVS RAIDER 125,SRI LANKA,PETROL,124.79,RATNAPURA,BRAND NEW-L/ASSEMBLE,15,,TVS RAIDER 125
MOTOR CYCLE,TVS,TVS XL 100,SRI LANKA,PETROL,99.7,JAFFNA,BRAND NEW-L/ASSEMBLE,20,,TVS XL 100
MOTOR CYCLE,TVS,TVS RAIDER 125,SRI LANKA,PETROL,124.79,MATARA,BRAND NEW-L/ASSEMBLE,9,,TVS RAIDER 125
MOTOR CYCLE,TVS,TVS XL 100,SRI LANKA,PETROL,99.7,MONERAGALA,BRAND NEW-L/ASSEMBLE,26,,TVS XL 100
MOTOR CYCLE,TVS,TVS RAIDER 125,SRI LANKA,PETROL,124.79,KILINOCHCHI,BRAND NEW-L/ASSEMBLE,1,,TVS RAIDER 125
MOTOR CYCLE,SENARO,GN125,SRI LANKA,PETROL,125.0,BADULLA,BRAND NEW-L/ASSEMBLE,6,,GN125
MOTOR CYCLE,BAJAJ,CT 100 ES,SRI LANKA,PETROL,102.0,GALLE,BRAND NEW-L/ASSEMBLE,352,,CT 100 ES
MOTOR CYCLE,BAJAJ,DISCOVER 125,SRI LANKA,PETROL,124.5,ANURADHAPURA,BRAND NEW-L/ASSEMBLE,37,,DISCOVER 125
MOTOR CYCLE,RANOMOTO,MOPED SUPER,SRI LANKA,PETROL,49.0,BATTICALOA,BRAND NEW-L/ASSEMBLE,4,,MOPED SUPER
MOTOR CYCLE,SENARO,GN125,SRI LANKA,PETROL,125.0,GAMPAHA,BRAND NEW-L/ASSEMBLE,42,,GN125
MOTOR CYCLE,RISE,LEADER,SRI LANKA,ELECTRIC,2.0,RATNAPURA,BRAND NEW-L/ASSEMBLE,1,,LEADER
SINGLE CAB,MAHINDRA,BOLERO CITY PICKUP,SRI LANKA,DIESEL,2523.0,COLOMBO,BRAND NEW-L/ASSEMBLE,10,,BOLERO CITY PICKUP
MOTOR CYCLE,TVS,TVS XL 100,SRI LANKA,PETROL,99.7,MULLATIVU,BRAND NEW-L/ASSEMBLE,9,,TVS XL 100
MOTOR CYCLE,DYNO,SCOOBY 125  EFI,SRI LANKA,PETROL,124.6,BADULLA,BRAND NEW-L/ASSEMBLE,1,,SCOOBY 125  EFI
MOTOR CYCLE,BAJAJ,PULSAR N160,SRI LANKA,PETROL,164.82,GAMPAHA,BRAND NEW-L/ASSEMBLE,42,,PULSAR N160
MOTOR CYCLE,BAJAJ,PULSAR N160,SRI LANKA,PETROL,164.82,MONERAGALA,BRAND NEW-L/ASSEMBLE,12,,PULSAR N160
MOTOR LORRY (COMMERCIAL),LANKA ASHOK LEYLAND,TAURUS 2518,SRI LANKA,DIESEL,5759.0,POLONNARUWA,BRAND NEW-L/ASSEMBLE,1,,TAURUS 2518
MOTOR CYCLE,BAJAJ,CT 100 ES,SRI LANKA,PETROL,102.0,VAVUNIYA,BRAND NEW-L/ASSEMBLE,27,,CT 100 ES
MOTOR CYCLE,RISE,LEADER,SRI LANKA,ELECTRIC,2.0,KURUNEGALA,BRAND NEW-L/ASSEMBLE,1,,LEADER
MOTOR CYCLE,TVS,TVS RAIDER 125,SRI LANKA,PETROL,124.79,POLONNARUWA,BRAND NEW-L/ASSEMBLE,5,,TVS RAIDER 125
MOTOR CYCLE,RANOMOTO,CROSS CUB,SRI LANKA,PETROL,107.0,ANURADHAPURA,BRAND NEW-L/ASSEMBLE,1,,CROSS CUB
MOTOR CYCLE,RANOMOTO,MOPED SUPER,SRI LANKA,PETROL,49.0,ANURADHAPURA,BRAND NEW-L/ASSEMBLE,3,,MOPED SUPER
MOTOR LORRY (COMMERCIAL),LANKA ASHOK LEYLAND,TAURUS 2518,SRI LANKA,DIESEL,5759.0,MATARA,BRAND NEW-L/ASSEMBLE,1,,TAURUS 2518
SINGLE CAB,LANKA ASHOK LEYLAND,BADA-DOST,SRI LANKA,DIESEL,1478.0,GAMPAHA,BRAND NEW-L/ASSEMBLE,1,BADA-DOST,Unknown
MOTOR CYCLE,YADEA,E8S PRO,CHINA,ELECTRIC,2.0,COLOMBO,BRAND NEW,1,,E8S PRO
MOTOR CYCLE,QUANLE,XGW,CHINA,ELECTRIC,1.2,GALLE,BRAND NEW,3,,XGW
MOTOR CYCLE,LIMA,ELO-07,CHINA,ELECTRIC,1.5,POLONNARUWA,BRAND NEW,1,ELO-07,Unknown
SPECIAL PURPOSE VEHICLE,MAHINDRA,EARTH MASTER VX90,INDIA,DIESEL,3532.0,GAMPAHA,BRAND NEW,1,,EARTH MASTER VX90
MOTOR CYCLE,YADEA,E8S PRO,CHINA,ELECTRIC,2.0,KALUTARA,BRAND NEW,1,,E8S PRO
CAR,TOYOTA,GDJ250R-GNZLY,JAPAN,DIESEL,2755.0,COLOMBO,BRAND NEW,1,,GDJ250R-GNZLY
MOTOR CYCLE,QUANLE,ZS,CHINA,ELECTRIC,1.2,POLONNARUWA,BRAND NEW,1,,ZS
LAND VEHICLE,MAHINDRA,YUVO TECH PLUS 585DI,INDIA,DIESEL,2979.0,POLONNARUWA,BRAND NEW,1,,YUVO TECH PLUS 585DI
LAND VEHICLE,MAHINDRA,YUVO TECH PLUS 585DI,INDIA,DIESEL,2979.0,AMPARA,BRAND NEW,2,,YUVO TECH PLUS 585DI
MOTOR CYCLE,TAILG,SAI BEI,CHINA,ELECTRIC,1.5,GAMPAHA,BRAND NEW,1,,SAI BEI
LAND VEHICLE,KUBOTA,L3408,JAPAN,DIESEL,1647.0,POLONNARUWA,BRAND NEW,1,,L3408
LAND VEHICLE,MAHINDRA,YUVO TECH PLUS 575DI,INDIA,DIESEL,2979.0,AMPARA,BRAND NEW,1,,YUVO TECH PLUS 575DI
MOTOR CYCLE,TVS,NTORQ 125,SRI LANKA,PETROL,124.79,KALUTARA,BRAND NEW-L/ASSEMBLE,196,,NTORQ 125
MOTOR CYCLE,TVS,NTORQ 125,SRI LANKA,PETROL,124.79,KILINOCHCHI,BRAND NEW-L/ASSEMBLE,28,,NTORQ 125
MOTOR CYCLE,TVS,TVS RAIDER 125,SRI LANKA,PETROL,124.79,MANNAR,BRAND NEW-L/ASSEMBLE,3,,TVS RAIDER 125
MOTOR CYCLE,BAJAJ,CT 100 ES,SRI LANKA,PETROL,102.0,MONERAGALA,BRAND NEW-L/ASSEMBLE,92,,CT 100 ES
MOTOR CYCLE,BAJAJ,CT 100 ES,SRI LANKA,PETROL,102.0,TRINCOMALEE,BRAND NEW-L/ASSEMBLE,125,,CT 100 ES
MOTOR CYCLE,BAJAJ,DISCOVER 125,SRI LANKA,PETROL,124.5,MONERAGALA,BRAND NEW-L/ASSEMBLE,19,,DISCOVER 125
MOTOR CYCLE,RANOMOTO,GN 125,SRI LANKA,PETROL,118.0,KEGALLE,BRAND NEW-L/ASSEMBLE,1,,GN 125
MOTOR CYCLE,RANOMOTO,C 50 CUSTOM,SRI LANKA,PETROL,49.0,GAMPAHA,BRAND NEW-L/ASSEMBLE,4,,C 50 CUSTOM
MOTOR CYCLE,BAJAJ,DISCOVER 125,SRI LANKA,PETROL,124.5,RATNAPURA,BRAND NEW-L/ASSEMBLE,30,,DISCOVER 125
MOTOR LORRY (COMMERCIAL),LANKA ASHOK LEYLAND,E COMET 1212,SRI LANKA,DIESEL,3839.0,PUTTALAM,BRAND NEW-L/ASSEMBLE,1,,E COMET 1212
MOTOR CYCLE,SENARO,GN125,SRI LANKA,PETROL,125.0,MONERAGALA,BRAND NEW-L/ASSEMBLE,8,,GN125
MOTOR CYCLE,BAJAJ,DISCOVER 125,SRI LANKA,PETROL,124.5,NUWARA-ELIYA,BRAND NEW-L/ASSEMBLE,13,,DISCOVER 125
MOTOR CYCLE,BAJAJ,DISCOVER 125,SRI LANKA,PETROL,124.5,MATARA,BRAND NEW-L/ASSEMBLE,26,,DISCOVER 125
MOTOR CYCLE,BAJAJ,PULSAR N160,SRI LANKA,PETROL,164.82,KALUTARA,BRAND NEW-L/ASSEMBLE,54,,PULSAR N160
MOTOR CYCLE,BAJAJ,CT 100 ES,SRI LANKA,PETROL,102.0,BATTICALOA,BRAND NEW-L/ASSEMBLE,49,,CT 100 ES
MOTOR CYCLE,BAJAJ,PULSAR N160,SRI LANKA,PETROL,164.82,MULLATIVU,BRAND NEW-L/ASSEMBLE,4,,PULSAR N160
MOTOR LORRY (COMMERCIAL),LANKA ASHOK LEYLAND,TUSKER SUPER 1618,SRI LANKA,DIESEL,5759.0,COLOMBO,BRAND NEW-L/ASSEMBLE,9,,TUSKER SUPER 1618
SINGLE CAB,MAHINDRA,BOLERO CITY PICKUP,SRI LANKA,DIESEL,2523.0,MATARA,BRAND NEW-L/ASSEMBLE,1,,BOLERO CITY PICKUP
SINGLE CAB,LANKA ASHOK LEYLAND,DOST,SRI LANKA,DIESEL,1478.0,GAMPAHA,BRAND NEW-L/ASSEMBLE,2,,DOST
MOTOR LORRY (COMMERCIAL),LANKA ASHOK LEYLAND,TAURUS 2518,SRI LANKA,DIESEL,5759.0,AMPARA,BRAND NEW-L/ASSEMBLE,1,,TAURUS 2518
MOTOR LORRY (COMMERCIAL),LANKA ASHOK LEYLAND,TAURUS 2518,SRI LANKA,DIESEL,5759.0,PUTTALAM,BRAND NEW-L/ASSEMBLE,2,,TAURUS 2518
MOTOR CYCLE,RANOMOTO,WAVE SCOOTER,SRI LANKA,PETROL,100.0,RATNAPURA,BRAND NEW-L/ASSEMBLE,1,,WAVE SCOOTER
MOTOR CYCLE,TVS,TVS XL 100,SRI LANKA,PETROL,99.7,BATTICALOA,BRAND NEW-L/ASSEMBLE,3,,TVS XL 100
MOTOR CYCLE,BAJAJ,PULSAR N160,SRI LANKA,PETROL,164.82,POLONNARUWA,BRAND NEW-L/ASSEMBLE,8,,PULSAR N160
MOTOR CYCLE,RANOMOTO,MOPED SUPER,SRI LANKA,PETROL,49.0,GALLE,BRAND NEW-L/ASSEMBLE,1,,MOPED SUPER
CAR,MAHINDRA,KUV100 NXT AMT,SRI LANKA,DIESEL,1198.0,COLOMBO,BRAND NEW-L/ASSEMBLE,3,,KUV100 NXT AMT
SINGLE CAB,TATA,YODHA LIGHT TRUCK,SRI LANKA,DIESEL,2956.0,GALLE,BRAND NEW-L/ASSEMBLE,1,,YODHA LIGHT TRUCK
MOTOR CYCLE,RISE,LEADER,SRI LANKA,ELECTRIC,2.0,KILINOCHCHI,BRAND NEW-L/ASSEMBLE,1,,LEADER
SINGLE CAB,LANKA ASHOK LEYLAND,BADA DOST,SRI LANKA,DIESEL,1478.0,GAMPAHA,BRAND NEW-L/ASSEMBLE,1,,BADA DOST
,,,,,,,,12669,,nan
